chr,start,end,name,class,TargetGene,TargetGeneTSS,isSelfPromoter,ABC.Score.noAux,ENCODE-rE2G.Score.noAux,ABC.Score.Aux,ENCODE-rE2G.Score.Aux,enhancer_midpoint,DistanceToTSS.Kb
chr11,64644790,64645290,genic|chr11:64644790-64645290,genic,CCND1,69641104,False,1e-06,0.0004188501837384,1e-06,0.0004505976753749,64645040,4996.064
chr11,64649335,64649835,genic|chr11:64649335-64649835,genic,CCND1,69641104,False,2e-06,0.0004435367756621,3e-06,0.0004722437977642,64649585,4991.519
chr11,64650826,64651326,genic|chr11:64650826-64651326,genic,CCND1,69641104,False,3e-06,0.000442068601734,2e-06,0.0004702232733463,64651076,4990.028
chr11,64652804,64653525,genic|chr11:64652804-64653525,genic,CCND1,69641104,False,8e-06,0.0004294669005985,6e-06,0.0004599386311452,64653164,4987.94
chr11,64659276,64660244,genic|chr11:64659276-64660244,genic,CCND1,69641104,False,1.8e-05,0.0003504994509129,3.3e-05,0.0003812077714626,64659760,4981.344
chr11,64672526,64673026,genic|chr11:64672526-64673026,genic,CCND1,69641104,False,1e-06,0.0003489013416213,1e-06,0.0003782608332238,64672776,4968.328
chr11,64688327,64689120,genic|chr11:64688327-64689120,genic,CCND1,69641104,False,1e-05,0.0003492586453508,1.3e-05,0.0003788902423734,64688723,4952.381
chr11,64703972,64704911,genic|chr11:64703972-64704911,genic,CCND1,69641104,False,3e-06,0.0003484239069724,6e-06,0.0003779848793982,64704441,4936.663
chr11,64710389,64710889,genic|chr11:64710389-64710889,genic,CCND1,69641104,False,1e-06,0.0004166066809814,2e-06,0.0004470438234403,64710639,4930.465
chr11,64712261,64712761,genic|chr11:64712261-64712761,genic,CCND1,69641104,False,3e-06,0.0004052928184663,3e-06,0.0004417960147274,64712511,4928.593
chr11,64722938,64723857,promoter|chr11:64722938-64723857,promoter,CCND1,69641104,False,8e-06,0.0087288183620008,0.000611,0.0118489527421946,64723397,4917.707
chr11,64729715,64730215,genic|chr11:64729715-64730215,genic,CCND1,69641104,False,2e-06,0.0003491596793181,1e-06,0.0003784601945637,64729965,4911.139
chr11,64737132,64737632,genic|chr11:64737132-64737632,genic,CCND1,69641104,False,1e-06,0.0003487125225218,2e-06,0.0003781367520034,64737382,4903.722
chr11,64742501,64744408,promoter|chr11:64742501-64744408,promoter,CCND1,69641104,False,0.000392,0.0107415401810839,1.2e-05,0.0094682334280718,64743454,4897.65
chr11,64750577,64751077,genic|chr11:64750577-64751077,genic,CCND1,69641104,False,1e-06,0.0003503128744893,6.5e-05,0.0004326773260008,64750827,4890.277
chr11,64759984,64761457,promoter|chr11:64759984-64761457,promoter,CCND1,69641104,False,5e-06,0.0105722130919736,5e-06,0.0114670272397177,64760720,4880.384
chr11,64762077,64763072,intergenic|chr11:64762077-64763072,intergenic,CCND1,69641104,False,2e-06,0.0004346872642499,3e-06,0.0004685429555156,64762574,4878.53
chr11,64765179,64765679,genic|chr11:64765179-64765679,genic,CCND1,69641104,False,2e-06,0.0004406343806814,2e-06,0.0004765901318248,64765429,4875.675
chr11,64767656,64768156,genic|chr11:64767656-64768156,genic,CCND1,69641104,False,2e-06,0.0004260221415607,4e-06,0.0004626785576744,64767906,4873.198
chr11,64778594,64779306,promoter|chr11:64778594-64779306,promoter,CCND1,69641104,False,4.6e-05,0.0088087671413105,6.9e-05,0.0095894402634772,64778950,4862.154
chr11,64787500,64788000,intergenic|chr11:64787500-64788000,intergenic,CCND1,69641104,False,4e-06,0.0003529635602584,3e-06,0.0003825831808211,64787750,4853.354
chr11,64803004,64804251,promoter|chr11:64803004-64804251,promoter,CCND1,69641104,False,2.1e-05,0.0087666062439138,3.6e-05,0.0095276384342457,64803627,4837.477
chr11,64809667,64810167,genic|chr11:64809667-64810167,genic,CCND1,69641104,False,0.000408,0.0005633413593145,8e-06,0.0004879680727429,64809917,4831.187
chr11,64810444,64810966,promoter|chr11:64810444-64810966,promoter,CCND1,69641104,False,1.5e-05,0.0108730366911042,1.8e-05,0.0116777505191436,64810705,4830.399
chr11,64826698,64827198,genic|chr11:64826698-64827198,genic,CCND1,69641104,False,1e-06,0.0003561082763415,2e-06,0.0003861563156408,64826948,4814.156
chr11,64835197,64835980,genic|chr11:64835197-64835980,genic,CCND1,69641104,False,8e-06,0.0003562786660221,1.3e-05,0.0003866703589654,64835588,4805.516
chr11,64842690,64843907,genic|chr11:64842690-64843907,genic,CCND1,69641104,False,2.5e-05,0.0004664387291401,0.001008,0.0006758951359749,64843298,4797.806
chr11,64844231,64845036,promoter|chr11:64844231-64845036,promoter,CCND1,69641104,False,1.8e-05,0.0115199431221879,0.000784,0.0158923454251761,64844633,4796.471
chr11,64847051,64847551,intergenic|chr11:64847051-64847551,intergenic,CCND1,69641104,False,8e-06,0.0004755173325277,1.4e-05,0.0005114487475153,64847301,4793.803
chr11,64854909,64855409,genic|chr11:64854909-64855409,genic,CCND1,69641104,False,2.6e-05,0.0004700855943033,3.6e-05,0.0005092685101755,64855159,4785.945
chr11,64856293,64857076,genic|chr11:64856293-64857076,genic,CCND1,69641104,False,3e-05,0.0004676180292237,4e-05,0.0005070017227259,64856684,4784.42
chr11,64869229,64869729,genic|chr11:64869229-64869729,genic,CCND1,69641104,False,2e-06,0.000355861805754,3e-06,0.0003858890479282,64869479,4771.625
chr11,64878530,64879322,promoter|chr11:64878530-64879322,promoter,CCND1,69641104,False,0.00138,0.015633857844859,4.9e-05,0.0117639072451057,64878926,4762.178
chr11,64879463,64879963,promoter|chr11:64879463-64879963,promoter,CCND1,69641104,False,0.000246,0.0133861772736104,8e-06,0.0124681080447188,64879713,4761.391
chr11,64887141,64888298,intergenic|chr11:64887141-64888298,intergenic,CCND1,69641104,False,9e-06,0.0003581083108716,0.000427,0.0004679982154538,64887719,4753.385
chr11,64893199,64893699,promoter|chr11:64893199-64893699,promoter,CCND1,69641104,False,4e-06,0.0106915742911637,3e-06,0.0115795840179887,64893449,4747.655
chr11,64893943,64894678,promoter|chr11:64893943-64894678,promoter,CCND1,69641104,False,5e-06,0.0105809646192335,7e-06,0.0111689791278262,64894310,4746.794
chr11,64900177,64900677,genic|chr11:64900177-64900677,genic,CCND1,69641104,False,9e-06,0.0003598051009749,0.000313,0.0004685396900783,64900427,4740.677
chr11,64917000,64917667,promoter|chr11:64917000-64917667,promoter,CCND1,69641104,False,2.6e-05,0.0087961109020419,0.001062,0.0126684101125958,64917333,4723.771
chr11,64923932,64924920,promoter|chr11:64923932-64924920,promoter,CCND1,69641104,False,1.8e-05,0.0087824976136784,2.8e-05,0.0095348565958134,64924426,4716.678
chr11,64935638,64936170,promoter|chr11:64935638-64936170,promoter,CCND1,69641104,False,2e-06,0.0087548370647325,0.000165,0.0106888345245868,64935904,4705.2
chr11,64969004,64969504,genic|chr11:64969004-64969504,genic,CCND1,69641104,False,1e-06,0.0004390794368808,2e-06,0.0004824121419533,64969254,4671.85
chr11,64970676,64971176,genic|chr11:64970676-64971176,genic,CCND1,69641104,False,2e-06,0.0004352262194626,4e-06,0.0004780423970553,64970926,4670.178
chr11,64971841,64972341,promoter|chr11:64971841-64972341,promoter,CCND1,69641104,False,1e-06,0.01052633598446,3e-06,0.0115109452657794,64972091,4669.013
chr11,64977589,64978089,intergenic|chr11:64977589-64978089,intergenic,CCND1,69641104,False,1e-06,0.0003668556348363,6e-05,0.0004457455980499,64977839,4663.265
chr11,64990027,64990527,promoter|chr11:64990027-64990527,promoter,CCND1,69641104,False,2e-06,0.0087642669458441,0.000202,0.0119023717858074,64990277,4650.827
chr11,64996786,64997286,intergenic|chr11:64996786-64997286,intergenic,CCND1,69641104,False,5e-06,0.0004487832608827,0.000299,0.0005617757800619,64997036,4644.068
chr11,64998111,64998611,intergenic|chr11:64998111-64998611,intergenic,CCND1,69641104,False,3e-06,0.0004554774290327,8e-05,0.0005532000718309,64998361,4642.743
chr11,65001331,65001831,intergenic|chr11:65001331-65001831,intergenic,CCND1,69641104,False,1e-06,0.000458787245124,3e-06,0.0004959654181293,65001581,4639.523
chr11,65006812,65007762,intergenic|chr11:65006812-65007762,intergenic,CCND1,69641104,False,3.5e-05,0.0003700671951411,5.2e-05,0.0004026578706006,65007287,4633.817
chr11,65013421,65015033,promoter|chr11:65013421-65015033,promoter,CCND1,69641104,False,6.3e-05,0.0088823776596441,0.003416,0.0194609002291583,65014227,4626.877
chr11,65026889,65027979,promoter|chr11:65026889-65027979,promoter,CCND1,69641104,False,3.1e-05,0.0088250934710267,5e-05,0.0095991944723614,65027434,4613.67
chr11,65040653,65041677,promoter|chr11:65040653-65041677,promoter,CCND1,69641104,False,3.8e-05,0.008840560995991,4.7e-05,0.0095957874128729,65041165,4599.939
chr11,65050745,65051732,genic|chr11:65050745-65051732,genic,CCND1,69641104,False,4e-06,0.0003764530744714,8.3e-05,0.000459379639426,65051238,4589.866
chr11,65058287,65058787,promoter|chr11:65058287-65058787,promoter,CCND1,69641104,False,2e-06,0.0102309272147911,2e-06,0.0109915681825976,65058537,4582.567
chr11,65061058,65061558,intergenic|chr11:65061058-65061558,intergenic,CCND1,69641104,False,1e-06,0.0004422216127578,6e-05,0.0005330014549524,65061308,4579.796
chr11,65078123,65078623,genic|chr11:65078123-65078623,genic,CCND1,69641104,False,5e-06,0.0003781042628427,0.000262,0.0004790313464411,65078373,4562.731
chr11,65083893,65084643,promoter|chr11:65083893-65084643,promoter,CCND1,69641104,False,3.3e-05,0.0104057224002737,4.9e-05,0.0111587935055307,65084268,4556.836
chr11,65088859,65089359,promoter|chr11:65088859-65089359,promoter,CCND1,69641104,False,2e-06,0.0115518875946794,2e-06,0.0125331556723394,65089109,4551.995
chr11,65089461,65089961,promoter|chr11:65089461-65089961,promoter,CCND1,69641104,False,3e-06,0.010341283119808,5e-06,0.0110571861217292,65089711,4551.393
chr11,65095864,65096423,promoter|chr11:65095864-65096423,promoter,CCND1,69641104,False,1.5e-05,0.0111566127075755,0.000843,0.0157980376014635,65096143,4544.961
chr11,65096440,65096940,promoter|chr11:65096440-65096940,promoter,CCND1,69641104,False,1.3e-05,0.0112083887031823,0.000785,0.0156630124725106,65096690,4544.414
chr11,65110233,65110733,genic|chr11:65110233-65110733,genic,CCND1,69641104,False,4e-06,0.0004996412287997,6e-06,0.0005411187059213,65110483,4530.621
chr11,65111561,65112103,promoter|chr11:65111561-65112103,promoter,CCND1,69641104,False,1.3e-05,0.0110984890467867,1.7e-05,0.0120291877298417,65111832,4529.272
chr11,65112459,65112959,genic|chr11:65112459-65112959,genic,CCND1,69641104,False,8e-06,0.0005193308032076,1.1e-05,0.0005616463983986,65112709,4528.395
chr11,65117488,65118052,promoter|chr11:65117488-65118052,promoter,CCND1,69641104,False,3.1e-05,0.011676716825212,4e-05,0.012628406360333,65117770,4523.334
chr11,65121950,65122501,promoter|chr11:65121950-65122501,promoter,CCND1,69641104,False,3.3e-05,0.0115648143336252,0.00312,0.0262178715599404,65122225,4518.879
chr11,65127897,65128397,genic|chr11:65127897-65128397,genic,CCND1,69641104,False,2e-06,0.0003963464484514,2e-06,0.0004296966540136,65128147,4512.957
chr11,65133202,65133702,genic|chr11:65133202-65133702,genic,CCND1,69641104,False,1e-05,0.0005340299781168,1.1e-05,0.0005810381017044,65133452,4507.652
chr11,65134282,65135353,promoter|chr11:65134282-65135353,promoter,CCND1,69641104,False,6.3e-05,0.011138318066168,9.9e-05,0.0120620845108203,65134817,4506.287
chr11,65150628,65151128,intergenic|chr11:65150628-65151128,intergenic,CCND1,69641104,False,1.8e-05,0.000399475456291,3e-05,0.0004341958582746,65150878,4490.226
chr11,65163758,65164258,intergenic|chr11:65163758-65164258,intergenic,CCND1,69641104,False,1e-06,0.0003976202191396,2e-06,0.0004311694814081,65164008,4477.096
chr11,65169672,65170485,promoter|chr11:65169672-65170485,promoter,CCND1,69641104,False,7e-06,0.0088069787464078,0.000378,0.0114106823348674,65170078,4471.026
chr11,65180810,65182082,promoter|chr11:65180810-65182082,promoter,CCND1,69641104,False,3.3e-05,0.0113537040181794,0.00327,0.0256540522842008,65181446,4459.658
chr11,65182182,65182682,promoter|chr11:65182182-65182682,promoter,CCND1,69641104,False,9e-06,0.0116640098932307,0.000804,0.0173509748043562,65182432,4458.672
chr11,65183485,65183985,genic|chr11:65183485-65183985,genic,CCND1,69641104,False,1e-05,0.0005383728217113,0.0006,0.000775282770715,65183735,4457.369
chr11,65204460,65205213,genic|chr11:65204460-65205213,genic,CCND1,69641104,False,2e-06,0.0004049817484214,0.000168,0.0005126914583651,65204836,4436.268
chr11,65215437,65215937,intergenic|chr11:65215437-65215937,intergenic,CCND1,69641104,False,2e-06,0.0004072745544724,2e-06,0.0004415438892388,65215687,4425.417
chr11,65224847,65225806,intergenic|chr11:65224847-65225806,intergenic,CCND1,69641104,False,7e-06,0.0004072748046045,0.000282,0.0005134162458768,65225326,4415.778
chr11,65250253,65250753,intergenic|chr11:65250253-65250753,intergenic,CCND1,69641104,False,3e-06,0.0004862031274912,0.000243,0.0006566635228076,65250503,4390.601
chr11,65253913,65254413,intergenic|chr11:65253913-65254413,intergenic,CCND1,69641104,False,3e-06,0.000486111140441,0.000232,0.0006554858494018,65254163,4386.941
chr11,65261601,65262120,promoter|chr11:65261601-65262120,promoter,CCND1,69641104,False,2.6e-05,0.0105477945299774,0.002558,0.021885133725016,65261860,4379.244
chr11,65266164,65266664,genic|chr11:65266164-65266664,genic,CCND1,69641104,False,3e-06,0.0005314098302341,4e-06,0.0005758561264715,65266414,4374.69
chr11,65274951,65275451,genic|chr11:65274951-65275451,genic,CCND1,69641104,False,5e-06,0.0005439791445243,6e-06,0.0005887630138349,65275201,4365.903
chr11,65279676,65280506,genic|chr11:65279676-65280506,genic,CCND1,69641104,False,5e-05,0.0005029930357914,6.8e-05,0.0005438798631462,65280091,4361.013
chr11,65307431,65307931,intergenic|chr11:65307431-65307931,intergenic,CCND1,69641104,False,2e-06,0.0004070850429418,3e-06,0.0004414325389823,65307681,4333.423
chr11,65314279,65315067,promoter|chr11:65314279-65315067,promoter,CCND1,69641104,False,1.4e-05,0.0116596799995877,1.7e-05,0.012546781088069,65314673,4326.431
chr11,65315243,65315976,promoter|chr11:65315243-65315976,promoter,CCND1,69641104,False,2.3e-05,0.0115590466233106,0.000987,0.016631551467726,65315609,4325.495
chr11,65316941,65317881,genic|chr11:65316941-65317881,genic,CCND1,69641104,False,1.7e-05,0.0005410258045415,0.000698,0.0007401312239414,65317411,4323.693
chr11,65323920,65324420,intergenic|chr11:65323920-65324420,intergenic,CCND1,69641104,False,1e-06,0.0004088339363781,2e-06,0.0004433289379994,65324170,4316.934
chr11,65329847,65330347,intergenic|chr11:65329847-65330347,intergenic,CCND1,69641104,False,1.7e-05,0.0005176973457067,2.5e-05,0.0005642635532249,65330097,4311.007
chr11,65333503,65334034,promoter|chr11:65333503-65334034,promoter,CCND1,69641104,False,1.3e-05,0.0112788222319328,2e-05,0.0122499559206215,65333768,4307.336
chr11,65354393,65355060,promoter|chr11:65354393-65355060,promoter,CCND1,69641104,False,1.3e-05,0.0088535627445632,0.000525,0.0116011681891884,65354726,4286.378
chr11,65366200,65366700,intergenic|chr11:65366200-65366700,intergenic,CCND1,69641104,False,5e-06,0.0004931670406496,8e-06,0.0005308871644095,65366450,4274.654
chr11,65371025,65371525,intergenic|chr11:65371025-65371525,intergenic,CCND1,69641104,False,3e-06,0.0005041122622044,3e-06,0.000548990167464,65371275,4269.829
chr11,65381636,65382924,promoter|chr11:65381636-65382924,promoter,CCND1,69641104,False,7e-05,0.0112747974502051,0.000112,0.012329905994798,65382280,4258.824
chr11,65386319,65386842,promoter|chr11:65386319-65386842,promoter,CCND1,69641104,False,1.2e-05,0.0119315111167999,0.001172,0.0194614536869313,65386580,4254.524
chr11,65391036,65391536,genic|chr11:65391036-65391536,genic,CCND1,69641104,False,2e-06,0.0005278541395255,3e-06,0.0005728559144422,65391286,4249.818
chr11,65416293,65416793,intergenic|chr11:65416293-65416793,intergenic,CCND1,69641104,False,0.000263,0.0006638192337585,1.4e-05,0.0006238387468389,65416543,4224.561
chr11,65418601,65419389,intergenic|chr11:65418601-65419389,intergenic,CCND1,69641104,False,0.001732,0.0008859445824393,7.4e-05,0.0006353119176365,65418995,4222.109
chr11,65419874,65420374,intergenic|chr11:65419874-65420374,intergenic,CCND1,69641104,False,2.2e-05,0.0005841338214203,3.5e-05,0.0006338977511362,65420124,4220.98
chr11,65421121,65421621,intergenic|chr11:65421121-65421621,intergenic,CCND1,69641104,False,3.5e-05,0.0005831023054591,4.6e-05,0.0006332817622265,65421371,4219.733
chr11,65422084,65423047,promoter|chr11:65422084-65423047,promoter,CCND1,69641104,False,6.3e-05,0.0124036085931531,9.1e-05,0.0134940275798771,65422565,4218.539
chr11,65426457,65428691,genic|chr11:65426457-65428691,genic,CCND1,69641104,False,3.6e-05,0.0005691665352945,5.2e-05,0.0006189376153718,65427574,4213.53
chr11,65429121,65429621,intergenic|chr11:65429121-65429621,intergenic,CCND1,69641104,False,5e-06,0.0005519161069621,7e-06,0.0005995224954759,65429371,4211.733
chr11,65432878,65433378,intergenic|chr11:65432878-65433378,intergenic,CCND1,69641104,False,2e-06,0.0005538038045425,0.000193,0.0007066582073749,65433128,4207.976
chr11,65436330,65437181,intergenic|chr11:65436330-65437181,intergenic,CCND1,69641104,False,2e-06,0.0005060399127312,5e-06,0.0005538899683623,65436755,4204.349
chr11,65440972,65441472,intergenic|chr11:65440972-65441472,intergenic,CCND1,69641104,False,3e-06,0.0005171648704449,0.00011,0.0006271993524988,65441222,4199.882
chr11,65443861,65444652,intergenic|chr11:65443861-65444652,intergenic,CCND1,69641104,False,3e-06,0.0005225230010777,9.1e-05,0.0006276379821756,65444256,4196.848
chr11,65445054,65445554,intergenic|chr11:65445054-65445554,intergenic,CCND1,69641104,False,2e-06,0.000523539666864,7.8e-05,0.0006262710729078,65445304,4195.8
chr11,65446721,65447221,intergenic|chr11:65446721-65447221,intergenic,CCND1,69641104,False,2e-06,0.0005188617638323,7.3e-05,0.0006173962309988,65446971,4194.133
chr11,65448716,65449216,intergenic|chr11:65448716-65449216,intergenic,CCND1,69641104,False,4e-06,0.000523347785741,0.000119,0.0006326727503944,65448966,4192.138
chr11,65453025,65453525,intergenic|chr11:65453025-65453525,intergenic,CCND1,69641104,False,5e-06,0.0005477040564686,6e-06,0.0005920757111288,65453275,4187.829
chr11,65454554,65455485,intergenic|chr11:65454554-65455485,intergenic,CCND1,69641104,False,3.1e-05,0.0005220256285241,4.1e-05,0.0005682684232001,65455019,4186.085
chr11,65457097,65457597,intergenic|chr11:65457097-65457597,intergenic,CCND1,69641104,False,6e-06,0.0005434875528374,1e-05,0.0005875123374414,65457347,4183.757
chr11,65468771,65469271,intergenic|chr11:65468771-65469271,intergenic,CCND1,69641104,False,7e-06,0.0005509687061222,1.2e-05,0.0005998515880857,65469021,4172.083
chr11,65471323,65471823,intergenic|chr11:65471323-65471823,intergenic,CCND1,69641104,False,1.4e-05,0.0005483559084451,2.4e-05,0.0005970638018769,65471573,4169.531
chr11,65472029,65472529,intergenic|chr11:65472029-65472529,intergenic,CCND1,69641104,False,3.9e-05,0.0005615430844701,5.9e-05,0.0006116548384118,65472279,4168.825
chr11,65477031,65478150,intergenic|chr11:65477031-65478150,intergenic,CCND1,69641104,False,0.002073,0.0008782422289549,0.004903,0.0015735032254696,65477590,4163.514
chr11,65479415,65479915,intergenic|chr11:65479415-65479915,intergenic,CCND1,69641104,False,0.000275,0.0006514685922321,0.000501,0.0007878845475406,65479665,4161.439
chr11,65481501,65482001,intergenic|chr11:65481501-65482001,intergenic,CCND1,69641104,False,1.4e-05,0.0005521775878762,1.4e-05,0.0005967254217856,65481751,4159.353
chr11,65487515,65488015,intergenic|chr11:65487515-65488015,intergenic,CCND1,69641104,False,3.5e-05,0.000556403281323,0.001413,0.0008611584159081,65487765,4153.339
chr11,65491700,65492200,intergenic|chr11:65491700-65492200,intergenic,CCND1,69641104,False,3.7e-05,0.000562732032381,4.6e-05,0.0006099830140137,65491950,4149.154
chr11,65492551,65493280,intergenic|chr11:65492551-65493280,intergenic,CCND1,69641104,False,3.5e-05,0.0005708131162918,4.7e-05,0.000619078956518,65492915,4148.189
chr11,65493782,65494282,intergenic|chr11:65493782-65494282,intergenic,CCND1,69641104,False,2.9e-05,0.0005736918111262,4.2e-05,0.000621736861797,65494032,4147.072
chr11,65497318,65497987,promoter|chr11:65497318-65497987,promoter,CCND1,69641104,False,4.9e-05,0.0123070762636549,7.1e-05,0.0133546886510513,65497652,4143.452
chr11,65498337,65499281,genic|chr11:65498337-65499281,genic,CCND1,69641104,False,6.3e-05,0.000562285058062,8.3e-05,0.0006120399570149,65498809,4142.295
chr11,65506621,65507967,promoter|chr11:65506621-65507967,promoter,CCND1,69641104,False,4.7e-05,0.0116235625104033,6.9e-05,0.0125569926188081,65507294,4133.81
chr11,65508165,65508846,intergenic|chr11:65508165-65508846,intergenic,CCND1,69641104,False,1.5e-05,0.0005544391225464,1.9e-05,0.0006003941065109,65508505,4132.599
chr11,65510685,65511185,intergenic|chr11:65510685-65511185,intergenic,CCND1,69641104,False,1.4e-05,0.0005539265516879,1.5e-05,0.0006002962878834,65510935,4130.169
chr11,65516219,65517032,intergenic|chr11:65516219-65517032,intergenic,CCND1,69641104,False,4e-06,0.0004669650661923,5e-06,0.0005237002016511,65516625,4124.479
chr11,65519053,65519553,intergenic|chr11:65519053-65519553,intergenic,CCND1,69641104,False,1e-06,0.0004949869906378,3e-06,0.0005343048478157,65519303,4121.801
chr11,65524514,65525712,promoter|chr11:65524514-65525712,promoter,CCND1,69641104,False,1.9e-05,0.0107815899760315,0.001039,0.0158723294321204,65525113,4115.991
chr11,65527696,65528196,genic|chr11:65527696-65528196,genic,CCND1,69641104,False,1e-06,0.0005327252630682,6.9e-05,0.0006558548856174,65527946,4113.158
chr11,65530051,65530551,genic|chr11:65530051-65530551,genic,CCND1,69641104,False,0.000135,0.000618426067836,3e-06,0.0005733297739763,65530301,4110.803
chr11,65539671,65541304,genic|chr11:65539671-65541304,genic,CCND1,69641104,False,6.7e-05,0.0004177405069352,0.002383,0.0007697905606817,65540487,4100.617
chr11,65546524,65547024,genic|chr11:65546524-65547024,genic,CCND1,69641104,False,8e-06,0.0005273415364035,9e-06,0.0005696446422251,65546774,4094.33
chr11,65550832,65551595,genic|chr11:65550832-65551595,genic,CCND1,69641104,False,1.9e-05,0.0005354558706363,0.000807,0.0007529547499761,65551213,4089.891
chr11,65551972,65552472,genic|chr11:65551972-65552472,genic,CCND1,69641104,False,6e-06,0.0005365085163975,0.000296,0.0006818303384834,65552222,4088.882
chr11,65555728,65556228,genic|chr11:65555728-65556228,genic,CCND1,69641104,False,1.3e-05,0.0005606915538935,2e-05,0.0006085934783544,65555978,4085.126
chr11,65557978,65558478,promoter|chr11:65557978-65558478,promoter,CCND1,69641104,False,1.1e-05,0.0119851520076845,1.7e-05,0.0130041273764915,65558228,4082.876
chr11,65559119,65561116,intergenic|chr11:65559119-65561116,intergenic,CCND1,69641104,False,6.4e-05,0.0005395468459451,9.2e-05,0.0005905794196683,65560117,4080.987
chr11,65569598,65570098,promoter|chr11:65569598-65570098,promoter,CCND1,69641104,False,2.5e-05,0.0120589775897113,3.4e-05,0.0130729918840728,65569848,4071.256
chr11,65570120,65570708,promoter|chr11:65570120-65570708,promoter,CCND1,69641104,False,4.2e-05,0.0119922877328074,6e-05,0.0130228125971606,65570414,4070.69
chr11,65571824,65572727,promoter|chr11:65571824-65572727,promoter,CCND1,69641104,False,2.1e-05,0.0121540215130879,3e-05,0.0131685175969268,65572275,4068.829
chr11,65574166,65574666,genic|chr11:65574166-65574666,genic,CCND1,69641104,False,2e-05,0.0005798739898544,2.8e-05,0.0006286848058655,65574416,4066.688
chr11,65575433,65576287,promoter|chr11:65575433-65576287,promoter,CCND1,69641104,False,1.7e-05,0.0117947979848626,2.3e-05,0.0127775837333647,65575860,4065.244
chr11,65577324,65577824,genic|chr11:65577324-65577824,genic,CCND1,69641104,False,8e-06,0.000567129165545,1.1e-05,0.0006142696831585,65577574,4063.53
chr11,65586705,65587205,genic|chr11:65586705-65587205,genic,CCND1,69641104,False,8.3e-05,0.0005935704188876,0.000208,0.000704814385336,65586955,4054.149
chr11,65588606,65589106,genic|chr11:65588606-65589106,genic,CCND1,69641104,False,0.000206,0.0006083366004552,0.000472,0.0007429971660652,65588856,4052.248
chr11,65593528,65594234,genic|chr11:65593528-65594234,genic,CCND1,69641104,False,3e-06,0.0005289494396162,4e-06,0.0005730554204445,65593881,4047.223
chr11,65595410,65596447,promoter|chr11:65595410-65596447,promoter,CCND1,69641104,False,6e-06,0.0105715523830255,0.000344,0.0137464369411871,65595928,4045.176
chr11,65606900,65607400,genic|chr11:65606900-65607400,genic,CCND1,69641104,False,1.3e-05,0.0004254677496481,1.9e-05,0.0004618568125773,65607150,4033.954
chr11,65613999,65614584,promoter|chr11:65613999-65614584,promoter,CCND1,69641104,False,2.9e-05,0.0119322238784392,0.002605,0.0250569824402433,65614291,4026.813
chr11,65615172,65615854,promoter|chr11:65615172-65615854,promoter,CCND1,69641104,False,5.2e-05,0.0117657293021019,8.1e-05,0.0128163633259592,65615513,4025.591
chr11,65616061,65616561,promoter|chr11:65616061-65616561,promoter,CCND1,69641104,False,8e-06,0.0120133843257459,1.3e-05,0.0130409465287309,65616311,4024.793
chr11,65625932,65626432,genic|chr11:65625932-65626432,genic,CCND1,69641104,False,1e-06,0.0004305668412845,2e-06,0.0004668946810342,65626182,4014.922
chr11,65637700,65639190,promoter|chr11:65637700-65639190,promoter,CCND1,69641104,False,2.6e-05,0.0089366455243239,0.00105,0.0131775405499574,65638445,4002.659
chr11,65643986,65644486,genic|chr11:65643986-65644486,genic,CCND1,69641104,False,4e-06,0.0005613879234427,6e-06,0.0006030926024382,65644236,3996.868
chr11,65646834,65647831,genic|chr11:65646834-65647831,genic,CCND1,69641104,False,0.001215,0.0008001165823983,0.001128,0.0008342031314116,65647332,3993.772
chr11,65651474,65651974,intergenic|chr11:65651474-65651974,intergenic,CCND1,69641104,False,8e-06,0.0005787893819297,0.000328,0.0007320719541209,65651724,3989.38
chr11,65652452,65653251,intergenic|chr11:65652452-65653251,intergenic,CCND1,69641104,False,3.4e-05,0.0005368000854877,0.00146,0.0008464269818886,65652851,3988.253
chr11,65662722,65663730,promoter|chr11:65662722-65663730,promoter,CCND1,69641104,False,4.7e-05,0.0089814311943082,7.3e-05,0.0097834053478967,65663226,3977.878
chr11,65680172,65680672,intergenic|chr11:65680172-65680672,intergenic,CCND1,69641104,False,1e-06,0.0004345792410613,5.5e-05,0.0005254470770748,65680422,3960.682
chr11,65695766,65696266,intergenic|chr11:65695766-65696266,intergenic,CCND1,69641104,False,3e-06,0.0004342353948136,7.8e-05,0.0005218646669009,65696016,3945.088
chr11,65706234,65706734,intergenic|chr11:65706234-65706734,intergenic,CCND1,69641104,False,2e-06,0.0004335600575375,0.000114,0.0005336347917269,65706484,3934.62
chr11,65711738,65712830,promoter|chr11:65711738-65712830,promoter,CCND1,69641104,False,8.4e-05,0.0090623706740086,0.003694,0.0204169559310429,65712284,3928.82
chr11,65720035,65721188,promoter|chr11:65720035-65721188,promoter,CCND1,69641104,False,2.9e-05,0.0089599489291623,3.4e-05,0.0097171052055829,65720611,3920.493
chr11,65736749,65737249,intergenic|chr11:65736749-65737249,intergenic,CCND1,69641104,False,4.8e-05,0.0004958690498443,6.4e-05,0.0005258963442628,65736999,3904.105
chr11,65744373,65744873,intergenic|chr11:65744373-65744873,intergenic,CCND1,69641104,False,3e-06,0.0004397058259324,5e-06,0.0004769059913876,65744623,3896.481
chr11,65766454,65766954,intergenic|chr11:65766454-65766954,intergenic,CCND1,69641104,False,3e-06,0.000524697330576,9.6e-05,0.0006314180164185,65766704,3874.4
chr11,65769737,65770237,intergenic|chr11:65769737-65770237,intergenic,CCND1,69641104,False,3e-06,0.0005348606458481,0.000111,0.0006447608989199,65769987,3871.117
chr11,65773982,65774482,genic|chr11:65773982-65774482,genic,CCND1,69641104,False,3e-06,0.0005231011211612,3e-06,0.0005623588632642,65774232,3866.872
chr11,65779846,65781504,promoter|chr11:65779846-65781504,promoter,CCND1,69641104,False,4.1e-05,0.0089959401082338,6.7e-05,0.0097992289166082,65780675,3860.429
chr11,65786294,65787283,promoter|chr11:65786294-65787283,promoter,CCND1,69641104,False,1.3e-05,0.0109978888377338,1.5e-05,0.0118666513932859,65786788,3854.316
chr11,65791572,65792072,genic|chr11:65791572-65792072,genic,CCND1,69641104,False,7e-06,0.0005800643698192,9e-06,0.000627213299424,65791822,3849.282
chr11,65792433,65793594,genic|chr11:65792433-65793594,genic,CCND1,69641104,False,1.3e-05,0.0005526293355452,1.8e-05,0.0005971626051878,65793013,3848.091
chr11,65809969,65810469,intergenic|chr11:65809969-65810469,intergenic,CCND1,69641104,False,2e-06,0.0004469843099148,2e-06,0.0004845933259146,65810219,3830.885
chr11,65818136,65818913,intergenic|chr11:65818136-65818913,intergenic,CCND1,69641104,False,1.6e-05,0.0004476765527219,0.000363,0.000553348254421,65818524,3822.58
chr11,65833688,65834188,promoter|chr11:65833688-65834188,promoter,CCND1,69641104,False,3e-06,0.0089360550850277,2e-06,0.009678967345023,65833938,3807.166
chr11,65850096,65850596,genic|chr11:65850096-65850596,genic,CCND1,69641104,False,2e-06,0.0005596660114442,2e-06,0.0006017053767573,65850346,3790.758
chr11,65850621,65851121,genic|chr11:65850621-65851121,genic,CCND1,69641104,False,3e-06,0.0005553349179151,5e-06,0.0005951200823764,65850871,3790.233
chr11,65851201,65852022,genic|chr11:65851201-65852022,genic,CCND1,69641104,False,6e-06,0.0005457487585934,7e-06,0.0005880290019761,65851611,3789.493
chr11,65858083,65858584,promoter|chr11:65858083-65858584,promoter,CCND1,69641104,False,2.4e-05,0.0120600933569699,3.6e-05,0.0130919216310366,65858333,3782.771
chr11,65859308,65859808,intergenic|chr11:65859308-65859808,intergenic,CCND1,69641104,False,3.3e-05,0.0006087991785454,4.8e-05,0.0006623824826408,65859558,3781.546
chr11,65860150,65860688,promoter|chr11:65860150-65860688,promoter,CCND1,69641104,False,4.2e-05,0.0119817809708732,0.001824,0.0201549508199074,65860419,3780.685
chr11,65867961,65868461,genic|chr11:65867961-65868461,genic,CCND1,69641104,False,3e-06,0.0005363235974281,4e-06,0.0005804214112704,65868211,3772.893
chr11,65872684,65873184,promoter|chr11:65872684-65873184,promoter,CCND1,69641104,False,2e-06,0.0115041453364044,3e-06,0.0124190167372501,65872934,3768.17
chr11,65873467,65873967,intergenic|chr11:65873467-65873967,intergenic,CCND1,69641104,False,2.1e-05,0.000542221530033,2.9e-05,0.000587678008182,65873717,3767.387
chr11,65879562,65880062,promoter|chr11:65879562-65880062,promoter,CCND1,69641104,False,3e-06,0.0109782842388805,0.00015,0.0137075393247778,65879812,3761.292
chr11,65884578,65885078,genic|chr11:65884578-65885078,genic,CCND1,69641104,False,7e-06,0.0006161220324932,8e-06,0.0006682943936757,65884828,3756.276
chr11,65888047,65889274,promoter|chr11:65888047-65889274,promoter,CCND1,69641104,False,5.6e-05,0.0122642377477688,0.004148,0.0315178194289044,65888660,3752.444
chr11,65890153,65890825,promoter|chr11:65890153-65890825,promoter,CCND1,69641104,False,0.002139,0.0220104499299178,0.002662,0.0254807669320215,65890489,3750.615
chr11,65890898,65892156,promoter|chr11:65890898-65892156,promoter,CCND1,69641104,False,0.003444,0.027011334194114,0.004359,0.0328031778332712,65891527,3749.577
chr11,65899194,65899694,genic|chr11:65899194-65899694,genic,CCND1,69641104,False,0.001045,0.000902197868084,2.8e-05,0.0006921065815279,65899444,3741.66
chr11,65900276,65900803,promoter|chr11:65900276-65900803,promoter,CCND1,69641104,False,4.7e-05,0.0121180946600091,0.00297,0.0260036965279779,65900539,3740.565
chr11,65902796,65903568,intergenic|chr11:65902796-65903568,intergenic,CCND1,69641104,False,5e-05,0.000643067520422,0.003396,0.0014946609782572,65903182,3737.922
chr11,65906517,65907017,intergenic|chr11:65906517-65907017,intergenic,CCND1,69641104,False,6e-06,0.0006364874263423,8e-06,0.0006886887887832,65906767,3734.337
chr11,65911642,65912142,intergenic|chr11:65911642-65912142,intergenic,CCND1,69641104,False,2.9e-05,0.0006332424100325,3.9e-05,0.0006873394397007,65911892,3729.212
chr11,65915633,65916397,intergenic|chr11:65915633-65916397,intergenic,CCND1,69641104,False,0.001641,0.0009558616445321,8.1e-05,0.0006928630227802,65916015,3725.089
chr11,65918810,65919573,promoter|chr11:65918810-65919573,promoter,CCND1,69641104,False,0.00111,0.0162613339786384,5.2e-05,0.0130054806749612,65919191,3721.913
chr11,65932211,65932935,intergenic|chr11:65932211-65932935,intergenic,CCND1,69641104,False,7e-06,0.0004786781872398,9e-06,0.0005191737067488,65932573,3708.531
chr11,65945393,65945893,promoter|chr11:65945393-65945893,promoter,CCND1,69641104,False,2e-06,0.0089602073769788,3e-06,0.0097092085401047,65945643,3695.461
chr11,65961353,65961938,promoter|chr11:65961353-65961938,promoter,CCND1,69641104,False,3.3e-05,0.0090226480074404,3.7e-05,0.0097829870372134,65961645,3679.459
chr11,65988894,65989668,intergenic|chr11:65988894-65989668,intergenic,CCND1,69641104,False,1.8e-05,0.0004887432548869,0.00113,0.0007871992575805,65989281,3651.823
chr11,66001828,66002493,promoter|chr11:66001828-66002493,promoter,CCND1,69641104,False,4.2e-05,0.0090495010332869,0.002057,0.0159392003873959,66002160,3638.944
chr11,66011180,66011680,promoter|chr11:66011180-66011680,promoter,CCND1,69641104,False,1.5e-05,0.0118064635938331,2.4e-05,0.0128922234962108,66011430,3629.674
chr11,66011740,66012447,promoter|chr11:66011740-66012447,promoter,CCND1,69641104,False,1.9e-05,0.0117782561964123,3.3e-05,0.0128523383016495,66012093,3629.011
chr11,66015068,66015846,intergenic|chr11:66015068-66015846,intergenic,CCND1,69641104,False,2.4e-05,0.0006562516467596,0.001134,0.0009854899336364,66015457,3625.647
chr11,66020962,66021754,genic|chr11:66020962-66021754,genic,CCND1,69641104,False,1.1e-05,0.0006271721598718,1.9e-05,0.000681089485923,66021358,3619.746
chr11,66022346,66023095,genic|chr11:66022346-66023095,genic,CCND1,69641104,False,8e-06,0.0006307918281453,1.2e-05,0.0006879798923705,66022720,3618.384
chr11,66026267,66026767,promoter|chr11:66026267-66026767,promoter,CCND1,69641104,False,3e-06,0.0114421053250434,5e-06,0.0124345401366068,66026517,3614.587
chr11,66032793,66033293,intergenic|chr11:66032793-66033293,intergenic,CCND1,69641104,False,1e-06,0.0005031653184639,3e-06,0.0005457314241907,66033043,3608.061
chr11,66045064,66045799,genic|chr11:66045064-66045799,genic,CCND1,69641104,False,5e-06,0.0005858419033234,1.1e-05,0.0006291985236705,66045431,3595.673
chr11,66048930,66049430,promoter|chr11:66048930-66049430,promoter,CCND1,69641104,False,2e-06,0.0117550693124939,2e-06,0.0127644788099403,66049180,3591.924
chr11,66051967,66052594,promoter|chr11:66051967-66052594,promoter,CCND1,69641104,False,3.5e-05,0.0105256290756954,5.1e-05,0.0113199886885219,66052280,3588.824
chr11,66068165,66068665,genic|chr11:66068165-66068665,genic,CCND1,69641104,False,5e-06,0.0006607702066654,0.000158,0.0007953952085534,66068415,3572.689
chr11,66068915,66069765,intergenic|chr11:66068915-66069765,intergenic,CCND1,69641104,False,7e-06,0.0006569838177963,0.000189,0.00079790028103,66069340,3571.764
chr11,66069816,66070602,promoter|chr11:66069816-66070602,promoter,CCND1,69641104,False,1.2e-05,0.0114346451760454,0.00045,0.0147278604772404,66070209,3570.895
chr11,66070947,66071447,genic|chr11:66070947-66071447,genic,CCND1,69641104,False,6e-06,0.0006638398506904,0.00022,0.0008196827758666,66071197,3569.907
chr11,66076598,66077098,genic|chr11:66076598-66077098,genic,CCND1,69641104,False,7e-05,0.0007219422690724,6.7e-05,0.0007667071824201,66076848,3564.256
chr11,66080396,66080896,genic|chr11:66080396-66080896,genic,CCND1,69641104,False,5e-06,0.0006213635425367,0.000191,0.000754255738172,66080646,3560.458
chr11,66081467,66081967,genic|chr11:66081467-66081967,genic,CCND1,69641104,False,3e-06,0.0006307382436231,8.8e-05,0.0007521734794654,66081717,3559.387
chr11,66107016,66107516,genic|chr11:66107016-66107516,genic,CCND1,69641104,False,2e-06,0.0005123728213691,3e-06,0.0005555989572535,66107266,3533.838
chr11,66112557,66113584,genic|chr11:66112557-66113584,genic,CCND1,69641104,False,1.8e-05,0.0005132786345568,3.1e-05,0.0005580033212513,66113070,3528.034
chr11,66119273,66120056,genic|chr11:66119273-66120056,genic,CCND1,69641104,False,0.000371,0.0007152156332242,2.2e-05,0.0006550307803955,66119664,3521.44
chr11,66124495,66124995,genic|chr11:66124495-66124995,genic,CCND1,69641104,False,3e-06,0.0006414168037605,4e-06,0.0006978912742044,66124745,3516.359
chr11,66134447,66134947,genic|chr11:66134447-66134947,genic,CCND1,69641104,False,2e-06,0.0006137856869862,5e-06,0.0006593815375429,66134697,3506.407
chr11,66137421,66137921,genic|chr11:66137421-66137921,genic,CCND1,69641104,False,5e-06,0.0006427692189159,0.00037,0.0009451850183653,66137671,3503.433
chr11,66141858,66142358,genic|chr11:66141858-66142358,genic,CCND1,69641104,False,5e-06,0.0006364089298196,8e-06,0.000689462502583,66142108,3498.996
chr11,66142667,66143167,genic|chr11:66142667-66143167,genic,CCND1,69641104,False,8e-06,0.0006292381237315,1.3e-05,0.0006809137380529,66142917,3498.187
chr11,66157146,66157646,genic|chr11:66157146-66157646,genic,CCND1,69641104,False,8.6e-05,0.0005687068974394,0.000185,0.0006611915948499,66157396,3483.708
chr11,66172072,66172572,genic|chr11:66172072-66172572,genic,CCND1,69641104,False,7e-06,0.0005701828407648,1e-05,0.0006185464793901,66172322,3468.782
chr11,66176615,66177115,genic|chr11:66176615-66177115,genic,CCND1,69641104,False,1e-06,0.0006163512980878,2.7e-05,0.0007292202341978,66176865,3464.239
chr11,66183656,66184156,genic|chr11:66183656-66184156,genic,CCND1,69641104,False,3e-06,0.000598280684313,0.000137,0.0007876164218686,66183906,3457.198
chr11,66188503,66189251,genic|chr11:66188503-66189251,genic,CCND1,69641104,False,3e-06,0.0005946530705669,0.00012,0.000703132576774,66188877,3452.227
chr11,66208944,66209864,genic|chr11:66208944-66209864,genic,CCND1,69641104,False,6e-06,0.0005021458871287,9e-06,0.0005447417245087,66209404,3431.7
chr11,66222624,66223124,genic|chr11:66222624-66223124,genic,CCND1,69641104,False,6e-06,0.0005014112263139,1.2e-05,0.000544292471147,66222874,3418.23
chr11,66256980,66258665,promoter|chr11:66256980-66258665,promoter,CCND1,69641104,False,3.9e-05,0.0091077744063343,0.001438,0.0141190396938619,66257822,3383.282
chr11,66267180,66267932,genic|chr11:66267180-66267932,genic,CCND1,69641104,False,2.6e-05,0.0006670486533271,0.000941,0.0009536885015717,66267556,3373.548
chr11,66268250,66268834,promoter|chr11:66268250-66268834,promoter,CCND1,69641104,False,4.3e-05,0.0117091114687896,0.001624,0.0188113164944127,66268542,3372.562
chr11,66277950,66278450,promoter|chr11:66277950-66278450,promoter,CCND1,69641104,False,5e-06,0.0115026291567348,7e-06,0.012401953570438,66278200,3362.904
chr11,66282348,66282848,genic|chr11:66282348-66282848,genic,CCND1,69641104,False,2e-05,0.0006236743363429,2.6e-05,0.000676669582255,66282598,3358.506
chr11,66288917,66289524,promoter|chr11:66288917-66289524,promoter,CCND1,69641104,False,4.7e-05,0.0110233339642456,6.4e-05,0.0120341428087641,66289220,3351.884
chr11,66291651,66292151,promoter|chr11:66291651-66292151,promoter,CCND1,69641104,False,5e-06,0.0118787411039949,0.000506,0.0173412158378284,66291901,3349.203
chr11,66311731,66312541,intergenic|chr11:66311731-66312541,intergenic,CCND1,69641104,False,5.3e-05,0.0006905740712305,6.8e-05,0.0007491980539995,66312136,3328.968
chr11,66312661,66313161,intergenic|chr11:66312661-66313161,intergenic,CCND1,69641104,False,3.1e-05,0.0006994867080265,4.1e-05,0.000757057358564,66312911,3328.193
chr11,66316794,66317294,promoter|chr11:66316794-66317294,promoter,CCND1,69641104,False,2e-06,0.0121452160097269,0.000117,0.0150502935794669,66317044,3324.06
chr11,66322221,66322721,intergenic|chr11:66322221-66322721,intergenic,CCND1,69641104,False,2e-06,0.000648265857166,3e-06,0.0007047962321758,66322471,3318.633
chr11,66327065,66327565,intergenic|chr11:66327065-66327565,intergenic,CCND1,69641104,False,7e-06,0.0006790798304273,1.1e-05,0.0007347839571136,66327315,3313.789
chr11,66328278,66329197,intergenic|chr11:66328278-66329197,intergenic,CCND1,69641104,False,2.2e-05,0.0006486397940771,2.9e-05,0.0007061027418406,66328737,3312.367
chr11,66336221,66337030,promoter|chr11:66336221-66337030,promoter,CCND1,69641104,False,5.8e-05,0.0091646921372245,0.005244,0.0297650625397947,66336625,3304.479
chr11,66344861,66345398,promoter|chr11:66344861-66345398,promoter,CCND1,69641104,False,3.7e-05,0.0115889171774637,5.7e-05,0.0126938585191969,66345129,3295.975
chr11,66347440,66348330,promoter|chr11:66347440-66348330,promoter,CCND1,69641104,False,2e-05,0.0118286508397036,3.5e-05,0.0128764214306323,66347885,3293.219
chr11,66358013,66358964,intergenic|chr11:66358013-66358964,intergenic,CCND1,69641104,False,4e-06,0.0006780063067182,6e-06,0.000727749674414,66358488,3282.616
chr11,66359616,66360116,intergenic|chr11:66359616-66360116,intergenic,CCND1,69641104,False,4e-06,0.0006903084973279,6e-06,0.0007459549261817,66359866,3281.238
chr11,66361099,66361599,intergenic|chr11:66361099-66361599,intergenic,CCND1,69641104,False,4e-06,0.0006907254665503,3e-06,0.0007479079219762,66361349,3279.755
chr11,66363840,66364340,genic|chr11:66363840-66364340,genic,CCND1,69641104,False,6e-06,0.0006744351681512,9e-06,0.0007240708741397,66364090,3277.014
chr11,66370966,66372911,promoter|chr11:66370966-66372911,promoter,CCND1,69641104,False,0.000111,0.0092767637821303,0.00687,0.034230524537704,66371938,3269.166
chr11,66380201,66380701,intergenic|chr11:66380201-66380701,intergenic,CCND1,69641104,False,5e-06,0.0005546517317411,7e-06,0.0006015706920674,66380451,3260.653
chr11,66386098,66386598,intergenic|chr11:66386098-66386598,intergenic,CCND1,69641104,False,1.3e-05,0.0006799326509358,0.000434,0.0008635385553868,66386348,3254.756
chr11,66388946,66389446,intergenic|chr11:66388946-66389446,intergenic,CCND1,69641104,False,8e-06,0.0006919381760048,0.000181,0.0008458962472343,66389196,3251.908
chr11,66408337,66409267,intergenic|chr11:66408337-66409267,intergenic,CCND1,69641104,False,2.4e-05,0.0005540424481232,0.001241,0.0008906157157416,66408802,3232.302
chr11,66418041,66418541,intergenic|chr11:66418041-66418541,intergenic,CCND1,69641104,False,4e-06,0.0006745797852422,3e-06,0.0007333123270052,66418291,3222.813
chr11,66418634,66419134,intergenic|chr11:66418634-66419134,intergenic,CCND1,69641104,False,4e-06,0.0006757709751087,7e-06,0.0007207179673595,66418884,3222.22
chr11,66420753,66421253,promoter|chr11:66420753-66421253,promoter,CCND1,69641104,False,1e-06,0.0112476807287738,1e-06,0.0121250303413935,66421003,3220.101
chr11,66421529,66422029,genic|chr11:66421529-66422029,genic,CCND1,69641104,False,2e-06,0.0006858190456327,4e-06,0.0007378120358097,66421779,3219.325
chr11,66429920,66430420,intergenic|chr11:66429920-66430420,intergenic,CCND1,69641104,False,7e-06,0.0006382922638958,7e-06,0.0006919866832051,66430170,3210.934
chr11,66431662,66432162,intergenic|chr11:66431662-66432162,intergenic,CCND1,69641104,False,1e-06,0.0006767015219837,2e-06,0.0007205760572343,66431912,3209.192
chr11,66438598,66439342,promoter|chr11:66438598-66439342,promoter,CCND1,69641104,False,4e-05,0.0110406832704164,5.5e-05,0.0119483299751281,66438970,3202.134
chr11,66443593,66444093,intergenic|chr11:66443593-66444093,intergenic,CCND1,69641104,False,0.000166,0.000849645197891,0.00016,0.0008915208520183,66443843,3197.261
chr11,66466256,66467114,promoter|chr11:66466256-66467114,promoter,CCND1,69641104,False,2.5e-05,0.0091370028920784,3.6e-05,0.0099215003500594,66466685,3174.419
chr11,66478898,66479398,intergenic|chr11:66478898-66479398,intergenic,CCND1,69641104,False,1e-05,0.0007590142371316,0.000649,0.0011009701490348,66479148,3161.956
chr11,66479762,66480891,promoter|chr11:66479762-66480891,promoter,CCND1,69641104,False,8.2e-05,0.0114402094155737,0.002342,0.0205560994627014,66480326,3160.778
chr11,66487917,66488417,genic|chr11:66487917-66488417,genic,CCND1,69641104,False,2e-06,0.0005776569776505,8.5e-05,0.0007560711129656,66488167,3152.937
chr11,66510105,66510897,promoter|chr11:66510105-66510897,promoter,CCND1,69641104,False,1.5e-05,0.0091299518520539,2.4e-05,0.0099096960772426,66510501,3130.603
chr11,66545880,66546488,promoter|chr11:66545880-66546488,promoter,CCND1,69641104,False,2.3e-05,0.0110201790896533,3.5e-05,0.0119666628827841,66546184,3094.92
chr11,66546590,66547090,promoter|chr11:66546590-66547090,promoter,CCND1,69641104,False,5e-06,0.0116156549778629,8e-06,0.0126106042367781,66546840,3094.264
chr11,66568326,66568826,promoter|chr11:66568326-66568826,promoter,CCND1,69641104,False,1e-06,0.0091197160091171,2e-06,0.0098819180645259,66568576,3072.528
chr11,66578955,66579705,intergenic|chr11:66578955-66579705,intergenic,CCND1,69641104,False,3e-06,0.0006087161081393,0.000132,0.000753314767938,66579330,3061.774
chr11,66592602,66593468,promoter|chr11:66592602-66593468,promoter,CCND1,69641104,False,4.8e-05,0.0092178357487625,7.5e-05,0.0100428048462388,66593035,3048.069
chr11,66616281,66617247,promoter|chr11:66616281-66617247,promoter,CCND1,69641104,False,9.3e-05,0.0093120435094704,0.006066,0.031585360728914,66616764,3024.34
chr11,66632931,66633431,genic|chr11:66632931-66633431,genic,CCND1,69641104,False,2e-06,0.0006424657135816,1e-06,0.0006963625146958,66633181,3007.923
chr11,66638309,66638866,promoter|chr11:66638309-66638866,promoter,CCND1,69641104,False,0.001464,0.0134928021713436,0.001543,0.0144635629547889,66638587,3002.517
chr11,66650993,66651493,intergenic|chr11:66650993-66651493,intergenic,CCND1,69641104,False,2e-06,0.0007918975487909,3e-06,0.0008605101025851,66651243,2989.861
chr11,66652673,66653419,intergenic|chr11:66652673-66653419,intergenic,CCND1,69641104,False,4e-06,0.0007809368707524,8e-06,0.000841522764101,66653046,2988.058
chr11,66655426,66655926,intergenic|chr11:66655426-66655926,intergenic,CCND1,69641104,False,3e-06,0.00078726082949,3e-06,0.0008575856563771,66655676,2985.428
chr11,66668184,66668684,genic|chr11:66668184-66668684,genic,CCND1,69641104,False,2e-06,0.0007590662377508,3e-05,0.0008903847768011,66668434,2972.67
chr11,66670693,66671193,genic|chr11:66670693-66671193,genic,CCND1,69641104,False,3e-06,0.000748611609616,4e-06,0.0007952311702542,66670943,2970.161
chr11,66677671,66678904,promoter|chr11:66677671-66678904,promoter,CCND1,69641104,False,8.7e-05,0.0093190056883945,0.000135,0.0101972810388879,66678287,2962.817
chr11,66694659,66695159,genic|chr11:66694659-66695159,genic,CCND1,69641104,False,1.4e-05,0.000655778384762,2e-05,0.0007118511515065,66694909,2946.195
chr11,66720151,66720651,genic|chr11:66720151-66720651,genic,CCND1,69641104,False,3e-05,0.0007863373934763,0.000889,0.0011091669836344,66720401,2920.703
chr11,66721149,66721649,promoter|chr11:66721149-66721649,promoter,CCND1,69641104,False,5e-06,0.0117801937284635,0.000142,0.014283276531652,66721399,2919.705
chr11,66727115,66727805,intergenic|chr11:66727115-66727805,intergenic,CCND1,69641104,False,1.7e-05,0.0006637435101863,1.7e-05,0.0007195773975297,66727460,2913.644
chr11,66743138,66743638,intergenic|chr11:66743138-66743638,intergenic,CCND1,69641104,False,5e-06,0.0008612801860971,0.000419,0.0012605617335783,66743388,2897.716
chr11,66744364,66745220,promoter|chr11:66744364-66745220,promoter,CCND1,69641104,False,2.6e-05,0.0116807107043616,0.002211,0.0235886702899965,66744792,2896.312
chr11,66745227,66745934,promoter|chr11:66745227-66745934,promoter,CCND1,69641104,False,1.6e-05,0.0118263076608541,2.5e-05,0.0128555583442852,66745580,2895.524
chr11,66817970,66818470,genic|chr11:66817970-66818470,genic,CCND1,69641104,False,5e-06,0.0006711573008663,0.000107,0.0007995610983538,66818220,2822.884
chr11,66834188,66834688,genic|chr11:66834188-66834688,genic,CCND1,69641104,False,4e-06,0.0006699166221657,0.000128,0.0008029708422958,66834438,2806.666
chr11,66843154,66843930,promoter|chr11:66843154-66843930,promoter,CCND1,69641104,False,0.000978,0.0124771963919042,0.001216,0.0139046073997138,66843542,2797.562
chr11,66852046,66852546,genic|chr11:66852046-66852546,genic,CCND1,69641104,False,4e-06,0.0009042375224837,0.000123,0.0011121480545754,66852296,2788.808
chr11,66855782,66856935,promoter|chr11:66855782-66856935,promoter,CCND1,69641104,False,6.4e-05,0.0116989535956066,8.6e-05,0.0127185928945237,66856358,2784.746
chr11,66857154,66857654,promoter|chr11:66857154-66857654,promoter,CCND1,69641104,False,1.3e-05,0.0121971945804143,1.9e-05,0.0131933055642144,66857404,2783.7
chr11,66867397,66867897,genic|chr11:66867397-66867897,genic,CCND1,69641104,False,5e-06,0.0008700198492111,5e-06,0.0009373786058904,66867647,2773.457
chr11,66868002,66869129,genic|chr11:66868002-66869129,genic,CCND1,69641104,False,2e-05,0.0008283654764014,2.4e-05,0.0008868102025156,66868565,2772.539
chr11,66880766,66881266,genic|chr11:66880766-66881266,genic,CCND1,69641104,False,0.000112,0.0009998048081215,0.000141,0.0010834286346519,66881016,2760.088
chr11,66882622,66883990,genic|chr11:66882622-66883990,genic,CCND1,69641104,False,0.000987,0.0011640250072025,0.001318,0.0013302678603343,66883306,2757.798
chr11,66886547,66887384,genic|chr11:66886547-66887384,genic,CCND1,69641104,False,0.000512,0.0010966564054742,3e-05,0.0009766022966077,66886965,2754.139
chr11,66892090,66892590,genic|chr11:66892090-66892590,genic,CCND1,69641104,False,3.7e-05,0.0008721684814029,0.002131,0.0016594229811294,66892340,2748.764
chr11,66904000,66904500,genic|chr11:66904000-66904500,genic,CCND1,69641104,False,0.000217,0.0009953839309994,1.5e-05,0.0009275140895493,66904250,2736.854
chr11,66904926,66905426,genic|chr11:66904926-66905426,genic,CCND1,69641104,False,7e-06,0.000862112022401,8e-06,0.0009333821514912,66905176,2735.928
chr11,66905921,66906421,genic|chr11:66905921-66906421,genic,CCND1,69641104,False,1.3e-05,0.0008499864038434,1.7e-05,0.0009210738611517,66906171,2734.933
chr11,66933456,66933956,genic|chr11:66933456-66933956,genic,CCND1,69641104,False,3e-06,0.0006761836116314,7.3e-05,0.0008073040764493,66933706,2707.398
chr11,66949995,66950495,genic|chr11:66949995-66950495,genic,CCND1,69641104,False,3.3e-05,0.0006793784716532,5.1e-05,0.0007393464319468,66950245,2690.859
chr11,66958126,66958755,promoter|chr11:66958126-66958755,promoter,CCND1,69641104,False,4.4e-05,0.0093252869712735,0.002159,0.0176410902223874,66958440,2682.664
chr11,66970711,66971211,intergenic|chr11:66970711-66971211,intergenic,CCND1,69641104,False,2.9e-05,0.0008508923167057,0.000856,0.0011857746977767,66970961,2670.143
chr11,66975032,66975532,promoter|chr11:66975032-66975532,promoter,CCND1,69641104,False,7e-06,0.0118982896849191,0.000163,0.01440276211464,66975282,2665.822
chr11,66975845,66976345,genic|chr11:66975845-66976345,genic,CCND1,69641104,False,5e-06,0.0008971019519497,9.3e-05,0.0010733103584141,66976095,2665.009
chr11,66981992,66982492,intergenic|chr11:66981992-66982492,intergenic,CCND1,69641104,False,1.7e-05,0.0008786857983581,2.6e-05,0.0009519569739558,66982242,2658.862
chr11,66983918,66984418,intergenic|chr11:66983918-66984418,intergenic,CCND1,69641104,False,9e-06,0.0008866400443415,1.1e-05,0.0009622763781483,66984168,2656.936
chr11,66986082,66986582,intergenic|chr11:66986082-66986582,intergenic,CCND1,69641104,False,7e-06,0.0008856007357385,1.1e-05,0.0009599770032788,66986332,2654.772
chr11,66987072,66987572,intergenic|chr11:66987072-66987572,intergenic,CCND1,69641104,False,5e-06,0.0008854228153581,6e-06,0.0009606337294275,66987322,2653.782
chr11,67006474,67006974,intergenic|chr11:67006474-67006974,intergenic,CCND1,69641104,False,1.5e-05,0.0006886207675333,2e-05,0.0007473405384352,67006724,2634.38
chr11,67021435,67023029,promoter|chr11:67021435-67023029,promoter,CCND1,69641104,False,4.6e-05,0.0114739036533222,0.003003,0.0251431172227366,67022232,2618.872
chr11,67023094,67023594,promoter|chr11:67023094-67023594,promoter,CCND1,69641104,False,1e-05,0.012058601533865,0.000508,0.0172280001170876,67023344,2617.76
chr11,67032757,67033534,genic|chr11:67032757-67033534,genic,CCND1,69641104,False,5e-06,0.0006974381203101,9e-06,0.0007567488089274,67033145,2607.959
chr11,67045208,67045708,genic|chr11:67045208-67045708,genic,CCND1,69641104,False,1.3e-05,0.0008289159399511,1.9e-05,0.0009017881167318,67045458,2595.646
chr11,67050076,67050576,genic|chr11:67050076-67050576,genic,CCND1,69641104,False,4e-06,0.000898421198616,7e-06,0.0009698928378632,67050326,2590.778
chr11,67053764,67054264,intergenic|chr11:67053764-67054264,intergenic,CCND1,69641104,False,9e-06,0.0009127967173296,1e-05,0.0009871605656455,67054014,2587.09
chr11,67054986,67055486,intergenic|chr11:67054986-67055486,intergenic,CCND1,69641104,False,1.7e-05,0.0009114693679555,0.000377,0.0011584638695265,67055236,2585.868
chr11,67055734,67056234,intergenic|chr11:67055734-67056234,intergenic,CCND1,69641104,False,1.8e-05,0.0009063801359948,0.000434,0.0011636199827203,67055984,2585.12
chr11,67056535,67057067,promoter|chr11:67056535-67057067,promoter,CCND1,69641104,False,2.1e-05,0.0121452028990924,0.000581,0.0159638768237001,67056801,2584.303
chr11,67060046,67060546,genic|chr11:67060046-67060546,genic,CCND1,69641104,False,0.000161,0.0010763054190399,1.1e-05,0.0010188278215943,67060296,2580.808
chr11,67062235,67063227,genic|chr11:67062235-67063227,genic,CCND1,69641104,False,0.000941,0.0011363299706314,7e-05,0.0009307771681404,67062731,2578.373
chr11,67071658,67072158,genic|chr11:67071658-67072158,genic,CCND1,69641104,False,7e-06,0.0006967114370941,9e-06,0.0007556383264732,67071908,2569.196
chr11,67078261,67079072,intergenic|chr11:67078261-67079072,intergenic,CCND1,69641104,False,2.8e-05,0.0008708305568374,0.00157,0.0014926476690028,67078666,2562.438
chr11,67081408,67082418,intergenic|chr11:67081408-67082418,intergenic,CCND1,69641104,False,0.000388,0.0010785766973531,0.000395,0.0011587431694303,67081913,2559.191
chr11,67094850,67095350,intergenic|chr11:67094850-67095350,intergenic,CCND1,69641104,False,4e-06,0.0006916866472389,0.000131,0.000845797490092,67095100,2546.004
chr11,67104394,67104894,intergenic|chr11:67104394-67104894,intergenic,CCND1,69641104,False,1e-06,0.0006897791604745,6.4e-05,0.0008382758719682,67104644,2536.46
chr11,67118888,67119518,promoter|chr11:67118888-67119518,promoter,CCND1,69641104,False,0.001009,0.012718455038404,6.4e-05,0.0102061445774601,67119203,2521.901
chr11,67161415,67161915,genic|chr11:67161415-67161915,genic,CCND1,69641104,False,5e-06,0.0008229028675042,6e-06,0.0008854841723667,67161665,2479.439
chr11,67165233,67165733,genic|chr11:67165233-67165733,genic,CCND1,69641104,False,3e-06,0.0008661364031942,4e-06,0.0009296954907591,67165483,2475.621
chr11,67168186,67168686,genic|chr11:67168186-67168686,genic,CCND1,69641104,False,8e-06,0.0008468391443426,9e-06,0.0009000133322234,67168436,2472.668
chr11,67170593,67171093,genic|chr11:67170593-67171093,genic,CCND1,69641104,False,4e-06,0.0008468645635962,3e-06,0.0009073153021695,67170843,2470.261
chr11,67188795,67189295,genic|chr11:67188795-67189295,genic,CCND1,69641104,False,6.4e-05,0.0007750480972488,3e-06,0.0007536850839352,67189045,2452.059
chr11,67195910,67196410,genic|chr11:67195910-67196410,genic,CCND1,69641104,False,2e-06,0.0006934401258839,3e-06,0.0007519304430964,67196160,2444.944
chr11,67239703,67240203,genic|chr11:67239703-67240203,genic,CCND1,69641104,False,0.000896,0.0011554499640607,0.000896,0.0012192425585003,67239953,2401.151
chr11,67240954,67241454,genic|chr11:67240954-67241454,genic,CCND1,69641104,False,2.3e-05,0.0009020892218207,2.5e-05,0.0009717450437304,67241204,2399.9
chr11,67248538,67249038,genic|chr11:67248538-67249038,genic,CCND1,69641104,False,7e-06,0.0008239850089255,0.000318,0.0010946490992099,67248788,2392.316
chr11,67252714,67253214,genic|chr11:67252714-67253214,genic,CCND1,69641104,False,5e-06,0.0008325501091363,6e-06,0.0009023892598028,67252964,2388.14
chr11,67261094,67261984,intergenic|chr11:67261094-67261984,intergenic,CCND1,69641104,False,1.2e-05,0.0008765257757428,1.6e-05,0.0009498908876942,67261539,2379.565
chr11,67262592,67263092,intergenic|chr11:67262592-67263092,intergenic,CCND1,69641104,False,1.1e-05,0.0008817441779761,1.5e-05,0.0009533129505123,67262842,2378.262
chr11,67265902,67266958,promoter|chr11:67265902-67266958,promoter,CCND1,69641104,False,1.8e-05,0.011949788229165,2.6e-05,0.0128853865813252,67266430,2374.674
chr11,67267498,67267998,genic|chr11:67267498-67267998,genic,CCND1,69641104,False,6e-06,0.0008860131498813,6e-06,0.0009593544955702,67267748,2373.356
chr11,67276842,67277342,genic|chr11:67276842-67277342,genic,CCND1,69641104,False,5e-06,0.0008334827530712,0.000152,0.0010258170938895,67277092,2364.012
chr11,67277450,67277950,genic|chr11:67277450-67277950,genic,CCND1,69641104,False,6e-06,0.0008207245272647,0.00015,0.0010232672978619,67277700,2363.404
chr11,67288045,67289540,promoter|chr11:67288045-67289540,promoter,CCND1,69641104,False,6.8e-05,0.0094938787670297,0.00011,0.0103756536647202,67288792,2352.312
chr11,67295794,67296455,genic|chr11:67295794-67296455,genic,CCND1,69641104,False,3e-06,0.0007020160917526,0.000227,0.0009630314171244,67296124,2344.98
chr11,67302714,67303700,promoter|chr11:67302714-67303700,promoter,CCND1,69641104,False,0.001517,0.0178631896717968,5e-05,0.0119985545258156,67303207,2337.897
chr11,67305358,67305858,genic|chr11:67305358-67305858,genic,CCND1,69641104,False,2e-06,0.0009133920686041,5e-06,0.0009919252526284,67305608,2335.496
chr11,67311787,67312287,genic|chr11:67311787-67312287,genic,CCND1,69641104,False,3e-06,0.0009522373861873,3e-06,0.0010305154244954,67312037,2329.067
chr11,67312604,67313104,genic|chr11:67312604-67313104,genic,CCND1,69641104,False,7e-06,0.000949035110872,5e-06,0.0010273845707322,67312854,2328.25
chr11,67317011,67318036,intergenic|chr11:67317011-67318036,intergenic,CCND1,69641104,False,0.0001,0.000870165788964,0.004082,0.0021618223750718,67317523,2323.581
chr11,67345265,67346741,intergenic|chr11:67345265-67346741,intergenic,CCND1,69641104,False,3.9e-05,0.0007248080591471,4.1e-05,0.0007861083851865,67346003,2295.101
chr11,67351131,67351631,genic|chr11:67351131-67351631,genic,CCND1,69641104,False,1.8e-05,0.0009713090418492,2.5e-05,0.0010555346128235,67351381,2289.723
chr11,67353115,67353904,promoter|chr11:67353115-67353904,promoter,CCND1,69641104,False,4.7e-05,0.0127280133837356,8.9e-05,0.0138793797437774,67353509,2287.595
chr11,67354486,67354986,intergenic|chr11:67354486-67354986,intergenic,CCND1,69641104,False,4.7e-05,0.000990818633439,6.6e-05,0.0010817387996385,67354736,2286.368
chr11,67356816,67357572,intergenic|chr11:67356816-67357572,intergenic,CCND1,69641104,False,4.6e-05,0.0009827152888217,6e-05,0.0010733270375081,67357194,2283.91
chr11,67357762,67358262,intergenic|chr11:67357762-67358262,intergenic,CCND1,69641104,False,1.6e-05,0.0009828517017733,2.3e-05,0.0010696982854318,67358012,2283.092
chr11,67363877,67364377,genic|chr11:67363877-67364377,genic,CCND1,69641104,False,0.000166,0.0009965351031079,7.3e-05,0.0008703212178337,67364127,2276.977
chr11,67371331,67371831,genic|chr11:67371331-67371831,genic,CCND1,69641104,False,1.2e-05,0.0009765078912179,0.000238,0.0012091161745107,67371581,2269.523
chr11,67373485,67374555,promoter|chr11:67373485-67374555,promoter,CCND1,69641104,False,0.00014,0.0118912047515806,0.003151,0.0239942070208965,67374020,2267.084
chr11,67379319,67380042,intergenic|chr11:67379319-67380042,intergenic,CCND1,69641104,False,2.8e-05,0.0009032545137394,0.000679,0.0012156149156244,67379680,2261.424
chr11,67382463,67382963,intergenic|chr11:67382463-67382963,intergenic,CCND1,69641104,False,1.1e-05,0.0009368459669478,1.6e-05,0.0010177343072579,67382713,2258.391
chr11,67385002,67385502,intergenic|chr11:67385002-67385502,intergenic,CCND1,69641104,False,6e-06,0.000910634284206,6e-06,0.0009765044647842,67385252,2255.852
chr11,67389365,67389865,intergenic|chr11:67389365-67389865,intergenic,CCND1,69641104,False,7e-06,0.0009492986579421,4e-06,0.0010256519835056,67389615,2251.489
chr11,67391152,67392201,promoter|chr11:67391152-67392201,promoter,CCND1,69641104,False,5.1e-05,0.0114149170577992,0.00261,0.0229937864630216,67391676,2249.428
chr11,67401376,67402155,promoter|chr11:67401376-67402155,promoter,CCND1,69641104,False,3.8e-05,0.0111132540368661,0.000855,0.0154722441918847,67401765,2239.339
chr11,67403662,67404162,promoter|chr11:67403662-67404162,promoter,CCND1,69641104,False,4e-06,0.0120612154474126,7.9e-05,0.0144831364372301,67403912,2237.192
chr11,67409998,67410498,genic|chr11:67409998-67410498,genic,CCND1,69641104,False,9e-06,0.0009467091144956,0.000224,0.0011756206385876,67410248,2230.856
chr11,67415059,67415927,promoter|chr11:67415059-67415927,promoter,CCND1,69641104,False,1.2e-05,0.0114484306558574,1.6e-05,0.012410652286232,67415493,2225.611
chr11,67421022,67421838,genic|chr11:67421022-67421838,genic,CCND1,69641104,False,4.5e-05,0.0009480421988732,5.4e-05,0.0010162216323563,67421430,2219.674
chr11,67422818,67423318,genic|chr11:67422818-67423318,genic,CCND1,69641104,False,6e-06,0.0010115851699702,6e-06,0.0010887728379813,67423068,2218.036
chr11,67428175,67428713,promoter|chr11:67428175-67428713,promoter,CCND1,69641104,False,3.4e-05,0.0094836464541981,0.000763,0.0129356287981471,67428444,2212.66
chr11,67436363,67436863,genic|chr11:67436363-67436863,genic,CCND1,69641104,False,5e-06,0.0009812126264421,0.000113,0.0011980455923381,67436613,2204.491
chr11,67437432,67437932,promoter|chr11:67437432-67437932,promoter,CCND1,69641104,False,5e-06,0.0115750452309319,0.000138,0.0141367072637016,67437682,2203.422
chr11,67439233,67439733,genic|chr11:67439233-67439733,genic,CCND1,69641104,False,7e-06,0.001041607380541,0.000156,0.0012977800550618,67439483,2201.621
chr11,67443262,67444077,promoter|chr11:67443262-67444077,promoter,CCND1,69641104,False,2.6e-05,0.0114014792946585,4.7e-05,0.0122849547258382,67443669,2197.435
chr11,67452479,67452979,promoter|chr11:67452479-67452979,promoter,CCND1,69641104,False,7e-06,0.0113206621349582,0.000199,0.0140624179429844,67452729,2188.375
chr11,67455096,67455596,promoter|chr11:67455096-67455596,promoter,CCND1,69641104,False,7e-06,0.0113245805630808,9e-06,0.0123204210892454,67455346,2185.758
chr11,67463820,67464320,intergenic|chr11:67463820-67464320,intergenic,CCND1,69641104,False,4.2e-05,0.0011754077570064,6e-05,0.0012746975080105,67464070,2177.034
chr11,67464553,67465053,genic|chr11:67464553-67465053,genic,CCND1,69641104,False,5.3e-05,0.0011702946071797,6.7e-05,0.0012703375841649,67464803,2176.301
chr11,67465512,67466012,genic|chr11:67465512-67466012,genic,CCND1,69641104,False,2e-05,0.0011703200488305,0.000373,0.0014750925712247,67465762,2175.342
chr11,67467997,67468497,genic|chr11:67467997-67468497,genic,CCND1,69641104,False,1.5e-05,0.0011669634140011,0.000294,0.0014483754470522,67468247,2172.857
chr11,67469027,67469605,promoter|chr11:67469027-67469605,promoter,CCND1,69641104,False,3.5e-05,0.012749746877603,0.000707,0.017058829648822,67469316,2171.788
chr11,67482778,67483577,promoter|chr11:67482778-67483577,promoter,CCND1,69641104,False,4.6e-05,0.0113550333906335,0.00126,0.0171425478186488,67483177,2157.927
chr11,67485787,67486287,genic|chr11:67485787-67486287,genic,CCND1,69641104,False,6e-06,0.0011658002976045,1e-05,0.0012736123509991,67486037,2155.067
chr11,67505122,67505622,promoter|chr11:67505122-67505622,promoter,CCND1,69641104,False,2.8e-05,0.0129669491082675,0.002145,0.0269587658379817,67505372,2135.732
chr11,67505962,67506462,intergenic|chr11:67505962-67506462,intergenic,CCND1,69641104,False,4.5e-05,0.0012699610775902,0.003314,0.0032418405859825,67506212,2134.892
chr11,67507610,67508966,promoter|chr11:67507610-67508966,promoter,CCND1,69641104,False,0.000161,0.0128176744208585,0.012852,0.0928520423627354,67508288,2132.816
chr11,67523178,67523678,promoter|chr11:67523178-67523678,promoter,CCND1,69641104,False,4e-06,0.0094650504753387,9e-06,0.0102644750276908,67523428,2117.676
chr11,67534016,67534711,intergenic|chr11:67534016-67534711,intergenic,CCND1,69641104,False,4e-06,0.0009720488973807,6.1e-05,0.0011671421471766,67534363,2106.741
chr11,67539557,67540057,intergenic|chr11:67539557-67540057,intergenic,CCND1,69641104,False,5.7e-05,0.0011066846767809,6.3e-05,0.0011689312326113,67539807,2101.297
chr11,67545321,67545821,intergenic|chr11:67545321-67545821,intergenic,CCND1,69641104,False,3e-06,0.000966079938778,3e-06,0.0010473196141859,67545571,2095.533
chr11,67563582,67564082,intergenic|chr11:67563582-67564082,intergenic,CCND1,69641104,False,2.1e-05,0.0009674531989969,3.8e-05,0.0010526037182177,67563832,2077.272
chr11,67571367,67571867,intergenic|chr11:67571367-67571867,intergenic,CCND1,69641104,False,4e-06,0.0011504033193141,5e-06,0.001236938141551,67571617,2069.487
chr11,67572592,67573092,intergenic|chr11:67572592-67573092,intergenic,CCND1,69641104,False,6e-06,0.0011552173422219,8e-06,0.0012620002677428,67572842,2068.262
chr11,67576670,67577170,intergenic|chr11:67576670-67577170,intergenic,CCND1,69641104,False,8.1e-05,0.0013295669095336,0.000128,0.0014265886030342,67576920,2064.184
chr11,67579467,67579967,intergenic|chr11:67579467-67579967,intergenic,CCND1,69641104,False,0.000109,0.001426041309386,0.000175,0.0015327315017677,67579717,2061.387
chr11,67582447,67582947,intergenic|chr11:67582447-67582947,intergenic,CCND1,69641104,False,1.3e-05,0.0012382315931934,2.1e-05,0.0013451120137413,67582697,2058.407
chr11,67583344,67583884,promoter|chr11:67583344-67583884,promoter,CCND1,69641104,False,3.6e-05,0.0121795976680867,5e-05,0.0132794193094556,67583614,2057.49
chr11,67584205,67584705,genic|chr11:67584205-67584705,genic,CCND1,69641104,False,1.7e-05,0.0012663957817593,2.4e-05,0.0013778245827657,67584455,2056.649
chr11,67606456,67607120,promoter|chr11:67606456-67607120,promoter,CCND1,69641104,False,3.1e-05,0.0095569767015833,0.000576,0.0124917726486751,67606788,2034.316
chr11,67613894,67614590,intergenic|chr11:67613894-67614590,intergenic,CCND1,69641104,False,1.6e-05,0.0012559710303476,0.000362,0.0015750555942596,67614242,2026.862
chr11,67615341,67615841,intergenic|chr11:67615341-67615841,intergenic,CCND1,69641104,False,1e-05,0.0012720997066296,9e-06,0.00137829568029,67615591,2025.513
chr11,67629172,67630971,promoter|chr11:67629172-67630971,promoter,CCND1,69641104,False,0.000144,0.0097972838123363,0.000191,0.0107173252501247,67630071,2011.033
chr11,67639310,67639810,promoter|chr11:67639310-67639810,promoter,CCND1,69641104,False,5e-06,0.011739787431903,8e-06,0.0127272310959135,67639560,2001.544
chr11,67639931,67640431,promoter|chr11:67639931-67640431,promoter,CCND1,69641104,False,1.1e-05,0.0115538294953724,0.000245,0.0145073463157956,67640181,2000.923
chr11,67643970,67644470,genic|chr11:67643970-67644470,genic,CCND1,69641104,False,5e-06,0.0014147441637257,0.000125,0.001729028909054,67644220,1996.884
chr11,67648042,67648542,genic|chr11:67648042-67648542,genic,CCND1,69641104,False,7e-06,0.0014095344507623,8e-06,0.0015322077388179,67648292,1992.812
chr11,67650409,67651029,promoter|chr11:67650409-67651029,promoter,CCND1,69641104,False,1.8e-05,0.0114014039650197,2.7e-05,0.0122785578915356,67650719,1990.385
chr11,67656236,67656736,intergenic|chr11:67656236-67656736,intergenic,CCND1,69641104,False,6e-06,0.001378007703575,7e-06,0.0014826842201116,67656486,1984.618
chr11,67659332,67659832,intergenic|chr11:67659332-67659832,intergenic,CCND1,69641104,False,5e-06,0.0013756370887699,6e-06,0.0014791126439538,67659582,1981.522
chr11,67665439,67665939,genic|chr11:67665439-67665939,genic,CCND1,69641104,False,4e-06,0.0011526151308985,7e-06,0.0012503198572176,67665689,1975.415
chr11,67674381,67675055,promoter|chr11:67674381-67675055,promoter,CCND1,69641104,False,1e-05,0.011088915960911,1.2e-05,0.0118285568406503,67674718,1966.386
chr11,67675213,67675713,intergenic|chr11:67675213-67675713,intergenic,CCND1,69641104,False,3e-06,0.0014473159170467,4.4e-05,0.0017122336781313,67675463,1965.641
chr11,67688849,67689349,intergenic|chr11:67688849-67689349,intergenic,CCND1,69641104,False,2e-06,0.0013594443295373,3e-06,0.0014933275357098,67689099,1952.005
chr11,67691127,67691627,intergenic|chr11:67691127-67691627,intergenic,CCND1,69641104,False,2e-06,0.0013498017110564,9.4e-05,0.0016973159526319,67691377,1949.727
chr11,67698211,67698711,intergenic|chr11:67698211-67698711,intergenic,CCND1,69641104,False,6e-06,0.0014124127675164,8e-06,0.0015189495606743,67698461,1942.643
chr11,67701825,67702325,intergenic|chr11:67701825-67702325,intergenic,CCND1,69641104,False,7e-06,0.0014002835178465,9.7e-05,0.001660861950333,67702075,1939.029
chr11,67732060,67732560,intergenic|chr11:67732060-67732560,intergenic,CCND1,69641104,False,1.1e-05,0.0011747352418144,1.3e-05,0.001274040960318,67732310,1908.794
chr11,67804921,67806259,intergenic|chr11:67804921-67806259,intergenic,CCND1,69641104,False,9.3e-05,0.001195560571206,0.000126,0.0013051182303134,67805590,1835.514
chr11,67955323,67956160,intergenic|chr11:67955323-67956160,intergenic,CCND1,69641104,False,1.6e-05,0.0012272392439236,2.4e-05,0.001332676124643,67955741,1685.363
chr11,67996665,67997407,genic|chr11:67996665-67997407,genic,CCND1,69641104,False,0.000793,0.001601676747547,6.4e-05,0.0013423428938748,67997036,1644.068
chr11,68003875,68004427,promoter|chr11:68003875-68004427,promoter,CCND1,69641104,False,3.8e-05,0.0123583070149838,4.8e-05,0.0134070063726462,68004151,1636.953
chr11,68004821,68005321,intergenic|chr11:68004821-68005321,intergenic,CCND1,69641104,False,3.6e-05,0.0016940464347517,5.1e-05,0.001844938948587,68005071,1636.033
chr11,68009984,68011169,promoter|chr11:68009984-68011169,promoter,CCND1,69641104,False,8.5e-05,0.0131754605796803,0.000137,0.0144262415341136,68010576,1630.528
chr11,68013138,68013638,genic|chr11:68013138-68013638,genic,CCND1,69641104,False,6.1e-05,0.0017916967606188,8.8e-05,0.0019575433064478,68013388,1627.716
chr11,68014224,68015069,genic|chr11:68014224-68015069,genic,CCND1,69641104,False,8.8e-05,0.0017831463771588,0.000128,0.0019544328330006,68014646,1626.458
chr11,68020555,68021055,genic|chr11:68020555-68021055,genic,CCND1,69641104,False,1.2e-05,0.0016157196483585,1.3e-05,0.0017472774164513,68020805,1620.299
chr11,68021234,68021734,genic|chr11:68021234-68021734,genic,CCND1,69641104,False,7e-06,0.0016239595889667,1.2e-05,0.001742031176609,68021484,1619.62
chr11,68024994,68025494,genic|chr11:68024994-68025494,genic,CCND1,69641104,False,0.000177,0.00194914165267,1.4e-05,0.0018347721645713,68025244,1615.86
chr11,68028003,68028503,genic|chr11:68028003-68028503,genic,CCND1,69641104,False,0.000867,0.0022876228696974,8.6e-05,0.0019010451755473,68028253,1612.851
chr11,68030329,68031124,promoter|chr11:68030329-68031124,promoter,CCND1,69641104,False,0.000136,0.0128720597114022,0.000194,0.0141084577628181,68030726,1610.378
chr11,68038712,68039244,promoter|chr11:68038712-68039244,promoter,CCND1,69641104,False,3.2e-05,0.0097908747457053,0.000546,0.0128568052440199,68038978,1602.126
chr11,68056249,68056749,genic|chr11:68056249-68056749,genic,CCND1,69641104,False,6e-06,0.0014082778939529,7.7e-05,0.001664788368902,68056499,1584.605
chr11,68076278,68076778,genic|chr11:68076278-68076778,genic,CCND1,69641104,False,3e-06,0.0014034168143876,7e-05,0.0017584755139414,68076528,1564.576
chr11,68090683,68091183,genic|chr11:68090683-68091183,genic,CCND1,69641104,False,5e-06,0.0013995617586634,6.8e-05,0.0016394041094313,68090933,1550.171
chr11,68099408,68099908,genic|chr11:68099408-68099908,genic,CCND1,69641104,False,1e-05,0.001396020047485,1.4e-05,0.0015146480059046,68099658,1541.446
chr11,68121141,68122041,promoter|chr11:68121141-68122041,promoter,CCND1,69641104,False,9.1e-05,0.0123809334133307,0.000117,0.0134441023781443,68121591,1519.513
chr11,68122934,68123434,intergenic|chr11:68122934-68123434,intergenic,CCND1,69641104,False,2.5e-05,0.0019315761250187,3.3e-05,0.0020886541268652,68123184,1517.92
chr11,68126720,68127220,intergenic|chr11:68126720-68127220,intergenic,CCND1,69641104,False,5e-06,0.001927635529071,6e-06,0.0020821848414382,68126970,1514.134
chr11,68128161,68128661,intergenic|chr11:68128161-68128661,intergenic,CCND1,69641104,False,1.4e-05,0.0018269851241996,2e-05,0.0019735743471384,68128411,1512.693
chr11,68132720,68133220,intergenic|chr11:68132720-68133220,intergenic,CCND1,69641104,False,4e-06,0.0017543531546222,4e-06,0.0019026421259433,68132970,1508.134
chr11,68146908,68147408,intergenic|chr11:68146908-68147408,intergenic,CCND1,69641104,False,1.1e-05,0.0014382883202857,0.000436,0.0021107859694084,68147158,1493.946
chr11,68153824,68154324,intergenic|chr11:68153824-68154324,intergenic,CCND1,69641104,False,3e-06,0.0014302368528927,1e-05,0.0015527599163866,68154074,1487.03
chr11,68191602,68192102,genic|chr11:68191602-68192102,genic,CCND1,69641104,False,6e-06,0.0014286081778323,7e-06,0.0015490122283861,68191852,1449.252
chr11,68206073,68206573,genic|chr11:68206073-68206573,genic,CCND1,69641104,False,4.6e-05,0.0018547072430195,0.000228,0.0022354397570965,68206323,1434.781
chr11,68209086,68209848,genic|chr11:68209086-68209848,genic,CCND1,69641104,False,8.5e-05,0.0020555355843474,0.000377,0.002486765431149,68209467,1431.637
chr11,68212589,68213567,promoter|chr11:68212589-68213567,promoter,CCND1,69641104,False,4.2e-05,0.0128381483964118,7.9e-05,0.0141130662686831,68213078,1428.026
chr11,68213626,68214126,promoter|chr11:68213626-68214126,promoter,CCND1,69641104,False,6.8e-05,0.0127125818294225,0.000108,0.0140671143436999,68213876,1427.228
chr11,68257337,68257837,intergenic|chr11:68257337-68257837,intergenic,CCND1,69641104,False,0.000364,0.0017652185688191,4.7e-05,0.0016288797382052,68257587,1383.517
chr11,68271056,68271556,promoter|chr11:68271056-68271556,promoter,CCND1,69641104,False,0.002232,0.0271907252692375,0.00145,0.0221886873149549,68271306,1369.798
chr11,68271751,68272618,promoter|chr11:68271751-68272618,promoter,CCND1,69641104,False,0.005068,0.0413024644404396,0.002992,0.0285612985807381,68272184,1368.92
chr11,68275659,68276594,intergenic|chr11:68275659-68276594,intergenic,CCND1,69641104,False,0.002681,0.0040890177516448,0.000194,0.0023598836829974,68276126,1364.978
chr11,68282337,68282837,intergenic|chr11:68282337-68282837,intergenic,CCND1,69641104,False,6e-06,0.0015600994713844,6e-06,0.0016912069258166,68282587,1358.517
chr11,68297653,68298153,intergenic|chr11:68297653-68298153,intergenic,CCND1,69641104,False,0.000274,0.0024229232815889,0.000273,0.0024030075951903,68297903,1343.201
chr11,68302332,68303154,intergenic|chr11:68302332-68303154,intergenic,CCND1,69641104,False,0.000357,0.0022403730227181,0.000441,0.0024659513442257,68302743,1338.361
chr11,68310643,68311143,intergenic|chr11:68310643-68311143,intergenic,CCND1,69641104,False,5e-06,0.0020259215049599,6.9e-05,0.0024179325891813,68310893,1330.211
chr11,68312167,68312858,promoter|chr11:68312167-68312858,promoter,CCND1,69641104,False,2.3e-05,0.0129801979737771,0.000324,0.01622205922085,68312512,1328.592
chr11,68313478,68313978,genic|chr11:68313478-68313978,genic,CCND1,69641104,False,2.2e-05,0.0021298006446165,0.000301,0.002658269532917,68313728,1327.376
chr11,68314502,68315911,genic|chr11:68314502-68315911,genic,CCND1,69641104,False,7.3e-05,0.0020863733442129,9.9e-05,0.0022720019723075,68315206,1325.898
chr11,68341796,68343090,genic|chr11:68341796-68343090,genic,CCND1,69641104,False,6.4e-05,0.0016323366052786,0.000859,0.0022577636593067,68342443,1298.661
chr11,68354114,68354882,genic|chr11:68354114-68354882,genic,CCND1,69641104,False,9.8e-05,0.0016375662852643,0.001022,0.0023145899002515,68354498,1286.606
chr11,68383874,68384374,genic|chr11:68383874-68384374,genic,CCND1,69641104,False,6e-06,0.0018712648970153,1.2e-05,0.0019895541638029,68384124,1256.98
chr11,68386597,68387097,genic|chr11:68386597-68387097,genic,CCND1,69641104,False,6e-06,0.0018621734192132,5e-06,0.002044876995524,68386847,1254.257
chr11,68437301,68437801,genic|chr11:68437301-68437801,genic,CCND1,69641104,False,1.1e-05,0.0015945574357231,0.000143,0.001945651494271,68437551,1203.553
chr11,68447134,68447634,genic|chr11:68447134-68447634,genic,CCND1,69641104,False,0.000202,0.0018395098038081,1.9e-05,0.0017240820268589,68447384,1193.72
chr11,68454713,68455213,intergenic|chr11:68454713-68455213,intergenic,CCND1,69641104,False,9e-06,0.0015798968408253,9.3e-05,0.0019226969833393,68454963,1186.141
chr11,68460101,68460967,promoter|chr11:68460101-68460967,promoter,CCND1,69641104,False,0.000171,0.0104011743739095,0.006839,0.0405984019186279,68460534,1180.57
chr11,68506839,68507339,genic|chr11:68506839-68507339,genic,CCND1,69641104,False,3e-06,0.0016762211126664,9e-06,0.0018193912120533,68507089,1134.015
chr11,68525897,68526397,genic|chr11:68525897-68526397,genic,CCND1,69641104,False,6e-06,0.0016713646549494,8.8e-05,0.0020851001661567,68526147,1114.957
chr11,68545710,68546210,genic|chr11:68545710-68546210,genic,CCND1,69641104,False,6.1e-05,0.0021272458326189,5.4e-05,0.0022815585179203,68545960,1095.144
chr11,68546432,68546932,genic|chr11:68546432-68546932,genic,CCND1,69641104,False,4.9e-05,0.0021281455317386,7e-05,0.002254534348166,68546682,1094.422
chr11,68583950,68584450,genic|chr11:68583950-68584450,genic,CCND1,69641104,False,5e-06,0.001653353789925,5.9e-05,0.0019334171144971,68584200,1056.904
chr11,68617551,68618051,intergenic|chr11:68617551-68618051,intergenic,CCND1,69641104,False,5e-06,0.0016498998109504,5.2e-05,0.0020420918921902,68617801,1023.303
chr11,68632745,68633245,intergenic|chr11:68632745-68633245,intergenic,CCND1,69641104,False,0.000108,0.0018342781725122,0.000232,0.0020283487166735,68632995,1008.109
chr11,68643505,68644005,intergenic|chr11:68643505-68644005,intergenic,CCND1,69641104,False,4e-06,0.0016354957126328,7.9e-05,0.0019495959797452,68643755,997.349
chr11,68677423,68677923,intergenic|chr11:68677423-68677923,intergenic,CCND1,69641104,False,2e-05,0.001637762869637,4.1e-05,0.0017833187599464,68677673,963.431
chr11,68684224,68684779,promoter|chr11:68684224-68684779,promoter,CCND1,69641104,False,5.2e-05,0.0103741824586586,6.3e-05,0.0112636259443384,68684501,956.603
chr11,68690971,68691471,genic|chr11:68690971-68691471,genic,CCND1,69641104,False,6e-06,0.0017359471915521,5.1e-05,0.0020440028093652,68691221,949.883
chr11,68719535,68720035,genic|chr11:68719535-68720035,genic,CCND1,69641104,False,6e-06,0.0017314689670005,5e-06,0.001876551461643,68719785,921.319
chr11,68751270,68751831,promoter|chr11:68751270-68751831,promoter,CCND1,69641104,False,0.000568,0.0148085100747505,0.000588,0.0158038007236484,68751550,889.554
chr11,68753220,68753720,intergenic|chr11:68753220-68753720,intergenic,CCND1,69641104,False,5e-05,0.0026246298670266,5.9e-05,0.0027824940429811,68753470,887.634
chr11,68775679,68776825,genic|chr11:68775679-68776825,genic,CCND1,69641104,False,5e-05,0.0021877172971423,6.6e-05,0.0023794857601166,68776252,864.852
chr11,68780822,68781322,genic|chr11:68780822-68781322,genic,CCND1,69641104,False,7.9e-05,0.0026049585499501,1.3e-05,0.0024871338885479,68781072,860.032
chr11,68798170,68798670,genic|chr11:68798170-68798670,genic,CCND1,69641104,False,6.4e-05,0.0021933047223362,1.2e-05,0.0019880901541326,68798420,842.684
chr11,68806950,68807450,genic|chr11:68806950-68807450,genic,CCND1,69641104,False,7e-05,0.0020312552571828,1.3e-05,0.0019784570030203,68807200,833.904
chr11,68825563,68826063,genic|chr11:68825563-68826063,genic,CCND1,69641104,False,0.000155,0.002067096414201,3e-05,0.0019780446904146,68825813,815.291
chr11,68839116,68839616,genic|chr11:68839116-68839616,genic,CCND1,69641104,False,6.6e-05,0.0023511425180602,0.001324,0.0039064230678933,68839366,801.738
chr11,68841654,68842181,promoter|chr11:68841654-68842181,promoter,CCND1,69641104,False,0.00026,0.0155890051340009,0.000327,0.0167459263572697,68841917,799.187
chr11,68843796,68844296,intergenic|chr11:68843796-68844296,intergenic,CCND1,69641104,False,0.000462,0.0029923099846841,0.00036,0.0031340531019539,68844046,797.058
chr11,68857471,68857971,intergenic|chr11:68857471-68857971,intergenic,CCND1,69641104,False,8.5e-05,0.0021518704462892,2.1e-05,0.0021001575433132,68857721,783.383
chr11,68869663,68870384,intergenic|chr11:68869663-68870384,intergenic,CCND1,69641104,False,0.000166,0.0027529662876367,0.000378,0.0033574573632252,68870023,771.081
chr11,68870413,68870913,intergenic|chr11:68870413-68870913,intergenic,CCND1,69641104,False,0.000203,0.0027345760302179,0.000519,0.0033910854832372,68870663,770.441
chr11,68877959,68878459,intergenic|chr11:68877959-68878459,intergenic,CCND1,69641104,False,7e-05,0.0024465954351925,1.3e-05,0.0024044027858465,68878209,762.895
chr11,68880621,68881121,intergenic|chr11:68880621-68881121,intergenic,CCND1,69641104,False,8e-06,0.0022148256337974,1.3e-05,0.0023850234435867,68880871,760.233
chr11,68890008,68890508,intergenic|chr11:68890008-68890508,intergenic,CCND1,69641104,False,0.000133,0.0023193214503419,1.5e-05,0.0020365828090894,68890258,750.846
chr11,68903585,68904735,promoter|chr11:68903585-68904735,promoter,CCND1,69641104,False,0.000855,0.0136147856953064,0.001489,0.0173522448925236,68904160,736.944
chr11,68925602,68926102,genic|chr11:68925602-68926102,genic,CCND1,69641104,False,9e-06,0.0022364830741013,0.000176,0.0030889323895896,68925852,715.252
chr11,68950234,68950734,intergenic|chr11:68950234-68950734,intergenic,CCND1,69641104,False,0.000227,0.0029295528096972,0.000108,0.0026519589117218,68950484,690.62
chr11,68956077,68956577,intergenic|chr11:68956077-68956577,intergenic,CCND1,69641104,False,1.6e-05,0.0022182627544575,1.8e-05,0.0024055696393854,68956327,684.777
chr11,68974623,68975346,intergenic|chr11:68974623-68975346,intergenic,CCND1,69641104,False,0.000557,0.0027019958647801,0.000132,0.0024536876144487,68974984,666.12
chr11,68980736,68981236,promoter|chr11:68980736-68981236,promoter,CCND1,69641104,False,6.3e-05,0.0117211241401035,1.2e-05,0.0116086790036309,68980986,660.118
chr11,69000707,69001207,intergenic|chr11:69000707-69001207,intergenic,CCND1,69641104,False,4.4e-05,0.0024581463555937,0.000257,0.0029686217401784,69000957,640.147
chr11,69008671,69009171,genic|chr11:69008671-69009171,genic,CCND1,69641104,False,0.000144,0.0032189164312076,0.000997,0.0044445329535448,69008921,632.183
chr11,69010277,69010777,genic|chr11:69010277-69010777,genic,CCND1,69641104,False,5e-05,0.0031890137039225,0.000337,0.0039725171316781,69010527,630.577
chr11,69010933,69011433,genic|chr11:69010933-69011433,genic,CCND1,69641104,False,7.7e-05,0.0031687525807477,0.000563,0.0041062784205696,69011183,629.921
chr11,69013132,69013632,promoter|chr11:69013132-69013632,promoter,CCND1,69641104,False,2.9e-05,0.0142169059419352,0.000203,0.0172519292594069,69013382,627.722
chr11,69044165,69044665,intergenic|chr11:69044165-69044665,intergenic,CCND1,69641104,False,0.000629,0.0051243901462357,9.3e-05,0.0043774866148799,69044415,596.689
chr11,69048589,69049131,promoter|chr11:69048589-69049131,promoter,CCND1,69641104,False,0.001935,0.0241829852488558,0.001776,0.0232137151719205,69048860,592.244
chr11,69075367,69075867,genic|chr11:69075367-69075867,genic,CCND1,69641104,False,0.001667,0.007955324496282,0.000608,0.0060126652567291,69075617,565.487
chr11,69075997,69076497,genic|chr11:69075997-69076497,genic,CCND1,69641104,False,0.000845,0.0068547841490932,0.000263,0.0056501992072826,69076247,564.857
chr11,69080322,69080822,genic|chr11:69080322-69080822,genic,CCND1,69641104,False,0.001844,0.0093809777576334,0.000491,0.0059631091674309,69080572,560.532
chr11,69086051,69086551,genic|chr11:69086051-69086551,genic,CCND1,69641104,False,0.000199,0.0056726532489143,0.000194,0.0060237973575408,69086301,554.803
chr11,69088610,69089110,genic|chr11:69088610-69089110,genic,CCND1,69641104,False,0.000664,0.0060412977376806,0.000821,0.0066226707970255,69088860,552.244
chr11,69089126,69089626,genic|chr11:69089126-69089626,genic,CCND1,69641104,False,0.000354,0.0057459165576564,0.000545,0.0063200009194285,69089376,551.728
chr11,69094337,69094837,intergenic|chr11:69094337-69094837,intergenic,CCND1,69641104,False,0.000287,0.0070359114332293,1.3e-05,0.004522452737037,69094587,546.517
chr11,69101363,69101863,intergenic|chr11:69101363-69101863,intergenic,CCND1,69641104,False,0.006562,0.0378605762354382,0.00037,0.0058497608957433,69101613,539.491
chr11,69102645,69103145,intergenic|chr11:69102645-69103145,intergenic,CCND1,69641104,False,0.003084,0.0236906973060913,0.000213,0.005729887774257,69102895,538.209
chr11,69122722,69123222,intergenic|chr11:69122722-69123222,intergenic,CCND1,69641104,False,0.019402,0.0741552574754828,0.001432,0.0052532524830491,69122972,518.132
chr11,69131494,69131994,intergenic|chr11:69131494-69131994,intergenic,CCND1,69641104,False,0.010246,0.0380527711768903,0.000681,0.0046920643641666,69131744,509.36
chr11,69137313,69137813,intergenic|chr11:69137313-69137813,intergenic,CCND1,69641104,False,0.001207,0.008182221445723,0.00023,0.0049976678932285,69137563,503.541
chr11,69138244,69138744,intergenic|chr11:69138244-69138744,intergenic,CCND1,69641104,False,0.002014,0.0092030760425448,0.000443,0.0050421056097541,69138494,502.61
chr11,69166215,69166932,intergenic|chr11:69166215-69166932,intergenic,CCND1,69641104,False,0.000303,0.0045210039839506,0.000361,0.0048863989590867,69166573,474.531
chr11,69167311,69167811,intergenic|chr11:69167311-69167811,intergenic,CCND1,69641104,False,8.7e-05,0.0044699817372852,0.000115,0.0047994251700405,69167561,473.543
chr11,69168294,69168794,intergenic|chr11:69168294-69168794,intergenic,CCND1,69641104,False,6.1e-05,0.0044080678098623,6.8e-05,0.0047166197398605,69168544,472.56
chr11,69172371,69173104,intergenic|chr11:69172371-69173104,intergenic,CCND1,69641104,False,0.000519,0.0074475473638242,4.4e-05,0.0050862160582097,69172737,468.367
chr11,69186195,69186695,intergenic|chr11:69186195-69186695,intergenic,CCND1,69641104,False,8.3e-05,0.0042283511520977,3.5e-05,0.0044257524285162,69186445,454.659
chr11,69210260,69210760,intergenic|chr11:69210260-69210760,intergenic,CCND1,69641104,False,0.000145,0.004776253949387,4.2e-05,0.0041495742967188,69210510,430.594
chr11,69215715,69216215,intergenic|chr11:69215715-69216215,intergenic,CCND1,69641104,False,0.000266,0.0066517804919568,0.000142,0.005423391086516,69215965,425.139
chr11,69218348,69218848,intergenic|chr11:69218348-69218848,intergenic,CCND1,69641104,False,0.000171,0.0065530779596789,9.2e-05,0.0053944026062881,69218598,422.506
chr11,69240642,69241515,intergenic|chr11:69240642-69241515,intergenic,CCND1,69641104,False,0.000783,0.0070574421797345,3.7e-05,0.0040348818777686,69241078,400.026
chr11,69252910,69253410,intergenic|chr11:69252910-69253410,intergenic,CCND1,69641104,False,0.000178,0.0041724017937217,5.2e-05,0.0040124717825304,69253160,387.944
chr11,69259029,69259529,intergenic|chr11:69259029-69259529,intergenic,CCND1,69641104,False,0.0001,0.0044916714343868,1.9e-05,0.0039410305251455,69259279,381.825
chr11,69280433,69280933,intergenic|chr11:69280433-69280933,intergenic,CCND1,69641104,False,0.000942,0.0087860742230502,0.000538,0.006844096323121,69280683,360.421
chr11,69280957,69281457,intergenic|chr11:69280957-69281457,intergenic,CCND1,69641104,False,0.002269,0.0106765256626585,0.001448,0.0077485610954524,69281207,359.897
chr11,69287892,69288392,intergenic|chr11:69287892-69288392,intergenic,CCND1,69641104,False,0.000444,0.0083234719908221,8.2e-05,0.0055094043020722,69288142,352.962
chr11,69293094,69293594,intergenic|chr11:69293094-69293594,intergenic,CCND1,69641104,False,0.009886,0.0527486789216646,0.000728,0.006488725065597,69293344,347.76
chr11,69293799,69294387,promoter|chr11:69293799-69294387,promoter,CCND1,69641104,False,0.023141,0.3590250643003321,0.001679,0.0258114134148118,69294093,347.011
chr11,69297255,69297755,genic|chr11:69297255-69297755,genic,CCND1,69641104,False,0.069341,0.6436195669043459,0.012765,0.0552808976906679,69297505,343.599
chr11,69298393,69298893,intergenic|chr11:69298393-69298893,intergenic,CCND1,69641104,False,0.046221,0.4605543238281183,0.008556,0.035951989304445,69298643,342.461
chr11,69301568,69302359,intergenic|chr11:69301568-69302359,intergenic,CCND1,69641104,False,0.059817,0.5177701924975002,0.010482,0.0374172136298492,69301963,339.141
chr11,69321183,69322255,intergenic|chr11:69321183-69322255,intergenic,CCND1,69641104,False,0.004667,0.0157263709831161,0.000791,0.0057913990945769,69321719,319.385
chr11,69335950,69336450,intergenic|chr11:69335950-69336450,intergenic,CCND1,69641104,False,0.000631,0.0079604028349278,0.000295,0.0062691152166488,69336200,304.904
chr11,69337217,69337717,intergenic|chr11:69337217-69337717,intergenic,CCND1,69641104,False,0.000429,0.0076239346811893,0.000118,0.0061491144980204,69337467,303.637
chr11,69351362,69351862,intergenic|chr11:69351362-69351862,intergenic,CCND1,69641104,False,0.004932,0.0276326695156242,0.000545,0.0069406589235127,69351612,289.492
chr11,69352155,69352655,intergenic|chr11:69352155-69352655,intergenic,CCND1,69641104,False,0.004454,0.0253910680214168,0.000479,0.0067369755415881,69352405,288.699
chr11,69352676,69353176,intergenic|chr11:69352676-69353176,intergenic,CCND1,69641104,False,0.00828,0.0399451250201194,0.000717,0.0068743910122973,69352926,288.178
chr11,69359837,69360337,intergenic|chr11:69359837-69360337,intergenic,CCND1,69641104,False,0.000316,0.0071976786737967,3.9e-05,0.0049918334140873,69360087,281.017
chr11,69362294,69362794,intergenic|chr11:69362294-69362794,intergenic,CCND1,69641104,False,0.000396,0.0071062687295686,5.5e-05,0.0048469253926475,69362544,278.56
chr11,69374063,69374563,intergenic|chr11:69374063-69374563,intergenic,CCND1,69641104,False,0.000395,0.0070060041343845,8.3e-05,0.0052400441808272,69374313,266.791
chr11,69376745,69377507,intergenic|chr11:69376745-69377507,intergenic,CCND1,69641104,False,0.001073,0.0091884422359024,0.000416,0.006546671958683,69377126,263.978
chr11,69382015,69382965,intergenic|chr11:69382015-69382965,intergenic,CCND1,69641104,False,0.006372,0.0223988362841068,0.000706,0.0056464552927766,69382490,258.614
chr11,69417067,69417567,intergenic|chr11:69417067-69417567,intergenic,CCND1,69641104,False,0.000332,0.0072719327308349,7.3e-05,0.005575491360544,69417317,223.787
chr11,69420220,69420971,intergenic|chr11:69420220-69420971,intergenic,CCND1,69641104,False,0.004943,0.0151673845219439,0.002343,0.0077814397190759,69420595,220.509
chr11,69436954,69437454,intergenic|chr11:69436954-69437454,intergenic,CCND1,69641104,False,0.003725,0.0208981497540198,0.000428,0.007171608106678,69437204,203.9
chr11,69441930,69442430,intergenic|chr11:69441930-69442430,intergenic,CCND1,69641104,False,0.000686,0.0132250739173518,0.000123,0.0070705315739357,69442180,198.924
chr11,69443252,69443752,intergenic|chr11:69443252-69443752,intergenic,CCND1,69641104,False,0.005712,0.0260251154685171,0.000639,0.0070169961650678,69443502,197.602
chr11,69460511,69461011,intergenic|chr11:69460511-69461011,intergenic,CCND1,69641104,False,0.000585,0.007089456915901,0.000164,0.0053429217701205,69460761,180.343
chr11,69485310,69485810,promoter|chr11:69485310-69485810,promoter,CCND1,69641104,False,0.000516,0.0218665363847449,0.000106,0.0161189191691074,69485560,155.544
chr11,69497124,69497624,intergenic|chr11:69497124-69497624,intergenic,CCND1,69641104,False,0.005613,0.0400355940418978,0.000958,0.0123675010013423,69497374,143.73
chr11,69510405,69510905,intergenic|chr11:69510405-69510905,intergenic,CCND1,69641104,False,0.000629,0.0137697446253667,0.000162,0.009529899073416,69510655,130.449
chr11,69525676,69526176,intergenic|chr11:69525676-69526176,intergenic,CCND1,69641104,False,0.000191,0.0111627160200983,0.000139,0.0097555882013983,69525926,115.178
chr11,69551069,69551569,intergenic|chr11:69551069-69551569,intergenic,CCND1,69641104,False,0.000142,0.0100357632305554,9.5e-05,0.0092040288843455,69551319,89.785
chr11,69564531,69565031,intergenic|chr11:69564531-69565031,intergenic,CCND1,69641104,False,0.000104,0.0094757768332877,0.000285,0.0105189503802701,69564781,76.323
chr11,69587519,69588019,intergenic|chr11:69587519-69588019,intergenic,CCND1,69641104,False,0.002689,0.0258545234856735,0.00134,0.0159163863990662,69587769,53.335
chr11,69588297,69588797,intergenic|chr11:69588297-69588797,intergenic,CCND1,69641104,False,0.004273,0.0304380943579624,0.001982,0.0165392257713325,69588547,52.557
chr11,69593803,69594303,intergenic|chr11:69593803-69594303,intergenic,CCND1,69641104,False,0.000403,0.0115351094394895,0.000465,0.0122787181116578,69594053,47.051
chr11,69598098,69598598,intergenic|chr11:69598098-69598598,intergenic,CCND1,69641104,False,0.001072,0.01489039378759,0.000393,0.0109310299703589,69598348,42.756
chr11,69629972,69630472,intergenic|chr11:69629972-69630472,intergenic,CCND1,69641104,False,0.001451,0.0163889189553506,0.001366,0.0183644852024547,69630222,10.882
chr11,69636374,69636874,intergenic|chr11:69636374-69636874,intergenic,CCND1,69641104,False,0.097128,0.8469532853186226,0.105975,0.8740757876211006,69636624,4.48
chr11,69637949,69638715,intergenic|chr11:69637949-69638715,intergenic,CCND1,69641104,False,0.168073,0.9329614157792446,0.187399,0.9483266508876872,69638332,2.772
chr11,69638862,69639362,intergenic|chr11:69638862-69639362,intergenic,CCND1,69641104,False,0.125137,0.849798307756119,0.132855,0.8709034919247753,69639112,1.992
chr11,69640854,69641377,promoter|chr11:69640854-69641377,promoter,CCND1,69641104,True,1.0,0.9997451545408564,1.0,0.9997589750997156,69641115,0.011
chr11,69643253,69643753,genic|chr11:69643253-69643753,genic,CCND1,69641104,False,0.039491,0.3951740431337621,0.041602,0.4305263349348185,69643503,2.399
chr11,69644193,69644693,genic|chr11:69644193-69644693,genic,CCND1,69641104,False,0.029643,0.3479753742453939,0.027293,0.3319236806520584,69644443,3.339
chr11,69654766,69655486,intergenic|chr11:69654766-69655486,intergenic,CCND1,69641104,False,0.00479,0.024381032535351,0.00511,0.0262219190876146,69655126,14.022
chr11,69661936,69662436,intergenic|chr11:69661936-69662436,intergenic,CCND1,69641104,False,0.000813,0.0125975662795687,0.001117,0.0134182197660434,69662186,21.082
chr11,69670163,69670663,genic|chr11:69670163-69670663,genic,CCND1,69641104,False,0.003295,0.0264666393047142,0.003911,0.0289431429184821,69670413,29.309
chr11,69675147,69675701,promoter|chr11:69675147-69675701,promoter,CCND1,69641104,False,0.006493,0.0796830464409762,0.011759,0.1598263200620302,69675424,34.32
chr11,69682172,69682672,intergenic|chr11:69682172-69682672,intergenic,CCND1,69641104,False,0.001226,0.0099394273986207,0.000844,0.0073549748967401,69682422,41.318
chr11,69683776,69684276,intergenic|chr11:69683776-69684276,intergenic,CCND1,69641104,False,0.001373,0.0114894974628451,0.000762,0.0081413620769031,69684026,42.922
chr11,69685818,69686318,intergenic|chr11:69685818-69686318,intergenic,CCND1,69641104,False,0.000538,0.0071737055013172,0.001286,0.0100664830582331,69686068,44.964
chr11,69687871,69689202,intergenic|chr11:69687871-69689202,intergenic,CCND1,69641104,False,0.002234,0.0100559567535202,0.005815,0.0208698885896635,69688536,47.432
chr11,69691446,69691946,intergenic|chr11:69691446-69691946,intergenic,CCND1,69641104,False,0.000605,0.007534317852417,0.001405,0.0107435387999516,69691696,50.592
chr11,69696865,69697594,intergenic|chr11:69696865-69697594,intergenic,CCND1,69641104,False,0.000799,0.0089459362190594,0.000937,0.0095296827557574,69697229,56.125
chr11,69700530,69701255,genic|chr11:69700530-69701255,genic,CCND1,69641104,False,0.001612,0.0109402752262335,0.002802,0.0144520524684996,69700892,59.788
chr11,69702388,69702888,genic|chr11:69702388-69702888,genic,CCND1,69641104,False,0.001143,0.010359193727777,0.001311,0.0115467422973693,69702638,61.534
chr11,69703134,69703634,genic|chr11:69703134-69703634,genic,CCND1,69641104,False,0.001195,0.0108243769225782,0.001268,0.0118575681850951,69703384,62.28
chr11,69703844,69704936,promoter|chr11:69703844-69704936,promoter,CCND1,69641104,False,0.002803,0.0392407603842019,0.003852,0.0495644840209973,69704390,63.286
chr11,69712089,69712589,intergenic|chr11:69712089-69712589,intergenic,CCND1,69641104,False,0.001121,0.0065678838132709,0.002915,0.0108995949584306,69712339,71.235
chr11,69712974,69713474,intergenic|chr11:69712974-69713474,intergenic,CCND1,69641104,False,0.00046,0.0062139878865172,0.001065,0.0085067177715557,69713224,72.12
chr11,69718079,69718579,intergenic|chr11:69718079-69718579,intergenic,CCND1,69641104,False,0.000206,0.0053466708003196,0.000422,0.0062971594212152,69718329,77.225
chr11,69721716,69722216,intergenic|chr11:69721716-69722216,intergenic,CCND1,69641104,False,0.000539,0.0064146275279307,0.00057,0.0068935942153595,69721966,80.862
chr11,69758979,69759479,intergenic|chr11:69758979-69759479,intergenic,CCND1,69641104,False,3.2e-05,0.0039955000844827,0.000128,0.0048402575206116,69759229,118.125
chr11,69770461,69770961,intergenic|chr11:69770461-69770961,intergenic,CCND1,69641104,False,0.000167,0.0053102294470227,8.7e-05,0.0050912960130723,69770711,129.607
chr11,69775153,69775653,promoter|chr11:69775153-69775653,promoter,CCND1,69641104,False,4.1e-05,0.0159031837970173,9.3e-05,0.0181703246049661,69775403,134.299
chr11,69791293,69791793,intergenic|chr11:69791293-69791793,intergenic,CCND1,69641104,False,9.9e-05,0.0031609936157425,0.000184,0.0034877741221224,69791543,150.439
chr11,69799487,69799987,intergenic|chr11:69799487-69799987,intergenic,CCND1,69641104,False,0.000983,0.0055436797904728,0.000743,0.0051206996736778,69799737,158.633
chr11,69801417,69801917,intergenic|chr11:69801417-69801917,intergenic,CCND1,69641104,False,0.000263,0.0044902678820461,0.00039,0.0049363925624903,69801667,160.563
chr11,69817093,69818335,genic|chr11:69817093-69818335,genic,CCND1,69641104,False,0.000858,0.0050030153182996,0.000234,0.004103632498282,69817714,176.61
chr11,69819174,69819674,promoter|chr11:69819174-69819674,promoter,CCND1,69641104,False,6.2e-05,0.0185496960808796,2e-05,0.017000280333526,69819424,178.32
chr11,69825021,69825904,intergenic|chr11:69825021-69825904,intergenic,CCND1,69641104,False,0.000727,0.0032997433248359,0.001132,0.0040085781877188,69825462,184.358
chr11,69840210,69841064,intergenic|chr11:69840210-69841064,intergenic,CCND1,69641104,False,0.001223,0.0045247045827744,0.000622,0.0040974245160566,69840637,199.533
chr11,69842037,69842537,intergenic|chr11:69842037-69842537,intergenic,CCND1,69641104,False,0.000334,0.0040613231488726,0.00022,0.0039965374964808,69842287,201.183
chr11,69852586,69853086,intergenic|chr11:69852586-69853086,intergenic,CCND1,69641104,False,5e-05,0.003474432108535,5.4e-05,0.0037703745911673,69852836,211.732
chr11,69854661,69855161,intergenic|chr11:69854661-69855161,intergenic,CCND1,69641104,False,0.000165,0.0035380578643642,0.000241,0.0038191551284483,69854911,213.807
chr11,69859296,69859796,intergenic|chr11:69859296-69859796,intergenic,CCND1,69641104,False,4.2e-05,0.0035733649350104,4.6e-05,0.0040709949348021,69859546,218.442
chr11,69867717,69868217,intergenic|chr11:69867717-69868217,intergenic,CCND1,69641104,False,0.000157,0.0034352647131233,7.6e-05,0.0031828059329148,69867967,226.863
chr11,69881894,69882394,intergenic|chr11:69881894-69882394,intergenic,CCND1,69641104,False,4.9e-05,0.0031653674138552,9.3e-05,0.0035853196305689,69882144,241.04
chr11,69888478,69889259,intergenic|chr11:69888478-69889259,intergenic,CCND1,69641104,False,0.000219,0.0040603550530095,0.00029,0.0041427887442477,69888868,247.764
chr11,69892567,69893067,intergenic|chr11:69892567-69893067,intergenic,CCND1,69641104,False,5.1e-05,0.0038685395344468,3e-05,0.003962442834441,69892817,251.713
chr11,69900513,69901013,intergenic|chr11:69900513-69901013,intergenic,CCND1,69641104,False,0.000134,0.0033372922801003,0.00053,0.0044836555198665,69900763,259.659
chr11,69906464,69906964,intergenic|chr11:69906464-69906964,intergenic,CCND1,69641104,False,0.000111,0.0040418295181534,6.3e-05,0.0040597554117602,69906714,265.61
chr11,69908595,69909095,intergenic|chr11:69908595-69909095,intergenic,CCND1,69641104,False,4.9e-05,0.00416216785829,2.8e-05,0.0041598611602959,69908845,267.741
chr11,69909766,69910504,intergenic|chr11:69909766-69910504,intergenic,CCND1,69641104,False,4.7e-05,0.0039670421717587,0.000196,0.0046976913667183,69910135,269.031
chr11,69912899,69913399,intergenic|chr11:69912899-69913399,intergenic,CCND1,69641104,False,5.3e-05,0.0040843724851077,8.9e-05,0.0047536982591987,69913149,272.045
chr11,69914514,69915014,intergenic|chr11:69914514-69915014,intergenic,CCND1,69641104,False,8e-05,0.00418958116943,0.000298,0.0050271544081464,69914764,273.66
chr11,69915369,69915869,intergenic|chr11:69915369-69915869,intergenic,CCND1,69641104,False,0.000395,0.0047905320869879,0.000537,0.0052672728172763,69915619,274.515
chr11,69918750,69919250,intergenic|chr11:69918750-69919250,intergenic,CCND1,69641104,False,0.000292,0.00473011545099,0.000296,0.0051050850390395,69919000,277.896
chr11,69934838,69935554,intergenic|chr11:69934838-69935554,intergenic,CCND1,69641104,False,0.000567,0.0039540420254081,0.000561,0.0042306603703786,69935196,294.092
chr11,69943023,69943523,intergenic|chr11:69943023-69943523,intergenic,CCND1,69641104,False,0.000102,0.0046252056185049,9.4e-05,0.0049898215217395,69943273,302.169
chr11,69947787,69948906,intergenic|chr11:69947787-69948906,intergenic,CCND1,69641104,False,0.003599,0.0091221356415043,0.014067,0.037527030792657,69948346,307.242
chr11,69949325,69949825,intergenic|chr11:69949325-69949825,intergenic,CCND1,69641104,False,0.001626,0.0067490252535424,0.006402,0.0174625857444897,69949575,308.471
chr11,69950001,69950501,intergenic|chr11:69950001-69950501,intergenic,CCND1,69641104,False,0.000294,0.0050315342694026,0.000917,0.0065970338203344,69950251,309.147
chr11,69956165,69956665,intergenic|chr11:69956165-69956665,intergenic,CCND1,69641104,False,3.5e-05,0.0034575101668309,0.000116,0.0040402907177635,69956415,315.311
chr11,69961951,69962898,intergenic|chr11:69961951-69962898,intergenic,CCND1,69641104,False,0.001037,0.0048497558746576,0.000985,0.00484543927417,69962424,321.32
chr11,70005928,70006428,intergenic|chr11:70005928-70006428,intergenic,CCND1,69641104,False,2e-05,0.003449468166443,2.4e-05,0.003741932550958,70006178,365.074
chr11,70016934,70017434,intergenic|chr11:70016934-70017434,intergenic,CCND1,69641104,False,0.000197,0.0036021069995621,0.001673,0.0061136159685299,70017184,376.08
chr11,70048548,70049048,intergenic|chr11:70048548-70049048,intergenic,CCND1,69641104,False,5.7e-05,0.0034954994030976,0.000295,0.0043737649788232,70048798,407.694
chr11,70063249,70063989,intergenic|chr11:70063249-70063989,intergenic,CCND1,69641104,False,0.0001,0.0043953676874703,0.000123,0.004763179304812,70063619,422.515
chr11,70067681,70068445,intergenic|chr11:70067681-70068445,intergenic,CCND1,69641104,False,8.3e-05,0.0037844216218908,0.000313,0.0045382307025631,70068063,426.959
chr11,70073949,70074449,intergenic|chr11:70073949-70074449,intergenic,CCND1,69641104,False,2.6e-05,0.0038816401979415,2.5e-05,0.0041867128241315,70074199,433.095
chr11,70077152,70077652,intergenic|chr11:70077152-70077652,intergenic,CCND1,69641104,False,3.3e-05,0.0035014444883884,0.000106,0.0040651072832279,70077402,436.298
chr11,70077752,70078869,promoter|chr11:70077752-70078869,promoter,CCND1,69641104,False,0.000177,0.0150954549847008,0.000717,0.0191340306305183,70078310,437.206
chr11,70079769,70080269,genic|chr11:70079769-70080269,genic,CCND1,69641104,False,0.00024,0.0034861494036506,0.000213,0.0036928392104315,70080019,438.915
chr11,70080752,70081252,genic|chr11:70080752-70081252,genic,CCND1,69641104,False,0.000345,0.0035794598430833,0.00035,0.0038137540110154,70081002,439.898
chr11,70082786,70083286,genic|chr11:70082786-70083286,genic,CCND1,69641104,False,0.000109,0.0034514179978215,0.000113,0.003676983608806,70083036,441.932
chr11,70108125,70108625,genic|chr11:70108125-70108625,genic,CCND1,69641104,False,3.7e-05,0.0030766909298472,3.1e-05,0.0033094800426819,70108375,467.271
chr11,70111530,70112030,genic|chr11:70111530-70112030,genic,CCND1,69641104,False,1.3e-05,0.0027815953148231,2.6e-05,0.0029848387495449,70111780,470.676
chr11,70128044,70128804,genic|chr11:70128044-70128804,genic,CCND1,69641104,False,0.000101,0.0024902553331954,0.000136,0.0027192586693544,70128424,487.32
chr11,70139965,70140465,genic|chr11:70139965-70140465,genic,CCND1,69641104,False,2.5e-05,0.0030366014317502,3.7e-05,0.0032619027069829,70140215,499.111
chr11,70142122,70142622,genic|chr11:70142122-70142622,genic,CCND1,69641104,False,5e-05,0.003010463264498,4.4e-05,0.0032768847208759,70142372,501.268
chr11,70145030,70145530,genic|chr11:70145030-70145530,genic,CCND1,69641104,False,1e-05,0.0030960880895134,2.1e-05,0.0033265667757447,70145280,504.176
chr11,70158117,70158617,genic|chr11:70158117-70158617,genic,CCND1,69641104,False,3.2e-05,0.0032198260931602,2.2e-05,0.0034515753418318,70158367,517.263
chr11,70159583,70160083,genic|chr11:70159583-70160083,genic,CCND1,69641104,False,0.000158,0.0031339877643376,0.000181,0.003317154307685,70159833,518.729
chr11,70177242,70177742,genic|chr11:70177242-70177742,genic,CCND1,69641104,False,2.7e-05,0.0025385076127205,3.1e-05,0.0027539476912969,70177492,536.388
chr11,70191474,70191974,intergenic|chr11:70191474-70191974,intergenic,CCND1,69641104,False,0.000201,0.0034552080193139,0.000321,0.0037706131990381,70191724,550.62
chr11,70196036,70196536,intergenic|chr11:70196036-70196536,intergenic,CCND1,69641104,False,2.6e-05,0.0031304853483401,3.1e-05,0.0034234788043175,70196286,555.182
chr11,70202912,70204253,promoter|chr11:70202912-70204253,promoter,CCND1,69641104,False,0.000391,0.0118072579881866,0.002123,0.0188142839356484,70203582,562.478
chr11,70226897,70227397,intergenic|chr11:70226897-70227397,intergenic,CCND1,69641104,False,0.000107,0.0025533158091441,0.000222,0.0029499261850964,70227147,586.043
chr11,70233403,70233903,intergenic|chr11:70233403-70233903,intergenic,CCND1,69641104,False,0.001019,0.0030439466422772,0.000353,0.0027000072657733,70233653,592.549
chr11,70263281,70263781,intergenic|chr11:70263281-70263781,intergenic,CCND1,69641104,False,7e-06,0.0023197490905008,2.4e-05,0.0026553993203009,70263531,622.427
chr11,70269770,70270270,promoter|chr11:70269770-70270270,promoter,CCND1,69641104,False,5.8e-05,0.0139493402081236,0.000508,0.018631295975381,70270020,628.916
chr11,70270363,70270949,promoter|chr11:70270363-70270949,promoter,CCND1,69641104,False,0.000141,0.0137158657100013,0.00139,0.0212281861274252,70270656,629.552
chr11,70297352,70297852,genic|chr11:70297352-70297852,genic,CCND1,69641104,False,1.6e-05,0.0021192699338537,1.4e-05,0.0022962844948534,70297602,656.498
chr11,70378438,70379229,genic|chr11:70378438-70379229,genic,CCND1,69641104,False,1.7e-05,0.0021058548119947,2.2e-05,0.0022851475140793,70378833,737.729
chr11,70389240,70389740,intergenic|chr11:70389240-70389740,intergenic,CCND1,69641104,False,1.1e-05,0.0025172405519586,1.2e-05,0.0027181666237281,70389490,748.386
chr11,70389759,70390259,intergenic|chr11:70389759-70390259,intergenic,CCND1,69641104,False,9e-06,0.002541885029958,0.000148,0.0032185837644654,70390009,748.905
chr11,70390439,70390939,intergenic|chr11:70390439-70390939,intergenic,CCND1,69641104,False,7e-06,0.0025700219320294,5.5e-05,0.0032293998147911,70390689,749.585
chr11,70397632,70398755,promoter|chr11:70397632-70398755,promoter,CCND1,69641104,False,0.000215,0.0144330377146638,0.001587,0.0218508958145061,70398193,757.089
chr11,70399411,70400204,genic|chr11:70399411-70400204,genic,CCND1,69641104,False,0.00021,0.0027141887660982,0.001484,0.0040683888893227,70399807,758.703
chr11,70434870,70435370,genic|chr11:70434870-70435370,genic,CCND1,69641104,False,8e-06,0.0019795584031237,5.3e-05,0.0023436370587575,70435120,794.016
chr11,70448956,70449456,intergenic|chr11:70448956-70449456,intergenic,CCND1,69641104,False,7.4e-05,0.0022052617405441,5e-05,0.0023315835031018,70449206,808.102
chr11,70457063,70457563,intergenic|chr11:70457063-70457563,intergenic,CCND1,69641104,False,1.3e-05,0.00200027291146,1.3e-05,0.0021682912761505,70457313,816.209
chr11,70467437,70467937,genic|chr11:70467437-70467937,genic,CCND1,69641104,False,7.1e-05,0.0026666966139941,9.2e-05,0.0028395526166853,70467687,826.583
chr11,70468396,70468896,genic|chr11:70468396-70468896,genic,CCND1,69641104,False,3.9e-05,0.0026830929196271,3.7e-05,0.0028600744881546,70468646,827.542
chr11,70471182,70471682,genic|chr11:70471182-70471682,genic,CCND1,69641104,False,0.000137,0.002738880430651,0.000206,0.0031456366044998,70471432,830.328
chr11,70482085,70482585,genic|chr11:70482085-70482585,genic,CCND1,69641104,False,8.4e-05,0.0025858647633811,0.000126,0.0028464569121761,70482335,841.231
chr11,70482952,70483452,genic|chr11:70482952-70483452,genic,CCND1,69641104,False,4.8e-05,0.0026355750032674,8.3e-05,0.0028826935558884,70483202,842.098
chr11,70490668,70491168,genic|chr11:70490668-70491168,genic,CCND1,69641104,False,8e-06,0.0020611546331618,7e-06,0.0022338002852447,70490918,849.814
chr11,70503777,70504277,genic|chr11:70503777-70504277,genic,CCND1,69641104,False,1.1e-05,0.0020707447393167,7.7e-05,0.0024556457966413,70504027,862.923
chr11,70511292,70511792,genic|chr11:70511292-70511792,genic,CCND1,69641104,False,5e-06,0.0024184581226732,7e-06,0.0026226260066351,70511542,870.438
chr11,70512714,70513214,genic|chr11:70512714-70513214,genic,CCND1,69641104,False,8e-06,0.002398421386087,1.1e-05,0.0026014547463067,70512964,871.86
chr11,70519061,70519561,genic|chr11:70519061-70519561,genic,CCND1,69641104,False,1.9e-05,0.0021051580509536,2.2e-05,0.0022834210396794,70519311,878.207
chr11,70556814,70557314,genic|chr11:70556814-70557314,genic,CCND1,69641104,False,5.4e-05,0.0021225622345918,7.3e-05,0.0023100936740924,70557064,915.96
chr11,70567703,70568899,genic|chr11:70567703-70568899,genic,CCND1,69641104,False,4.4e-05,0.0024872947042654,6.2e-05,0.0026294001242378,70568301,927.197
chr11,70569852,70570352,genic|chr11:70569852-70570352,genic,CCND1,69641104,False,8e-06,0.002647471810319,3.8e-05,0.0031309243327804,70570102,928.998
chr11,70650249,70650749,genic|chr11:70650249-70650749,genic,CCND1,69641104,False,8e-06,0.0019571739280966,8e-06,0.0021215797724059,70650499,1009.395
chr11,70661590,70662090,promoter|chr11:70661590-70662090,promoter,CCND1,69641104,False,3e-06,0.0101965988689849,0.000109,0.0132397171892605,70661840,1020.736
chr11,70675936,70676436,intergenic|chr11:70675936-70676436,intergenic,CCND1,69641104,False,5e-06,0.0018269715884879,6.3e-05,0.0021565707052428,70676186,1035.082
chr11,70699605,70700105,intergenic|chr11:70699605-70700105,intergenic,CCND1,69641104,False,6e-06,0.0018322958036783,1e-05,0.0019879235301843,70699855,1058.751
chr11,70723125,70723625,intergenic|chr11:70723125-70723625,intergenic,CCND1,69641104,False,3e-06,0.0018362693450788,4e-06,0.0019909629746135,70723375,1082.271
chr11,70732789,70733289,intergenic|chr11:70732789-70733289,intergenic,CCND1,69641104,False,0.000142,0.0020937762654105,0.000172,0.002230970667318,70733039,1091.935
chr11,70742540,70743040,intergenic|chr11:70742540-70743040,intergenic,CCND1,69641104,False,3e-06,0.0018512935693057,5.4e-05,0.0023347295989254,70742790,1101.686
chr11,70751092,70751592,intergenic|chr11:70751092-70751592,intergenic,CCND1,69641104,False,5e-06,0.0022332231636416,9e-06,0.0024228215734336,70751342,1110.238
chr11,70755436,70755936,intergenic|chr11:70755436-70755936,intergenic,CCND1,69641104,False,0.000127,0.0024466771791048,0.000151,0.0026378138677244,70755686,1114.582
chr11,70787843,70788732,intergenic|chr11:70787843-70788732,intergenic,CCND1,69641104,False,6.4e-05,0.0018951019775875,0.00134,0.0030309454081434,70788287,1147.183
chr11,70793454,70793954,intergenic|chr11:70793454-70793954,intergenic,CCND1,69641104,False,3e-06,0.0024081246622384,7e-06,0.0026135890843616,70793704,1152.6
chr11,70796537,70797037,intergenic|chr11:70796537-70797037,intergenic,CCND1,69641104,False,8.2e-05,0.0024365506583697,5.4e-05,0.0026152476029657,70796787,1155.683
chr11,70804322,70804822,intergenic|chr11:70804322-70804822,intergenic,CCND1,69641104,False,4e-06,0.0021736897292371,4.5e-05,0.0026084611278293,70804572,1163.468
chr11,70805967,70806467,intergenic|chr11:70805967-70806467,intergenic,CCND1,69641104,False,4.2e-05,0.0024523672697597,8e-06,0.0023689870835148,70806217,1165.113
chr11,70814797,70815297,intergenic|chr11:70814797-70815297,intergenic,CCND1,69641104,False,8e-06,0.0019127703503143,9.4e-05,0.0022826193524002,70815047,1173.943
chr11,70921731,70922231,intergenic|chr11:70921731-70922231,intergenic,CCND1,69641104,False,3e-06,0.001781503007999,4e-06,0.0019315918615927,70921981,1280.877
chr11,70928787,70929287,intergenic|chr11:70928787-70929287,intergenic,CCND1,69641104,False,5e-06,0.0017893848582685,5e-06,0.0019397235365918,70929037,1287.933
chr11,70934194,70934694,intergenic|chr11:70934194-70934694,intergenic,CCND1,69641104,False,9.8e-05,0.0024704953934853,1.1e-05,0.0023645117996721,70934444,1293.34
chr11,70934920,70935420,intergenic|chr11:70934920-70935420,intergenic,CCND1,69641104,False,1.5e-05,0.0021442712011296,2.1e-05,0.0023221195446987,70935170,1294.066
chr11,70942550,70943050,intergenic|chr11:70942550-70943050,intergenic,CCND1,69641104,False,5e-06,0.0018115672105992,1.1e-05,0.0019662742771024,70942800,1301.696
chr11,70951130,70951630,intergenic|chr11:70951130-70951630,intergenic,CCND1,69641104,False,5e-06,0.0018182435686724,0.000139,0.0024819743435763,70951380,1310.276
chr11,71062138,71062638,intergenic|chr11:71062138-71062638,intergenic,CCND1,69641104,False,3e-06,0.0018100483459877,4.2e-05,0.0021394624227855,71062388,1421.284
chr11,71078441,71078941,intergenic|chr11:71078441-71078941,intergenic,CCND1,69641104,False,1.1e-05,0.0021966462738655,1.6e-05,0.0024154441963579,71078691,1437.587
chr11,71080170,71080670,intergenic|chr11:71080170-71080670,intergenic,CCND1,69641104,False,1.2e-05,0.0021961775045528,2.4e-05,0.0023920234141938,71080420,1439.316
chr11,71086724,71087224,intergenic|chr11:71086724-71087224,intergenic,CCND1,69641104,False,5e-06,0.0018310133450114,6e-06,0.0019852649872645,71086974,1445.87
chr11,71120539,71121039,intergenic|chr11:71120539-71121039,intergenic,CCND1,69641104,False,4e-06,0.0018340128714132,1.1e-05,0.0019910566567192,71120789,1479.685
chr11,71152996,71153496,intergenic|chr11:71152996-71153496,intergenic,CCND1,69641104,False,9.4e-05,0.0021409176736425,5e-06,0.001992290655292,71153246,1512.142
chr11,71176760,71177260,intergenic|chr11:71176760-71177260,intergenic,CCND1,69641104,False,3e-06,0.0018418554720528,3.7e-05,0.0021588632742603,71177010,1535.906
chr11,71202463,71202963,intergenic|chr11:71202463-71202963,intergenic,CCND1,69641104,False,4e-06,0.0021516223714966,7e-06,0.00235774417592,71202713,1561.609
chr11,71204197,71204697,intergenic|chr11:71204197-71204697,intergenic,CCND1,69641104,False,4e-06,0.0021624563733385,8e-06,0.0023491334839861,71204447,1563.343
chr11,71251694,71253751,intergenic|chr11:71251694-71253751,intergenic,CCND1,69641104,False,8.6e-05,0.0018882342419905,0.00116,0.0027539964213468,71252722,1611.618
chr11,71282408,71282908,intergenic|chr11:71282408-71282908,intergenic,CCND1,69641104,False,0.000255,0.0025969069329608,1.6e-05,0.0024003306504722,71282658,1641.554
chr11,71283820,71284320,intergenic|chr11:71283820-71284320,intergenic,CCND1,69641104,False,9.8e-05,0.0026033587481682,6e-06,0.0024687642172533,71284070,1642.966
chr11,71287321,71287821,intergenic|chr11:71287321-71287821,intergenic,CCND1,69641104,False,2e-06,0.0023410361543183,7.6e-05,0.0029031642706741,71287571,1646.467
chr11,71299253,71299753,intergenic|chr11:71299253-71299753,intergenic,CCND1,69641104,False,7.9e-05,0.0019099598673307,0.000111,0.0020844275044734,71299503,1658.399
chr11,71309529,71310029,intergenic|chr11:71309529-71310029,intergenic,CCND1,69641104,False,2e-06,0.0018851527331063,5e-05,0.0022382809961639,71309779,1668.675
chr11,71328600,71329385,intergenic|chr11:71328600-71329385,intergenic,CCND1,69641104,False,5e-06,0.0018914275125603,8.4e-05,0.0022602263195165,71328992,1687.888
chr11,71336725,71337225,intergenic|chr11:71336725-71337225,intergenic,CCND1,69641104,False,4e-06,0.0018973394477451,4e-06,0.0020567294546205,71336975,1695.871
chr11,71343498,71343998,intergenic|chr11:71343498-71343998,intergenic,CCND1,69641104,False,5e-06,0.0019042521242045,9e-06,0.0020659790527679,71343748,1702.644
chr11,71372664,71373164,intergenic|chr11:71372664-71373164,intergenic,CCND1,69641104,False,2e-06,0.0019069046131177,4e-06,0.0020679765883845,71372914,1731.81
chr11,71420367,71420867,intergenic|chr11:71420367-71420867,intergenic,CCND1,69641104,False,6e-06,0.0023140661534402,6e-06,0.0025166208258379,71420617,1779.513
chr11,71425357,71426228,intergenic|chr11:71425357-71426228,intergenic,CCND1,69641104,False,1e-05,0.0021658652362558,1.6e-05,0.0023501896677673,71425792,1784.688
chr11,71426600,71427100,intergenic|chr11:71426600-71427100,intergenic,CCND1,69641104,False,2e-06,0.0021907206279436,6e-06,0.0023845327562127,71426850,1785.746
chr11,71448181,71448736,promoter|chr11:71448181-71448736,promoter,CCND1,69641104,False,0.000663,0.0152026768179077,5.8e-05,0.0132982661336253,71448458,1807.354
chr11,71452870,71453420,promoter|chr11:71452870-71453420,promoter,CCND1,69641104,False,3.1e-05,0.0124228443604094,0.000966,0.0184386115694821,71453145,1812.041
chr11,71454668,71455168,genic|chr11:71454668-71455168,genic,CCND1,69641104,False,4e-06,0.0020520860219728,0.00014,0.0026216027445919,71454918,1813.814
chr11,71500538,71501038,genic|chr11:71500538-71501038,genic,CCND1,69641104,False,5e-06,0.0016253990954536,7e-06,0.0017627346977444,71500788,1859.684
chr11,71527016,71527516,promoter|chr11:71527016-71527516,promoter,CCND1,69641104,False,2e-06,0.009570716108925,2.3e-05,0.0113098005354446,71527266,1886.162
chr11,71537774,71538274,promoter|chr11:71537774-71538274,promoter,CCND1,69641104,False,1e-06,0.0095631757631775,2e-06,0.0103620534414825,71538024,1896.92
chr11,71548169,71548669,promoter|chr11:71548169-71548669,promoter,CCND1,69641104,False,2.7e-05,0.0107242010463915,5.6e-05,0.0122072670583747,71548419,1907.315
chr11,71562093,71562593,intergenic|chr11:71562093-71562593,intergenic,CCND1,69641104,False,9e-06,0.001727392854341,1.6e-05,0.001882505678992,71562343,1921.239
chr11,71563420,71563920,intergenic|chr11:71563420-71563920,intergenic,CCND1,69641104,False,1.1e-05,0.0017191901718127,1.7e-05,0.0018866307864895,71563670,1922.566
chr11,71565312,71565812,promoter|chr11:71565312-71565812,promoter,CCND1,69641104,False,2e-06,0.011879998146787,7.8e-05,0.0146807661011312,71565562,1924.458
chr11,71580011,71580511,intergenic|chr11:71580011-71580511,intergenic,CCND1,69641104,False,9.2e-05,0.0018339707657243,1.2e-05,0.0017586666238075,71580261,1939.157
chr11,71580515,71581015,intergenic|chr11:71580515-71581015,intergenic,CCND1,69641104,False,7.9e-05,0.0018430259011622,7e-06,0.0017881566161377,71580765,1939.661
chr11,71582625,71583125,promoter|chr11:71582625-71583125,promoter,CCND1,69641104,False,3.2e-05,0.0129138605388584,2e-06,0.0126538397991117,71582875,1941.771
chr11,71614964,71615653,intergenic|chr11:71614964-71615653,intergenic,CCND1,69641104,False,6e-06,0.001309642002117,9e-06,0.0014206384483402,71615308,1974.204
chr11,71629999,71630499,intergenic|chr11:71629999-71630499,intergenic,CCND1,69641104,False,2e-06,0.0013121012285695,4e-06,0.0014230031206252,71630249,1989.145
chr11,71698923,71699423,intergenic|chr11:71698923-71699423,intergenic,CCND1,69641104,False,2e-06,0.0013121337242829,2e-06,0.0014224323503508,71699173,2058.069
chr11,71780759,71781259,intergenic|chr11:71780759-71781259,intergenic,CCND1,69641104,False,3e-06,0.00131181097995,0.000171,0.0018623333571277,71781009,2139.905
chr11,71786563,71787760,promoter|chr11:71786563-71787760,promoter,CCND1,69641104,False,6.9e-05,0.0095826855828274,0.002709,0.0195484807446231,71787161,2146.057
chr11,71800268,71800768,genic|chr11:71800268-71800768,genic,CCND1,69641104,False,0.000126,0.0016002185057989,4e-06,0.0013710014656108,71800518,2159.414
chr11,71813617,71814117,genic|chr11:71813617-71814117,genic,CCND1,69641104,False,6e-06,0.0012218568909953,9e-06,0.0013254231359044,71813867,2172.763
chr11,71821297,71821797,promoter|chr11:71821297-71821797,promoter,CCND1,69641104,False,2e-06,0.0094335979474821,2e-06,0.0102196049397706,71821547,2180.443
chr11,71832949,71833449,promoter|chr11:71832949-71833449,promoter,CCND1,69641104,False,1e-06,0.0094264758299905,1e-06,0.0102118955253413,71833199,2192.095
chr11,71863987,71864487,intergenic|chr11:71863987-71864487,intergenic,CCND1,69641104,False,3e-06,0.0011388389354491,0.000106,0.0014552120682993,71864237,2223.133
chr11,71928221,71929211,promoter|chr11:71928221-71929211,promoter,CCND1,69641104,False,7.5e-05,0.0095343389643446,0.000102,0.0103871796961306,71928716,2287.612
chr11,71936612,71937400,genic|chr11:71936612-71937400,genic,CCND1,69641104,False,1.4e-05,0.0010365375794797,0.000363,0.0013122013081729,71937006,2295.902
chr11,71947553,71948053,genic|chr11:71947553-71948053,genic,CCND1,69641104,False,5e-06,0.0010375417632713,7e-06,0.0011252632453204,71947803,2306.699
chr11,71959015,71959515,genic|chr11:71959015-71959515,genic,CCND1,69641104,False,2e-06,0.0010397725649862,4e-06,0.0011276825867153,71959265,2318.161
chr11,71977683,71978183,genic|chr11:71977683-71978183,genic,CCND1,69641104,False,3.8e-05,0.001146901650598,7.6e-05,0.0012310222153158,71977933,2336.829
chr11,71998661,71999161,promoter|chr11:71998661-71999161,promoter,CCND1,69641104,False,5e-06,0.0093667477202181,6e-06,0.0101493837089165,71998911,2357.807
chr11,72004225,72004725,genic|chr11:72004225-72004725,genic,CCND1,69641104,False,2e-06,0.001164162938477,3e-06,0.0012719541018476,72004475,2363.371
chr11,72005228,72005728,genic|chr11:72005228-72005728,genic,CCND1,69641104,False,2e-06,0.0011788276172219,3e-06,0.001267644518549,72005478,2364.374
chr11,72015617,72016117,genic|chr11:72015617-72016117,genic,CCND1,69641104,False,2e-06,0.0009906296321096,4e-06,0.0010743892174048,72015867,2374.763
chr11,72025030,72025790,genic|chr11:72025030-72025790,genic,CCND1,69641104,False,1e-05,0.0009951231114575,1.5e-05,0.0010799511457446,72025410,2384.306
chr11,72040603,72042106,genic|chr11:72040603-72042106,genic,CCND1,69641104,False,8.2e-05,0.0010129720741583,0.000101,0.0011025656314973,72041354,2400.25
chr11,72069849,72070349,genic|chr11:72069849-72070349,genic,CCND1,69641104,False,2.1e-05,0.0012795275339588,0.000468,0.0016419992722462,72070099,2428.995
chr11,72072233,72072733,genic|chr11:72072233-72072733,genic,CCND1,69641104,False,2.2e-05,0.0012819267138302,0.000505,0.0016558150159787,72072483,2431.379
chr11,72075051,72075551,genic|chr11:72075051-72075551,genic,CCND1,69641104,False,8e-06,0.001372399025522,1e-05,0.0014902299451273,72075301,2434.197
chr11,72080080,72080998,promoter|chr11:72080080-72080998,promoter,CCND1,69641104,False,0.002403,0.0194619988774769,0.012847,0.0874925517754254,72080539,2439.435
chr11,72091194,72091694,genic|chr11:72091194-72091694,genic,CCND1,69641104,False,0.00016,0.0010770847857987,0.000157,0.001145345531472,72091444,2450.34
chr11,72102824,72103692,promoter|chr11:72102824-72103692,promoter,CCND1,69641104,False,8.2e-05,0.0094792592973096,0.001908,0.0156607409940022,72103258,2462.154
chr11,72112145,72113032,promoter|chr11:72112145-72113032,promoter,CCND1,69641104,False,0.002563,0.01642979682751,0.005885,0.0302102135894967,72112588,2471.484
chr11,72135459,72135959,promoter|chr11:72135459-72135959,promoter,CCND1,69641104,False,1e-06,0.0093072704672819,2e-06,0.0100849882943601,72135709,2494.605
chr11,72141034,72141534,intergenic|chr11:72141034-72141534,intergenic,CCND1,69641104,False,2e-06,0.0010728416501528,4e-06,0.0011419462020328,72141284,2500.18
chr11,72143947,72144447,intergenic|chr11:72143947-72144447,intergenic,CCND1,69641104,False,8e-06,0.0010265730129252,7e-06,0.0011212045549528,72144197,2503.093
chr11,72183376,72183876,intergenic|chr11:72183376-72183876,intergenic,CCND1,69641104,False,6e-06,0.00088733049521,1.2e-05,0.000963184179324,72183626,2542.522
chr11,72189307,72189807,promoter|chr11:72189307-72189807,promoter,CCND1,69641104,False,1e-06,0.0112346647063833,5.4e-05,0.0136254179725322,72189557,2548.453
chr11,72191843,72192343,genic|chr11:72191843-72192343,genic,CCND1,69641104,False,7e-06,0.0009878581670151,1.4e-05,0.0010870506978317,72192093,2550.989
chr11,72216524,72217024,promoter|chr11:72216524-72217024,promoter,CCND1,69641104,False,7.2e-05,0.010370291319876,4e-06,0.0100574072637242,72216774,2575.67
chr11,72223037,72223537,intergenic|chr11:72223037-72223537,intergenic,CCND1,69641104,False,2.5e-05,0.001097581791979,0.000555,0.0014369724229626,72223287,2582.183
chr11,72223565,72224341,promoter|chr11:72223565-72224341,promoter,CCND1,69641104,False,2.5e-05,0.011960826942296,0.000624,0.0157755713687282,72223953,2582.849
chr11,72224587,72225087,promoter|chr11:72224587-72225087,promoter,CCND1,69641104,False,9e-06,0.0121010111322711,0.000208,0.0147463924519427,72224837,2583.733
chr11,72238072,72238572,genic|chr11:72238072-72238572,genic,CCND1,69641104,False,6e-06,0.0008323592340014,6e-06,0.0009023642134293,72238322,2597.218
chr11,72243926,72244426,promoter|chr11:72243926-72244426,promoter,CCND1,69641104,False,1e-06,0.0092683196816759,2e-06,0.0100428157652642,72244176,2603.072
chr11,72263255,72263755,intergenic|chr11:72263255-72263755,intergenic,CCND1,69641104,False,2e-06,0.0008148671782998,5e-06,0.0008839671813193,72263505,2622.401
chr11,72278815,72279315,intergenic|chr11:72278815-72279315,intergenic,CCND1,69641104,False,5e-06,0.0008173480420989,0.000155,0.0009876798508305,72279065,2637.961
chr11,72290753,72291253,intergenic|chr11:72290753-72291253,intergenic,CCND1,69641104,False,3e-06,0.000819014482619,5.8e-05,0.0009729394675995,72291003,2649.899
chr11,72321615,72322115,genic|chr11:72321615-72322115,genic,CCND1,69641104,False,2e-06,0.000977316237936,3e-06,0.0010597255574194,72321865,2680.761
chr11,72326078,72326578,genic|chr11:72326078-72326578,genic,CCND1,69641104,False,4e-06,0.0009814003746141,6e-06,0.0010586262722981,72326328,2685.224
chr11,72328344,72328844,genic|chr11:72328344-72328844,genic,CCND1,69641104,False,2e-06,0.0009827575183246,3e-06,0.0010656251683766,72328594,2687.49
chr11,72352816,72353316,genic|chr11:72352816-72353316,genic,CCND1,69641104,False,2e-06,0.0010131358230181,2e-06,0.0010889923355808,72353066,2711.962
chr11,72353836,72354799,genic|chr11:72353836-72354799,genic,CCND1,69641104,False,9e-06,0.0009624557281195,1.1e-05,0.0010225930636825,72354317,2713.213
chr11,72387926,72388426,genic|chr11:72387926-72388426,genic,CCND1,69641104,False,3e-06,0.0008303090541324,6e-06,0.0009007172763562,72388176,2747.072
chr11,72398062,72399026,genic|chr11:72398062-72399026,genic,CCND1,69641104,False,1.7e-05,0.000834846710294,2.3e-05,0.0009062166023397,72398544,2757.44
chr11,72413881,72414841,genic|chr11:72413881-72414841,genic,CCND1,69641104,False,8e-06,0.0009837386854737,1.5e-05,0.0010728278680478,72414361,2773.257
chr11,72419113,72419613,genic|chr11:72419113-72419613,genic,CCND1,69641104,False,3e-06,0.0010508092403647,0.000169,0.00136325194908,72419363,2778.259
chr11,72421273,72422128,genic|chr11:72421273-72422128,genic,CCND1,69641104,False,9e-06,0.00098919242522,0.000267,0.0012361442475432,72421700,2780.596
chr11,72434007,72434934,promoter|chr11:72434007-72434934,promoter,CCND1,69641104,False,6.4e-05,0.0093276930836084,9.5e-05,0.0101708102324322,72434470,2793.366
chr11,72440009,72440509,intergenic|chr11:72440009-72440509,intergenic,CCND1,69641104,False,1e-05,0.0008235136249453,1.5e-05,0.0008937261086098,72440259,2799.155
chr11,72446859,72447359,intergenic|chr11:72446859-72447359,intergenic,CCND1,69641104,False,4e-06,0.0008244910333309,0.00011,0.0009894917462737,72447109,2806.005
chr11,72470975,72471745,intergenic|chr11:72470975-72471745,intergenic,CCND1,69641104,False,1.2e-05,0.0008274464505649,0.000242,0.0010085609233582,72471360,2830.256
chr11,72482181,72482681,intergenic|chr11:72482181-72482681,intergenic,CCND1,69641104,False,3e-06,0.0008278044827566,0.000282,0.001092315618749,72482431,2841.327
chr11,72511674,72512174,intergenic|chr11:72511674-72512174,intergenic,CCND1,69641104,False,1e-06,0.00082884649908,3e-06,0.0008989393655104,72511924,2870.82
chr11,72535091,72535591,intergenic|chr11:72535091-72535591,intergenic,CCND1,69641104,False,3e-06,0.0008307564531153,8.9e-05,0.0009878442348864,72535341,2894.237
chr11,72553676,72554176,intergenic|chr11:72553676-72554176,intergenic,CCND1,69641104,False,2e-06,0.0008323032859914,4e-06,0.0009026881791423,72553926,2912.822
chr11,72569868,72570368,promoter|chr11:72569868-72570368,promoter,CCND1,69641104,False,6e-06,0.0112256699552498,1.1e-05,0.0120934841112631,72570118,2929.014
chr11,72570405,72570905,promoter|chr11:72570405-72570905,promoter,CCND1,69641104,False,5e-06,0.0112859172192507,6e-06,0.0122555445426131,72570655,2929.551
chr11,72573303,72573803,intergenic|chr11:72573303-72573803,intergenic,CCND1,69641104,False,4e-06,0.0010097346669337,5e-06,0.0010981079924871,72573553,2932.449
chr11,72585661,72586161,genic|chr11:72585661-72586161,genic,CCND1,69641104,False,0.000101,0.0010682244631342,5e-06,0.0010336105842564,72585911,2944.807
chr11,72589687,72590187,genic|chr11:72589687-72590187,genic,CCND1,69641104,False,5e-05,0.0010883026387515,3e-06,0.0010550913210077,72589937,2948.833
chr11,72598844,72599344,genic|chr11:72598844-72599344,genic,CCND1,69641104,False,5e-06,0.000964391806623,4e-06,0.0010372801201173,72599094,2957.99
chr11,72599723,72600223,genic|chr11:72599723-72600223,genic,CCND1,69641104,False,3e-06,0.000989037339137,3e-06,0.001046953249199,72599973,2958.869
chr11,72608962,72609901,genic|chr11:72608962-72609901,genic,CCND1,69641104,False,1.2e-05,0.0008278828751285,1.9e-05,0.0008988497612024,72609431,2968.327
chr11,72632412,72632912,genic|chr11:72632412-72632912,genic,CCND1,69641104,False,3e-06,0.0009721241752497,5e-06,0.0010741799954822,72632662,2991.558
chr11,72637233,72637733,genic|chr11:72637233-72637733,genic,CCND1,69641104,False,3e-06,0.0010748918005724,6e-06,0.0011621982454616,72637483,2996.379
chr11,72642210,72643953,promoter|chr11:72642210-72643953,promoter,CCND1,69641104,False,0.000834,0.0120228707287247,0.000938,0.0130870669629618,72643081,3001.977
chr11,72667255,72667755,intergenic|chr11:72667255-72667755,intergenic,CCND1,69641104,False,1e-06,0.0008136090908895,2e-06,0.0008822264953996,72667505,3026.401
chr11,72676702,72677202,intergenic|chr11:72676702-72677202,intergenic,CCND1,69641104,False,2e-06,0.0008156118657411,2e-06,0.0008842095661812,72676952,3035.848
chr11,72683674,72684174,intergenic|chr11:72683674-72684174,intergenic,CCND1,69641104,False,3e-06,0.0009999380075129,2e-05,0.0011041588930563,72683924,3042.82
chr11,72684475,72685240,genic|chr11:72684475-72685240,genic,CCND1,69641104,False,8e-06,0.0009734970101995,4.8e-05,0.0010775232381349,72684857,3043.753
chr11,72700008,72700728,genic|chr11:72700008-72700728,genic,CCND1,69641104,False,6e-06,0.0008218481892402,0.000121,0.0010000517745782,72700368,3059.264
chr11,72722108,72722837,promoter|chr11:72722108-72722837,promoter,CCND1,69641104,False,2.1e-05,0.0112133753459148,3e-05,0.0121801583865206,72722472,3081.368
chr11,72725156,72725656,intergenic|chr11:72725156-72725656,intergenic,CCND1,69641104,False,8e-06,0.0010270592334983,1.2e-05,0.0011128812371845,72725406,3084.302
chr11,72735545,72736045,intergenic|chr11:72735545-72736045,intergenic,CCND1,69641104,False,1e-05,0.0010058866966835,1.4e-05,0.0010984445380613,72735795,3094.691
chr11,72736288,72737054,intergenic|chr11:72736288-72737054,intergenic,CCND1,69641104,False,1.2e-05,0.0010042541947739,2e-05,0.001088610117282,72736671,3095.567
chr11,72752262,72752994,intergenic|chr11:72752262-72752994,intergenic,CCND1,69641104,False,1.7e-05,0.0008138633354459,0.00058,0.0010853713841228,72752628,3111.524
chr11,72764418,72764918,genic|chr11:72764418-72764918,genic,CCND1,69641104,False,3e-06,0.0008130864091312,3e-06,0.000881471891368,72764668,3123.564
chr11,72781031,72781531,genic|chr11:72781031-72781531,genic,CCND1,69641104,False,7e-06,0.0010071698412288,0.000226,0.0012490908990357,72781281,3140.177
chr11,72781703,72782367,genic|chr11:72781703-72782367,genic,CCND1,69641104,False,6e-06,0.0010136894701038,0.000232,0.0012527810798405,72782035,3140.931
chr11,72782473,72782973,genic|chr11:72782473-72782973,genic,CCND1,69641104,False,4e-06,0.0010336436400967,9e-05,0.0012493477667146,72782723,3141.619
chr11,72787158,72787658,genic|chr11:72787158-72787658,genic,CCND1,69641104,False,4e-06,0.0009788833424997,6e-06,0.0010477420546629,72787408,3146.304
chr11,72793455,72794327,promoter|chr11:72793455-72794327,promoter,CCND1,69641104,False,0.000597,0.0112515881519757,0.002402,0.0189667061835047,72793891,3152.787
chr11,72812610,72813615,intergenic|chr11:72812610-72813615,intergenic,CCND1,69641104,False,4.2e-05,0.0010924427688103,4.9e-05,0.0011860243031673,72813112,3172.008
chr11,72813842,72815212,promoter|chr11:72813842-72815212,promoter,CCND1,69641104,False,8.7e-05,0.0120790550280715,0.000126,0.0130774506721547,72814527,3173.423
chr11,72821959,72822820,genic|chr11:72821959-72822820,genic,CCND1,69641104,False,2.3e-05,0.0007950310722694,0.001371,0.0013354267452208,72822389,3181.285
chr11,72831406,72832132,intergenic|chr11:72831406-72832132,intergenic,CCND1,69641104,False,9e-06,0.0007942781037794,9e-06,0.0008610830570861,72831769,3190.665
chr11,72840674,72841174,genic|chr11:72840674-72841174,genic,CCND1,69641104,False,3e-06,0.0007949149776728,8.4e-05,0.000942569493753,72840924,3199.82
chr11,72847936,72848436,genic|chr11:72847936-72848436,genic,CCND1,69641104,False,2e-06,0.0009283144982225,4.9e-05,0.0010975463225744,72848186,3207.082
chr11,72848819,72849319,genic|chr11:72848819-72849319,genic,CCND1,69641104,False,2e-06,0.0009356216470206,6e-05,0.0010943444410485,72849069,3207.965
chr11,72856941,72857441,genic|chr11:72856941-72857441,genic,CCND1,69641104,False,3.1e-05,0.0008822552338552,4.6e-05,0.000944467844233,72857191,3216.087
chr11,72924528,72925028,genic|chr11:72924528-72925028,genic,CCND1,69641104,False,1e-06,0.0007848864814163,3e-06,0.0008512649586501,72924778,3283.674
chr11,72958812,72959312,genic|chr11:72958812-72959312,genic,CCND1,69641104,False,1e-06,0.0009126761209079,2e-06,0.0009821159666923,72959062,3317.958
chr11,72962012,72962512,genic|chr11:72962012-72962512,genic,CCND1,69641104,False,2e-06,0.0009064976534497,2e-06,0.0009827318589518,72962262,3321.158
chr11,72969762,72970262,genic|chr11:72969762-72970262,genic,CCND1,69641104,False,2e-06,0.0007894005863804,2e-06,0.0008557956539753,72970012,3328.908
chr11,73141717,73142868,promoter|chr11:73141717-73142868,promoter,CCND1,69641104,False,4e-05,0.0090794578233806,5.3e-05,0.0098631740570895,73142292,3501.188
chr11,73177990,73178819,intergenic|chr11:73177990-73178819,intergenic,CCND1,69641104,False,3e-06,0.0007721597394649,0.000135,0.0009334816002179,73178404,3537.3
chr11,73184908,73185651,intergenic|chr11:73184908-73185651,intergenic,CCND1,69641104,False,8e-06,0.0009236734232896,1.3e-05,0.0009892858511692,73185279,3544.175
chr11,73187780,73188280,intergenic|chr11:73187780-73188280,intergenic,CCND1,69641104,False,3e-06,0.0009795844569138,3e-06,0.0010683123612514,73188030,3546.926
chr11,73192222,73192722,intergenic|chr11:73192222-73192722,intergenic,CCND1,69641104,False,7e-06,0.0009950754139469,1.2e-05,0.0010772093768841,73192472,3551.368
chr11,73194519,73195019,intergenic|chr11:73194519-73195019,intergenic,CCND1,69641104,False,5e-06,0.0010054254572019,7e-06,0.0010934768367359,73194769,3553.665
chr11,73195194,73195694,intergenic|chr11:73195194-73195694,intergenic,CCND1,69641104,False,1.3e-05,0.0009966655696526,1.8e-05,0.0010864315377928,73195444,3554.34
chr11,73198563,73199063,intergenic|chr11:73198563-73199063,intergenic,CCND1,69641104,False,7e-06,0.0009948668315367,1.1e-05,0.0010786415802647,73198813,3557.709
chr11,73217995,73219001,promoter|chr11:73217995-73219001,promoter,CCND1,69641104,False,1.3e-05,0.0090090163575697,0.000511,0.011723318490417,73218498,3577.394
chr11,73227796,73228583,genic|chr11:73227796-73228583,genic,CCND1,69641104,False,7e-06,0.0007696998843441,1.1e-05,0.0008351504925122,73228189,3587.085
chr11,73236856,73237356,genic|chr11:73236856-73237356,genic,CCND1,69641104,False,4e-06,0.0007707114917169,6e-06,0.0008358920747522,73237106,3596.002
chr11,73242265,73243007,genic|chr11:73242265-73243007,genic,CCND1,69641104,False,1.9e-05,0.0007747493446411,2.4e-05,0.0008408068976769,73242636,3601.532
chr11,73249218,73249718,intergenic|chr11:73249218-73249718,intergenic,CCND1,69641104,False,2e-06,0.000936325646923,4e-06,0.0009867973132524,73249468,3608.364
chr11,73252559,73253304,intergenic|chr11:73252559-73253304,intergenic,CCND1,69641104,False,5e-06,0.0009701240886128,3e-06,0.001064111608806,73252931,3611.827
chr11,73257247,73258295,intergenic|chr11:73257247-73258295,intergenic,CCND1,69641104,False,9e-06,0.0009415643316342,1.9e-05,0.0009940086432288,73257771,3616.667
chr11,73264206,73264754,promoter|chr11:73264206-73264754,promoter,CCND1,69641104,False,5e-06,0.0089827178678072,0.00019,0.0109627602895221,73264480,3623.376
chr11,73271940,73272440,genic|chr11:73271940-73272440,genic,CCND1,69641104,False,2e-06,0.0007642017778054,4e-06,0.0008288323488337,73272190,3631.086
chr11,73288976,73289905,genic|chr11:73288976-73289905,genic,CCND1,69641104,False,0.000367,0.0009116388891807,2.2e-05,0.0008334187586674,73289440,3648.336
chr11,73294582,73295082,genic|chr11:73294582-73295082,genic,CCND1,69641104,False,1e-06,0.0009774689488084,0.000109,0.0011862791756035,73294832,3653.728
chr11,73295134,73295874,genic|chr11:73295134-73295874,genic,CCND1,69641104,False,6e-06,0.0008833108973976,9e-06,0.0009913239159547,73295504,3654.4
chr11,73307253,73308867,promoter|chr11:73307253-73308867,promoter,CCND1,69641104,False,8.3e-05,0.0116579131278337,0.000136,0.0127533525049356,73308060,3666.956
chr11,73309109,73309609,promoter|chr11:73309109-73309609,promoter,CCND1,69641104,False,2.1e-05,0.0121418560774995,3e-05,0.0132321480045081,73309359,3668.255
chr11,73314247,73314927,genic|chr11:73314247-73314927,genic,CCND1,69641104,False,4e-06,0.0009695505869258,0.000267,0.0013140840088931,73314587,3673.483
chr11,73327036,73327973,genic|chr11:73327036-73327973,genic,CCND1,69641104,False,5e-06,0.0009155407027651,6e-06,0.0009923348062023,73327504,3686.4
chr11,73330515,73331015,genic|chr11:73330515-73331015,genic,CCND1,69641104,False,5e-06,0.000965065718768,6e-06,0.0010367731309384,73330765,3689.661
chr11,73334431,73334931,genic|chr11:73334431-73334931,genic,CCND1,69641104,False,5e-06,0.0009521488697365,6e-06,0.0010249124841683,73334681,3693.577
chr11,73335404,73335904,genic|chr11:73335404-73335904,genic,CCND1,69641104,False,7e-06,0.0009485868767299,7e-06,0.0010234906167748,73335654,3694.55
chr11,73351148,73351648,genic|chr11:73351148-73351648,genic,CCND1,69641104,False,5e-06,0.0007640794654329,0.000117,0.0009267822293725,73351398,3710.294
chr11,73360403,73360903,genic|chr11:73360403-73360903,genic,CCND1,69641104,False,2e-06,0.0009474091279875,2e-06,0.0010170588329103,73360653,3719.549
chr11,73361788,73362502,genic|chr11:73361788-73362502,genic,CCND1,69641104,False,9e-06,0.0009034277542165,1e-05,0.0009640437843426,73362145,3721.041
chr11,73372342,73372842,intergenic|chr11:73372342-73372842,intergenic,CCND1,69641104,False,4e-06,0.0010163188906335,0.000119,0.0012251587355806,73372592,3731.488
chr11,73376073,73376917,promoter|chr11:73376073-73376917,promoter,CCND1,69641104,False,0.001053,0.0156505735730316,4.4e-05,0.0124636312290881,73376495,3735.391
chr11,73377038,73377538,promoter|chr11:73377038-73377538,promoter,CCND1,69641104,False,0.000523,0.0144354516975923,2.3e-05,0.0126771965351415,73377288,3736.184
chr11,73393499,73393999,genic|chr11:73393499-73393999,genic,CCND1,69641104,False,5e-06,0.0007564074659584,4e-06,0.000819855113842,73393749,3752.645
chr11,73402718,73403218,genic|chr11:73402718-73403218,genic,CCND1,69641104,False,3e-06,0.0009127283266512,3e-06,0.0009806472434371,73402968,3761.864
chr11,73404017,73404517,genic|chr11:73404017-73404517,genic,CCND1,69641104,False,4e-06,0.0008989521547966,5e-06,0.0009666181787128,73404267,3763.163
chr11,73412475,73412975,genic|chr11:73412475-73412975,genic,CCND1,69641104,False,2e-06,0.0007600990118521,2e-06,0.000824031608996,73412725,3771.621
chr11,73478690,73479190,genic|chr11:73478690-73479190,genic,CCND1,69641104,False,4e-06,0.0007606647478799,5e-06,0.0008248206150287,73478940,3837.836
chr11,73494188,73494688,genic|chr11:73494188-73494688,genic,CCND1,69641104,False,2.3e-05,0.0007649783955207,2.8e-05,0.0008302031867647,73494438,3853.334
chr11,73513435,73514133,genic|chr11:73513435-73514133,genic,CCND1,69641104,False,4e-06,0.0007630031244952,0.000226,0.0009412018577633,73513784,3872.68
chr11,73521533,73522033,genic|chr11:73521533-73522033,genic,CCND1,69641104,False,8e-06,0.0007650126383524,1e-05,0.0008297115170826,73521783,3880.679
chr11,73570397,73570897,genic|chr11:73570397-73570897,genic,CCND1,69641104,False,3e-06,0.0007647663512521,3e-06,0.0008290911966952,73570647,3929.543
chr11,73597939,73598841,promoter|chr11:73597939-73598841,promoter,CCND1,69641104,False,2.7e-05,0.0089484278159984,3.5e-05,0.0097107543488231,73598390,3957.286
chr11,73612599,73613099,intergenic|chr11:73612599-73613099,intergenic,CCND1,69641104,False,2e-06,0.000752503056899,2e-06,0.000815797273195,73612849,3971.745
chr11,73618652,73619152,intergenic|chr11:73618652-73619152,intergenic,CCND1,69641104,False,1e-06,0.0007537023700505,4e-05,0.0008940144014607,73618902,3977.798
chr11,73625643,73626143,intergenic|chr11:73625643-73626143,intergenic,CCND1,69641104,False,3e-06,0.0007553643387792,6e-06,0.0008194226402278,73625893,3984.789
chr11,73645927,73646427,promoter|chr11:73645927-73646427,promoter,CCND1,69641104,False,4e-06,0.0111042714317876,0.000158,0.0135217102711674,73646177,4005.073
chr11,73647350,73647850,genic|chr11:73647350-73647850,genic,CCND1,69641104,False,1e-05,0.0009547018647874,0.000426,0.0012086991942046,73647600,4006.496
chr11,73652281,73653259,genic|chr11:73652281-73653259,genic,CCND1,69641104,False,1.5e-05,0.0009348229794291,1.2e-05,0.0010130721892219,73652770,4011.666
chr11,73660883,73661701,genic|chr11:73660883-73661701,genic,CCND1,69641104,False,9e-06,0.000747612984201,1.2e-05,0.0008110141586368,73661292,4020.188
chr11,73729768,73730268,genic|chr11:73729768-73730268,genic,CCND1,69641104,False,2e-06,0.0007467054692398,4e-06,0.0008098575303222,73730018,4088.914
chr11,73760906,73761535,promoter|chr11:73760906-73761535,promoter,CCND1,69641104,False,3.2e-05,0.0089231136923207,4.2e-05,0.0096873724413814,73761220,4120.116
chr11,73770027,73770669,intergenic|chr11:73770027-73770669,intergenic,CCND1,69641104,False,2e-06,0.0007353644316667,3e-06,0.0007973881602982,73770348,4129.244
chr11,73779025,73780013,intergenic|chr11:73779025-73780013,intergenic,CCND1,69641104,False,7.5e-05,0.0009158066851121,0.000113,0.0009979168666595,73779519,4138.415
chr11,73784251,73784751,intergenic|chr11:73784251-73784751,intergenic,CCND1,69641104,False,6e-06,0.0010204683405929,8e-06,0.001108303777843,73784501,4143.397
chr11,73787606,73788403,promoter|chr11:73787606-73788403,promoter,CCND1,69641104,False,5.8e-05,0.0109563884538792,8.7e-05,0.0119057340725878,73788004,4146.9
chr11,73795843,73796343,genic|chr11:73795843-73796343,genic,CCND1,69641104,False,4e-06,0.0007276941992858,3e-06,0.00078873525545,73796093,4154.989
chr11,73821436,73821936,genic|chr11:73821436-73821936,genic,CCND1,69641104,False,1e-06,0.0007281765201909,2e-06,0.0007895944860168,73821686,4180.582
chr11,73847622,73848122,genic|chr11:73847622-73848122,genic,CCND1,69641104,False,1e-06,0.0007291130916027,3e-06,0.0007907785015444,73847872,4206.768
chr11,73858758,73859258,genic|chr11:73858758-73859258,genic,CCND1,69641104,False,1e-06,0.0007302537335644,1e-06,0.0007916780069443,73859008,4217.904
chr11,73866231,73866969,intergenic|chr11:73866231-73866969,intergenic,CCND1,69641104,False,5e-06,0.0008621415684681,8e-06,0.0009160304860235,73866600,4225.496
chr11,73869140,73869640,intergenic|chr11:73869140-73869640,intergenic,CCND1,69641104,False,2e-06,0.0008928342421709,2e-06,0.000972413253832,73869390,4228.286
chr11,73876595,73877218,promoter|chr11:73876595-73877218,promoter,CCND1,69641104,False,0.003082,0.0183765785217024,6.6e-05,0.0097104466503607,73876906,4235.802
chr11,73907099,73907599,genic|chr11:73907099-73907599,genic,CCND1,69641104,False,3e-06,0.0007114024452229,4e-06,0.0007714066629169,73907349,4266.245
chr11,73916394,73916894,genic|chr11:73916394-73916894,genic,CCND1,69641104,False,2e-06,0.0007124119507427,2e-06,0.0007723366473881,73916644,4275.54
chr11,73931237,73931737,intergenic|chr11:73931237-73931737,intergenic,CCND1,69641104,False,5e-06,0.0007139039028439,6e-06,0.0007741189129997,73931487,4290.383
chr11,73941550,73942050,intergenic|chr11:73941550-73942050,intergenic,CCND1,69641104,False,1e-06,0.000714435555602,3.9e-05,0.0008459923069553,73941800,4300.696
chr11,73950068,73950568,promoter|chr11:73950068-73950568,promoter,CCND1,69641104,False,1e-06,0.0107344814124846,5.2e-05,0.0127818631956775,73950318,4309.214
chr11,73950719,73951219,promoter|chr11:73950719-73951219,promoter,CCND1,69641104,False,5e-06,0.0106375967709288,0.000178,0.0131310915845567,73950969,4309.865
chr11,73955837,73956595,genic|chr11:73955837-73956595,genic,CCND1,69641104,False,3e-06,0.0008589682938822,4e-06,0.0009208039534959,73956216,4315.112
chr11,73964272,73964772,genic|chr11:73964272-73964772,genic,CCND1,69641104,False,3e-06,0.000706214520296,0.000137,0.0008621093428882,73964522,4323.418
chr11,73982594,73983601,promoter|chr11:73982594-73983601,promoter,CCND1,69641104,False,3.3e-05,0.0088803888928051,4.7e-05,0.0096491367081946,73983097,4341.993
chr11,74008987,74009487,promoter|chr11:74008987-74009487,promoter,CCND1,69641104,False,2e-06,0.0088171164706507,0.00021,0.0117147637540057,74009237,4368.133
chr11,74024525,74025025,intergenic|chr11:74024525-74025025,intergenic,CCND1,69641104,False,1e-06,0.0008405071606674,2e-06,0.0009134027724652,74024775,4383.671
chr11,74025353,74026132,intergenic|chr11:74025353-74026132,intergenic,CCND1,69641104,False,3e-06,0.0008277499371779,0.000132,0.0010002707525887,74025742,4384.638
chr11,74026765,74027265,intergenic|chr11:74026765-74027265,intergenic,CCND1,69641104,False,3e-06,0.0008319336871972,9.9e-05,0.0010024141260577,74027015,4385.911
chr11,74037206,74037706,genic|chr11:74037206-74037706,genic,CCND1,69641104,False,7e-06,0.0006900877296377,8e-06,0.0007482954108485,74037456,4396.352
chr11,74055888,74056388,genic|chr11:74055888-74056388,genic,CCND1,69641104,False,4e-06,0.0008204986830383,5e-06,0.0008870897087313,74056138,4415.034
chr11,74057227,74057727,genic|chr11:74057227-74057727,genic,CCND1,69641104,False,2e-06,0.0008328074572547,3e-06,0.0009012265790058,74057477,4416.373
chr11,74090671,74091171,genic|chr11:74090671-74091171,genic,CCND1,69641104,False,1e-06,0.0007902991834856,3e-06,0.0008750112350049,74090921,4449.817
chr11,74094334,74094834,genic|chr11:74094334-74094834,genic,CCND1,69641104,False,1e-06,0.0007923378881858,2e-06,0.0008818836230629,74094584,4453.48
chr11,74134946,74135951,genic|chr11:74134946-74135951,genic,CCND1,69641104,False,9e-06,0.0008973248443683,1.4e-05,0.0009751011377181,74135448,4494.344
chr11,74138489,74138989,genic|chr11:74138489-74138989,genic,CCND1,69641104,False,2.1e-05,0.0008909938096009,3.1e-05,0.000970907971468,74138739,4497.635
chr11,74141306,74141806,genic|chr11:74141306-74141806,genic,CCND1,69641104,False,6e-06,0.0008997673591613,1.1e-05,0.0009777554640628,74141556,4500.452
chr11,74147160,74147660,genic|chr11:74147160-74147660,genic,CCND1,69641104,False,5e-06,0.0008244919734027,9e-06,0.000901528366406,74147410,4506.306
chr11,74149475,74149975,genic|chr11:74149475-74149975,genic,CCND1,69641104,False,2e-06,0.0008674775545425,4e-06,0.0009438968809607,74149725,4508.621
chr11,74154547,74155047,genic|chr11:74154547-74155047,genic,CCND1,69641104,False,2e-06,0.0008266849930513,3e-06,0.0009033487714279,74154797,4513.693
chr11,74170769,74171403,promoter|chr11:74170769-74171403,promoter,CCND1,69641104,False,2.8e-05,0.008834928816484,4.5e-05,0.0096058541341555,74171086,4529.982
chr11,74182587,74183087,genic|chr11:74182587-74183087,genic,CCND1,69641104,False,2e-06,0.0006807932531755,4e-06,0.0007383749566143,74182837,4541.733
chr11,74226821,74227321,genic|chr11:74226821-74227321,genic,CCND1,69641104,False,1e-06,0.0006811611379365,2e-06,0.0007386165278137,74227071,4585.967
chr11,74255479,74256215,intergenic|chr11:74255479-74256215,intergenic,CCND1,69641104,False,3e-06,0.0006822152353297,0.000138,0.000823247971562,74255847,4614.743
chr11,74288075,74288575,genic|chr11:74288075-74288575,genic,CCND1,69641104,False,3e-06,0.0006828923359898,0.000148,0.00083311222534,74288325,4647.221
chr11,74311111,74311934,promoter|chr11:74311111-74311934,promoter,CCND1,69641104,False,7e-06,0.0087701194352206,9e-06,0.0095053888398101,74311522,4670.418
chr11,74316738,74317238,genic|chr11:74316738-74317238,genic,CCND1,69641104,False,1e-06,0.0007984768677421,1e-06,0.000878281620117,74316988,4675.884
chr11,74319115,74319615,genic|chr11:74319115-74319615,genic,CCND1,69641104,False,2e-06,0.000791929785035,4e-06,0.0008577539705821,74319365,4678.261
chr11,74321408,74321908,genic|chr11:74321408-74321908,genic,CCND1,69641104,False,1e-06,0.0008011384970936,6.5e-05,0.0009639734092,74321658,4680.554
chr11,74380988,74381488,genic|chr11:74380988-74381488,genic,CCND1,69641104,False,2e-06,0.0006673383473428,3e-06,0.0007236286249003,74381238,4740.134
chr11,74388576,74389076,genic|chr11:74388576-74389076,genic,CCND1,69641104,False,2e-06,0.0006683540244746,0.000256,0.0008873060827814,74388826,4747.722
chr11,74397361,74397861,genic|chr11:74397361-74397861,genic,CCND1,69641104,False,5e-06,0.0008597630889509,0.00022,0.0010584174769252,74397611,4756.507
chr11,74398215,74399085,promoter|chr11:74398215-74399085,promoter,CCND1,69641104,False,1.7e-05,0.0107006242960912,0.000802,0.0147254591282175,74398650,4757.546
chr11,74417227,74417727,intergenic|chr11:74417227-74417727,intergenic,CCND1,69641104,False,3e-06,0.0007945330606497,5e-06,0.0008668931164512,74417477,4776.373
chr11,74418368,74418868,intergenic|chr11:74418368-74418868,intergenic,CCND1,69641104,False,3e-06,0.0007995114802981,5e-06,0.0008702386601235,74418618,4777.514
chr11,74443012,74443512,intergenic|chr11:74443012-74443512,intergenic,CCND1,69641104,False,2e-06,0.0006630596741024,3e-06,0.0007189893033881,74443262,4802.158
chr11,74449265,74449765,intergenic|chr11:74449265-74449765,intergenic,CCND1,69641104,False,3e-06,0.000779851212391,0.000125,0.0009447064882153,74449515,4808.411
chr11,74453329,74453829,intergenic|chr11:74453329-74453829,intergenic,CCND1,69641104,False,2e-06,0.0008020460152961,3e-06,0.0008671358673193,74453579,4812.475
chr11,74465278,74465778,genic|chr11:74465278-74465778,genic,CCND1,69641104,False,1e-06,0.000763914876766,8.2e-05,0.0009316872348111,74465528,4824.424
chr11,74467305,74467805,promoter|chr11:74467305-74467805,promoter,CCND1,69641104,False,1e-06,0.0101831004448856,6.2e-05,0.0122553781106071,74467555,4826.451
chr11,74487835,74488335,intergenic|chr11:74487835-74488335,intergenic,CCND1,69641104,False,3e-06,0.000877128771879,5e-06,0.0009533915952699,74488085,4846.981
chr11,74492986,74494617,promoter|chr11:74492986-74494617,promoter,CCND1,69641104,False,4.4e-05,0.0088066468959291,0.002105,0.0152790635163411,74493801,4852.697
chr11,74502675,74503175,intergenic|chr11:74502675-74503175,intergenic,CCND1,69641104,False,1e-06,0.0006417897779538,2e-06,0.0006959265382357,74502925,4861.821
chr11,74532447,74532947,intergenic|chr11:74532447-74532947,intergenic,CCND1,69641104,False,3e-06,0.0006427357439204,5e-06,0.0006971007472173,74532697,4891.593
chr11,74544035,74544535,intergenic|chr11:74544035-74544535,intergenic,CCND1,69641104,False,1e-06,0.0007478044982718,2e-06,0.0008108766402775,74544285,4903.181
chr11,74546656,74547156,intergenic|chr11:74546656-74547156,intergenic,CCND1,69641104,False,1e-06,0.0007353969129244,2e-06,0.0008078471599046,74546906,4905.802
chr11,74570451,74570951,intergenic|chr11:74570451-74570951,intergenic,CCND1,69641104,False,2e-06,0.0006452031807352,3e-06,0.0006996276545926,74570701,4929.597
chr11,74591384,74592781,promoter|chr11:74591384-74592781,promoter,CCND1,69641104,False,2.2e-05,0.0087491950536012,3.4e-05,0.0095027225549222,74592082,4950.978
chr11,74611255,74611755,genic|chr11:74611255-74611755,genic,CCND1,69641104,False,4e-06,0.0006378358507276,5e-06,0.0006916392728225,74611505,4970.401
chr11,74631581,74632081,genic|chr11:74631581-74632081,genic,CCND1,69641104,False,4e-06,0.0008137933129104,5e-06,0.0008801639266781,74631831,4990.727
chr11,74634416,74634916,genic|chr11:74634416-74634916,genic,CCND1,69641104,False,8e-06,0.0008051497862355,1.1e-05,0.0008695757670343,74634666,4993.562
chr11,74636593,74637093,genic|chr11:74636593-74637093,genic,CCND1,69641104,False,6e-06,0.000811536845014,7e-06,0.0008784922559225,74636843,4995.739
chr12,83700762,83701262,intergenic|chr12:83700762-83701262,intergenic,KITLG,88580473,False,3e-06,0.0058440294745691,9.9e-05,0.0038778465169429,83701012,4879.461
chr12,83712837,83713337,intergenic|chr12:83712837-83713337,intergenic,KITLG,88580473,False,4e-06,0.005831497641392,8.3e-05,0.0038633256827365,83713087,4867.386
chr12,83748758,83749258,intergenic|chr12:83748758-83749258,intergenic,KITLG,88580473,False,3e-06,0.005819111386162,2e-06,0.0035822520636037,83749008,4831.465
chr12,83796499,83796999,intergenic|chr12:83796499-83796999,intergenic,KITLG,88580473,False,1.6e-05,0.0058255881145348,0.000393,0.0040665440253506,83796749,4783.724
chr12,83818827,83819327,intergenic|chr12:83818827-83819327,intergenic,KITLG,88580473,False,4e-06,0.0067449921752157,5e-06,0.0042427285875378,83819077,4761.396
chr12,83823617,83824117,intergenic|chr12:83823617-83824117,intergenic,KITLG,88580473,False,4e-06,0.0070024333805706,9e-06,0.0043269220413284,83823867,4756.606
chr12,83826041,83826541,intergenic|chr12:83826041-83826541,intergenic,KITLG,88580473,False,4e-06,0.00690218664253,6e-06,0.0042898547252474,83826291,4754.182
chr12,83827769,83828269,intergenic|chr12:83827769-83828269,intergenic,KITLG,88580473,False,5e-06,0.006854114871379,5e-06,0.0042966008082336,83828019,4752.454
chr12,83856601,83857101,intergenic|chr12:83856601-83857101,intergenic,KITLG,88580473,False,2e-06,0.0057386828432148,3e-06,0.0035341322224148,83856851,4723.622
chr12,83879924,83880711,intergenic|chr12:83879924-83880711,intergenic,KITLG,88580473,False,0.000585,0.0072924193404506,0.000337,0.0039783000810221,83880317,4700.156
chr12,83889663,83890163,intergenic|chr12:83889663-83890163,intergenic,KITLG,88580473,False,2e-06,0.0057114102979929,4e-06,0.0035180470921993,83889913,4690.56
chr12,83945852,83946352,intergenic|chr12:83945852-83946352,intergenic,KITLG,88580473,False,7e-06,0.0057085591296923,0.000183,0.0038364001310835,83946102,4634.371
chr12,83955171,83955671,intergenic|chr12:83955171-83955671,intergenic,KITLG,88580473,False,3e-06,0.0056891468464079,0.000128,0.003778914776543,83955421,4625.052
chr12,84032766,84033266,intergenic|chr12:84032766-84033266,intergenic,KITLG,88580473,False,3e-06,0.0056826800682133,3e-06,0.0034988238152699,84033016,4547.457
chr12,84136682,84137536,intergenic|chr12:84136682-84137536,intergenic,KITLG,88580473,False,1.4e-05,0.0056926803634277,0.000607,0.004354018518801,84137109,4443.364
chr12,84382414,84382914,intergenic|chr12:84382414-84382914,intergenic,KITLG,88580473,False,3e-06,0.005694751136635,4e-06,0.0035070175507075,84382664,4197.809
chr12,84397223,84397723,intergenic|chr12:84397223-84397723,intergenic,KITLG,88580473,False,4e-06,0.005681858915394,5e-06,0.003499060587584,84397473,4183.0
chr12,84408852,84409352,intergenic|chr12:84408852-84409352,intergenic,KITLG,88580473,False,4e-06,0.0056673091037272,8.3e-05,0.0037413750043508,84409102,4171.371
chr12,84497746,84498246,intergenic|chr12:84497746-84498246,intergenic,KITLG,88580473,False,9.6e-05,0.0074187476882791,9e-06,0.0042759343601314,84497996,4082.477
chr12,84502428,84503606,intergenic|chr12:84502428-84503606,intergenic,KITLG,88580473,False,0.000328,0.0075010036790254,2.3e-05,0.0041190776762105,84503017,4077.456
chr12,84508247,84509012,intergenic|chr12:84508247-84509012,intergenic,KITLG,88580473,False,2.7e-05,0.0056596782933941,3.8e-05,0.0034927627423802,84508629,4071.844
chr12,84599521,84600021,intergenic|chr12:84599521-84600021,intergenic,KITLG,88580473,False,1.1e-05,0.0056364018734776,1.6e-05,0.0034739541530333,84599771,3980.702
chr12,84619028,84619528,intergenic|chr12:84619028-84619528,intergenic,KITLG,88580473,False,2e-06,0.0056121888292672,5.8e-05,0.0037179929567984,84619278,3961.195
chr12,84639372,84639872,intergenic|chr12:84639372-84639872,intergenic,KITLG,88580473,False,3e-06,0.0055996813124421,0.000105,0.0036919541687545,84639622,3940.851
chr12,84678196,84678696,intergenic|chr12:84678196-84678696,intergenic,KITLG,88580473,False,4e-06,0.0055898587335634,4.9e-05,0.003657722144489,84678446,3902.027
chr12,84727853,84728353,intergenic|chr12:84727853-84728353,intergenic,KITLG,88580473,False,2e-06,0.0055779138727161,0.000114,0.0038393512079306,84728103,3852.37
chr12,84793500,84794000,intergenic|chr12:84793500-84794000,intergenic,KITLG,88580473,False,5e-06,0.0055740699912123,7e-06,0.0034332672725945,84793750,3786.723
chr12,84813838,84814338,intergenic|chr12:84813838-84814338,intergenic,KITLG,88580473,False,4e-06,0.0055590226162215,4e-06,0.0034225243987856,84814088,3766.385
chr12,84842338,84842838,intergenic|chr12:84842338-84842838,intergenic,KITLG,88580473,False,5e-06,0.0055476907655491,8.2e-05,0.0036422392823219,84842588,3737.885
chr12,84874517,84875017,genic|chr12:84874517-84875017,genic,KITLG,88580473,False,1.1e-05,0.0064684443025186,0.000159,0.0043293244894423,84874767,3705.706
chr12,84875217,84875717,genic|chr12:84875217-84875717,genic,KITLG,88580473,False,6e-06,0.0065838721049124,0.000123,0.0043595380136865,84875467,3705.006
chr12,84912579,84913079,promoter|chr12:84912579-84913079,promoter,KITLG,88580473,False,5e-06,0.0249572859871248,4e-06,0.0154782716806409,84912829,3667.644
chr12,84974290,84974790,intergenic|chr12:84974290-84974790,intergenic,KITLG,88580473,False,7.1e-05,0.0063391609203181,3e-06,0.003624165089484,84974540,3605.933
chr12,85001249,85001749,intergenic|chr12:85001249-85001749,intergenic,KITLG,88580473,False,4e-06,0.0058730144224641,5e-06,0.0036170470709095,85001499,3578.974
chr12,85016350,85016850,genic|chr12:85016350-85016850,genic,KITLG,88580473,False,4.3e-05,0.0059056589909485,5e-05,0.003641814998944,85016600,3563.873
chr12,85029154,85029873,genic|chr12:85029154-85029873,genic,KITLG,88580473,False,0.000121,0.0063823542606849,8e-06,0.0035996665271993,85029513,3550.96
chr12,85036027,85036578,promoter|chr12:85036027-85036578,promoter,KITLG,88580473,False,3.5e-05,0.0251954387776221,4.1e-05,0.0156503350252106,85036302,3544.171
chr12,85057302,85057802,genic|chr12:85057302-85057802,genic,KITLG,88580473,False,5e-06,0.0067508943156739,1.1e-05,0.0041635393869979,85057552,3522.921
chr12,85076617,85077117,genic|chr12:85076617-85077117,genic,KITLG,88580473,False,2.3e-05,0.006759085022041,2.7e-05,0.0041668286297135,85076867,3503.606
chr12,85092719,85093586,genic|chr12:85092719-85093586,genic,KITLG,88580473,False,6.7e-05,0.0068034097873156,4e-05,0.0041668296501117,85093152,3487.321
chr12,85138715,85139215,genic|chr12:85138715-85139215,genic,KITLG,88580473,False,6e-06,0.0076553242028729,7e-06,0.0046579272958506,85138965,3441.508
chr12,85140835,85141335,genic|chr12:85140835-85141335,genic,KITLG,88580473,False,4e-06,0.0077650732154495,4.4e-05,0.0050769757657134,85141085,3439.388
chr12,85155734,85156234,genic|chr12:85155734-85156234,genic,KITLG,88580473,False,1.4e-05,0.0081216143511906,0.000172,0.0054522673472467,85155984,3424.489
chr12,85156516,85157712,genic|chr12:85156516-85157712,genic,KITLG,88580473,False,2e-05,0.0080124569848388,0.000359,0.0054925915373009,85157114,3423.359
chr12,85234735,85235235,genic|chr12:85234735-85235235,genic,KITLG,88580473,False,3e-06,0.0066307446606641,3e-06,0.0040840432916438,85234985,3345.488
chr12,85246837,85247337,intergenic|chr12:85246837-85247337,intergenic,KITLG,88580473,False,4e-06,0.006612834993212,5e-06,0.0040738491665662,85247087,3333.386
chr12,85280007,85280507,promoter|chr12:85280007-85280507,promoter,KITLG,88580473,False,5e-06,0.0252097969540804,0.000114,0.0168662498674242,85280257,3300.216
chr12,85310437,85310937,intergenic|chr12:85310437-85310937,intergenic,KITLG,88580473,False,6e-06,0.0071830413716878,7e-06,0.0044261011230273,85310687,3269.786
chr12,85394724,85395224,intergenic|chr12:85394724-85395224,intergenic,KITLG,88580473,False,4e-06,0.0071744697943505,4e-06,0.0044198665158523,85394974,3185.499
chr12,85424841,85425341,intergenic|chr12:85424841-85425341,intergenic,KITLG,88580473,False,8e-06,0.0071627072937909,0.000173,0.0047839807697299,85425091,3155.382
chr12,85441700,85442200,intergenic|chr12:85441700-85442200,intergenic,KITLG,88580473,False,7e-06,0.0071408558529691,8e-06,0.0044000350777448,85441950,3138.523
chr12,85448265,85449009,intergenic|chr12:85448265-85449009,intergenic,KITLG,88580473,False,9e-06,0.0071209338974391,1.2e-05,0.004389587927872,85448637,3131.836
chr12,85465120,85465620,intergenic|chr12:85465120-85465620,intergenic,KITLG,88580473,False,1.4e-05,0.0084878369606769,9e-06,0.0052967542377288,85465370,3115.103
chr12,85468582,85469082,intergenic|chr12:85468582-85469082,intergenic,KITLG,88580473,False,1.3e-05,0.0084695026780107,2.2e-05,0.0051076542225611,85468832,3111.641
chr12,85477114,85477614,intergenic|chr12:85477114-85477614,intergenic,KITLG,88580473,False,1e-05,0.0070552291344313,0.000111,0.0047067059126491,85477364,3103.109
chr12,85516844,85517344,intergenic|chr12:85516844-85517344,intergenic,KITLG,88580473,False,5e-06,0.007031823832919,7.1e-05,0.0045967862113098,85517094,3063.379
chr12,85568341,85569181,intergenic|chr12:85568341-85569181,intergenic,KITLG,88580473,False,1.7e-05,0.0070366315394148,0.000118,0.0046517536959179,85568761,3011.712
chr12,85575646,85576146,intergenic|chr12:85575646-85576146,intergenic,KITLG,88580473,False,1.7e-05,0.0070131609455089,0.000183,0.0046839371714192,85575896,3004.577
chr12,85620935,85621435,intergenic|chr12:85620935-85621435,intergenic,KITLG,88580473,False,9e-06,0.0069864276533934,8.3e-05,0.0045778672164965,85621185,2959.288
chr12,85626373,85626873,intergenic|chr12:85626373-85626873,intergenic,KITLG,88580473,False,1.9e-05,0.0082406440862031,3e-05,0.0050691769302501,85626623,2953.85
chr12,85627470,85627970,intergenic|chr12:85627470-85627970,intergenic,KITLG,88580473,False,1e-05,0.0083777895852862,1.1e-05,0.0052267644889001,85627720,2952.753
chr12,85633409,85633909,intergenic|chr12:85633409-85633909,intergenic,KITLG,88580473,False,8.1e-05,0.0074713126597947,9e-06,0.004258744363578,85633659,2946.814
chr12,85639767,85640267,intergenic|chr12:85639767-85640267,intergenic,KITLG,88580473,False,4e-06,0.0068822344210942,7e-06,0.004242055556997,85640017,2940.456
chr12,85725918,85726418,intergenic|chr12:85725918-85726418,intergenic,KITLG,88580473,False,8.8e-05,0.0074692096829586,7e-06,0.0042386190159508,85726168,2854.305
chr12,85781654,85782154,intergenic|chr12:85781654-85782154,intergenic,KITLG,88580473,False,1e-05,0.0086053338971001,5e-06,0.005276374873557,85781904,2798.569
chr12,85782393,85783183,intergenic|chr12:85782393-85783183,intergenic,KITLG,88580473,False,3.6e-05,0.0083898760382623,3.2e-05,0.0051464380663115,85782788,2797.685
chr12,85784302,85784802,intergenic|chr12:85784302-85784802,intergenic,KITLG,88580473,False,1.5e-05,0.0085148614736804,2.2e-05,0.0051796142501112,85784552,2795.921
chr12,85803172,85803672,intergenic|chr12:85803172-85803672,intergenic,KITLG,88580473,False,9e-06,0.0082198592892446,0.000121,0.0054233402873324,85803422,2777.051
chr12,85804719,85805219,genic|chr12:85804719-85805219,genic,KITLG,88580473,False,1.1e-05,0.0081549814459582,0.000147,0.0054089201068231,85804969,2775.504
chr12,85807603,85808103,genic|chr12:85807603-85808103,genic,KITLG,88580473,False,9e-06,0.0081482380405571,0.000194,0.0057223394469891,85807853,2772.62
chr12,85836290,85836790,promoter|chr12:85836290-85836790,promoter,KITLG,88580473,False,1.3e-05,0.0257016148916496,0.000142,0.0171961615135759,85836540,2743.933
chr12,85867135,85867635,intergenic|chr12:85867135-85867635,intergenic,KITLG,88580473,False,1.3e-05,0.0073944955085348,1.6e-05,0.0045587013003035,85867385,2713.088
chr12,85872434,85872934,intergenic|chr12:85872434-85872934,intergenic,KITLG,88580473,False,7e-06,0.0088536813977605,0.000162,0.0059654426402553,85872684,2707.789
chr12,85874044,85874622,promoter|chr12:85874044-85874622,promoter,KITLG,88580473,False,1.9e-05,0.0298443062640619,0.000207,0.020919616561941,85874333,2706.14
chr12,85913979,85914479,intergenic|chr12:85913979-85914479,intergenic,KITLG,88580473,False,4e-06,0.0081337757305868,6.4e-05,0.0053235539775652,85914229,2666.244
chr12,85920300,85920800,intergenic|chr12:85920300-85920800,intergenic,KITLG,88580473,False,1.2e-05,0.0095624670015764,1.2e-05,0.0059537602685026,85920550,2659.923
chr12,85923657,85924157,intergenic|chr12:85923657-85924157,intergenic,KITLG,88580473,False,1.1e-05,0.0095550419826583,1.7e-05,0.0058543061385669,85923907,2656.566
chr12,85951785,85952285,intergenic|chr12:85951785-85952285,intergenic,KITLG,88580473,False,6e-06,0.009461512299525,7e-06,0.0058254077735697,85952035,2628.438
chr12,85953677,85954177,intergenic|chr12:85953677-85954177,intergenic,KITLG,88580473,False,4e-06,0.009499077423579,6e-06,0.0058233454687248,85953927,2626.546
chr12,85955030,85955530,intergenic|chr12:85955030-85955530,intergenic,KITLG,88580473,False,7e-06,0.0093708713255593,6e-06,0.0058077864814596,85955280,2625.193
chr12,85971740,85972240,intergenic|chr12:85971740-85972240,intergenic,KITLG,88580473,False,5.8e-05,0.0085336065533381,1.1e-05,0.0049083484697721,85971990,2608.483
chr12,85985930,85986430,genic|chr12:85985930-85986430,genic,KITLG,88580473,False,1.3e-05,0.0079387932558299,1.4e-05,0.0048932149766262,85986180,2594.293
chr12,86137831,86138331,genic|chr12:86137831-86138331,genic,KITLG,88580473,False,1.8e-05,0.0079606633002023,3e-05,0.0049181795571601,86138081,2442.392
chr12,86186407,86186907,genic|chr12:86186407-86186907,genic,KITLG,88580473,False,5e-06,0.0079203637368158,8e-06,0.0048838934535573,86186657,2393.816
chr12,86230271,86230993,genic|chr12:86230271-86230993,genic,KITLG,88580473,False,2e-05,0.0093950293349093,0.000236,0.0063445299974663,86230632,2349.841
chr12,86233091,86233591,genic|chr12:86233091-86233591,genic,KITLG,88580473,False,1.5e-05,0.0094661182800325,0.00016,0.00631184021533,86233341,2347.132
chr12,86249793,86250293,genic|chr12:86249793-86250293,genic,KITLG,88580473,False,7e-06,0.0090357356120471,0.000156,0.0058915135761975,86250043,2330.43
chr12,86253439,86253939,genic|chr12:86253439-86253939,genic,KITLG,88580473,False,7e-06,0.0089965812108322,4.2e-05,0.0060129649790328,86253689,2326.784
chr12,86261129,86261629,genic|chr12:86261129-86261629,genic,KITLG,88580473,False,4e-06,0.0077705610960839,4.9e-05,0.0050732438943103,86261379,2319.094
chr12,86342590,86343090,genic|chr12:86342590-86343090,genic,KITLG,88580473,False,5e-06,0.0077643890972731,0.000239,0.0055016042694971,86342840,2237.633
chr12,86376022,86376522,genic|chr12:86376022-86376522,genic,KITLG,88580473,False,0.000125,0.00886841473992,6.2e-05,0.0050557250506968,86376272,2204.201
chr12,86429853,86430353,genic|chr12:86429853-86430353,genic,KITLG,88580473,False,5e-06,0.0077242633629858,7.3e-05,0.0050691065857371,86430103,2150.37
chr12,86468188,86468688,genic|chr12:86468188-86468688,genic,KITLG,88580473,False,7e-06,0.0077052958627518,3.8e-05,0.0049871796417046,86468438,2112.035
chr12,86513769,86514269,genic|chr12:86513769-86514269,genic,KITLG,88580473,False,7e-06,0.0076859056449506,1.6e-05,0.0047449240160187,86514019,2066.454
chr12,86529127,86529627,genic|chr12:86529127-86529627,genic,KITLG,88580473,False,7e-06,0.0076552466463711,1e-05,0.0047199314946804,86529377,2051.096
chr12,86538125,86538625,genic|chr12:86538125-86538625,genic,KITLG,88580473,False,4e-06,0.0076169745428345,7e-06,0.0046962658303391,86538375,2042.098
chr12,86623229,86623729,genic|chr12:86623229-86623729,genic,KITLG,88580473,False,0.00013,0.0083970510315093,9.1e-05,0.0050294958498368,86623479,1956.994
chr12,86634671,86635171,genic|chr12:86634671-86635171,genic,KITLG,88580473,False,1.5e-05,0.0075976740666968,1.1e-05,0.0046773803467945,86634921,1945.552
chr12,86660728,86661228,genic|chr12:86660728-86661228,genic,KITLG,88580473,False,0.000352,0.0085948629087475,5.2e-05,0.0047012645155594,86660978,1919.495
chr12,86669125,86669872,genic|chr12:86669125-86669872,genic,KITLG,88580473,False,1.2e-05,0.007531697465138,8e-06,0.0046366433002403,86669498,1910.975
chr12,86712299,86712799,genic|chr12:86712299-86712799,genic,KITLG,88580473,False,0.000192,0.0077996835068892,0.000268,0.0048826018267862,86712549,1867.924
chr12,86772612,86773112,genic|chr12:86772612-86773112,genic,KITLG,88580473,False,1e-05,0.0074944035780839,0.000143,0.0049793320343527,86772862,1807.611
chr12,86801378,86801878,genic|chr12:86801378-86801878,genic,KITLG,88580473,False,1.3e-05,0.007473036899514,1.8e-05,0.0046092156859619,86801628,1778.845
chr12,86838654,86839154,promoter|chr12:86838654-86839154,promoter,KITLG,88580473,False,9.9e-05,0.0288509561715154,2e-05,0.0167014056579711,86838904,1741.569
chr12,86914675,86915175,intergenic|chr12:86914675-86915175,intergenic,KITLG,88580473,False,1.8e-05,0.0084231491367876,2.1e-05,0.0051949285048139,86914925,1665.548
chr12,87034539,87035039,intergenic|chr12:87034539-87035039,intergenic,KITLG,88580473,False,6e-06,0.0084215416101336,7e-06,0.0051917353854038,87034789,1545.684
chr12,87086475,87086975,intergenic|chr12:87086475-87086975,intergenic,KITLG,88580473,False,1.4e-05,0.0084208965233543,1.4e-05,0.0051902354642502,87086725,1493.748
chr12,87151321,87151821,intergenic|chr12:87151321-87151821,intergenic,KITLG,88580473,False,2.4e-05,0.0084317088338397,3.1e-05,0.0052046265597997,87151571,1428.902
chr12,87157676,87158176,intergenic|chr12:87157676-87158176,intergenic,KITLG,88580473,False,2.1e-05,0.008384864662699,3.3e-05,0.0051810983065427,87157926,1422.547
chr12,87253116,87253616,intergenic|chr12:87253116-87253616,intergenic,KITLG,88580473,False,1.2e-05,0.0083830044349443,0.000111,0.0055126002666908,87253366,1327.107
chr12,87266256,87266756,intergenic|chr12:87266256-87266756,intergenic,KITLG,88580473,False,0.000156,0.0091034064979044,0.000117,0.0054900691252633,87266506,1313.967
chr12,87274506,87275006,intergenic|chr12:87274506-87275006,intergenic,KITLG,88580473,False,1.3e-05,0.0083063532605586,0.000127,0.0056485110321799,87274756,1305.717
chr12,87297631,87298131,intergenic|chr12:87297631-87298131,intergenic,KITLG,88580473,False,7e-06,0.0082644511565941,4.4e-05,0.0053709960901403,87297881,1282.592
chr12,87310391,87310891,intergenic|chr12:87310391-87310891,intergenic,KITLG,88580473,False,1e-05,0.0082310508911331,4.4e-05,0.0053321842318894,87310641,1269.832
chr12,87344608,87345108,intergenic|chr12:87344608-87345108,intergenic,KITLG,88580473,False,9.2e-05,0.0100698551230319,2.9e-05,0.005815835263265,87344858,1235.615
chr12,87383707,87384207,intergenic|chr12:87383707-87384207,intergenic,KITLG,88580473,False,1.1e-05,0.0093733795757755,1.4e-05,0.0057831041871906,87383957,1196.516
chr12,87425909,87426560,intergenic|chr12:87425909-87426560,intergenic,KITLG,88580473,False,4.6e-05,0.0113046848046983,5.1e-05,0.0069919301695324,87426234,1154.239
chr12,87427635,87428135,intergenic|chr12:87427635-87428135,intergenic,KITLG,88580473,False,1e-05,0.0114199347260756,2.1e-05,0.0070292895454996,87427885,1152.588
chr12,87428821,87429321,intergenic|chr12:87428821-87429321,intergenic,KITLG,88580473,False,3.2e-05,0.0112631108976815,3.1e-05,0.0069660693677878,87429071,1151.402
chr12,87440088,87440588,intergenic|chr12:87440088-87440588,intergenic,KITLG,88580473,False,0.000147,0.010875974557169,0.000797,0.0080447377360096,87440338,1140.135
chr12,87443927,87444427,intergenic|chr12:87443927-87444427,intergenic,KITLG,88580473,False,1.4e-05,0.0115079984242308,9.4e-05,0.0075207408497674,87444177,1136.296
chr12,87461189,87461689,intergenic|chr12:87461189-87461689,intergenic,KITLG,88580473,False,1.1e-05,0.0105368155415557,5.7e-05,0.0068241844388944,87461439,1119.034
chr12,87462152,87462652,intergenic|chr12:87462152-87462652,intergenic,KITLG,88580473,False,1.7e-05,0.0103313491383755,8.5e-05,0.0067216197007924,87462402,1118.071
chr12,87509389,87510220,intergenic|chr12:87509389-87510220,intergenic,KITLG,88580473,False,0.00011,0.0092162795993656,0.000148,0.0057276197090149,87509804,1070.669
chr12,87667377,87667877,intergenic|chr12:87667377-87667877,intergenic,KITLG,88580473,False,5.9e-05,0.0110597911541523,8e-05,0.0067653765388018,87667627,912.846
chr12,87670363,87670863,intergenic|chr12:87670363-87670863,intergenic,KITLG,88580473,False,1.3e-05,0.010313719738464,1.6e-05,0.0064481665775449,87670613,909.86
chr12,87678287,87678787,intergenic|chr12:87678287-87678787,intergenic,KITLG,88580473,False,0.000134,0.0106714406580865,4.9e-05,0.0058215611876946,87678537,901.936
chr12,87755974,87756474,intergenic|chr12:87755974-87756474,intergenic,KITLG,88580473,False,1.3e-05,0.0090445497290904,2.2e-05,0.0055866087564399,87756224,824.249
chr12,87812002,87812502,intergenic|chr12:87812002-87812502,intergenic,KITLG,88580473,False,1.9e-05,0.0106327519123016,2.3e-05,0.0065646811620914,87812252,768.221
chr12,87820814,87821314,intergenic|chr12:87820814-87821314,intergenic,KITLG,88580473,False,0.000289,0.0117164937524166,0.000568,0.0078421483725967,87821064,759.409
chr12,87827582,87828082,intergenic|chr12:87827582-87828082,intergenic,KITLG,88580473,False,0.000132,0.0107602385013567,0.000166,0.0066853962502124,87827832,752.641
chr12,87848203,87848703,intergenic|chr12:87848203-87848703,intergenic,KITLG,88580473,False,3.2e-05,0.0104940800352019,0.000312,0.007327850080228,87848453,732.02
chr12,87866623,87867123,intergenic|chr12:87866623-87867123,intergenic,KITLG,88580473,False,2.3e-05,0.0104284449105317,0.000109,0.0067842050975352,87866873,713.6
chr12,87953200,87953700,intergenic|chr12:87953200-87953700,intergenic,KITLG,88580473,False,4.1e-05,0.0105444781549738,0.000155,0.0071520348848587,87953450,627.023
chr12,87995540,87996040,genic|chr12:87995540-87996040,genic,KITLG,88580473,False,0.00033,0.0120712286169581,0.000315,0.0071318561379011,87995790,584.683
chr12,88029149,88029649,promoter|chr12:88029149-88029649,promoter,KITLG,88580473,False,5.7e-05,0.0320270167745751,8.9e-05,0.0204760318835234,88029399,551.074
chr12,88035234,88035740,promoter|chr12:88035234-88035740,promoter,KITLG,88580473,False,0.002485,0.0642791383578186,0.000869,0.027784938667034,88035487,544.986
chr12,88036311,88036811,genic|chr12:88036311-88036811,genic,KITLG,88580473,False,0.000666,0.026726312431504,0.000272,0.0138908967187984,88036561,543.912
chr12,88052629,88053129,genic|chr12:88052629-88053129,genic,KITLG,88580473,False,0.00016,0.017542537138266,0.000134,0.0106964504616285,88052879,527.594
chr12,88111011,88111511,genic|chr12:88111011-88111511,genic,KITLG,88580473,False,0.001095,0.0243237400162809,0.000377,0.0113292991642171,88111261,469.212
chr12,88132589,88133089,genic|chr12:88132589-88133089,genic,KITLG,88580473,False,0.00044,0.0202824688558918,7.1e-05,0.0102562313304052,88132839,447.634
chr12,88141943,88142545,promoter|chr12:88141943-88142545,promoter,KITLG,88580473,False,0.003999,0.0664679798442557,0.005075,0.0492819737124034,88142244,438.229
chr12,88153891,88154391,genic|chr12:88153891-88154391,genic,KITLG,88580473,False,0.000515,0.0535476144964506,0.000163,0.0269934086490306,88154141,426.332
chr12,88185941,88186441,genic|chr12:88185941-88186441,genic,KITLG,88580473,False,0.000153,0.0449954143040733,0.000323,0.0296934978009894,88186191,394.282
chr12,88237906,88238406,intergenic|chr12:88237906-88238406,intergenic,KITLG,88580473,False,0.000674,0.0705407860590976,0.000567,0.0399024675749843,88238156,342.317
chr12,88241846,88242818,intergenic|chr12:88241846-88242818,intergenic,KITLG,88580473,False,0.003468,0.1084780384001301,0.001531,0.0452925999787924,88242332,338.141
chr12,88247140,88247640,intergenic|chr12:88247140-88247640,intergenic,KITLG,88580473,False,0.00019,0.0542581756846635,0.0005,0.0374541345941514,88247390,333.083
chr12,88298710,88299210,intergenic|chr12:88298710-88299210,intergenic,KITLG,88580473,False,0.001434,0.0709970297783215,0.002058,0.0506224621560479,88298960,281.513
chr12,88299575,88300075,intergenic|chr12:88299575-88300075,intergenic,KITLG,88580473,False,0.000949,0.0655787428121418,0.001197,0.0440541243554361,88299825,280.648
chr12,88308793,88309293,intergenic|chr12:88308793-88309293,intergenic,KITLG,88580473,False,0.000209,0.0450986881790959,0.000293,0.0284535777501358,88309043,271.43
chr12,88324977,88325477,intergenic|chr12:88324977-88325477,intergenic,KITLG,88580473,False,0.00025,0.0455618694380227,0.00033,0.029420854136925,88325227,255.246
chr12,88339183,88339683,intergenic|chr12:88339183-88339683,intergenic,KITLG,88580473,False,9.7e-05,0.0440605137444225,0.000247,0.0295980116093669,88339433,241.04
chr12,88361447,88361947,intergenic|chr12:88361447-88361947,intergenic,KITLG,88580473,False,0.000189,0.0466795827482855,0.000103,0.0274780494367781,88361697,218.776
chr12,88391542,88392042,intergenic|chr12:88391542-88392042,intergenic,KITLG,88580473,False,0.00056,0.060116016793727,0.001239,0.0463946261356666,88391792,188.681
chr12,88393165,88393849,intergenic|chr12:88393165-88393849,intergenic,KITLG,88580473,False,0.000517,0.0593091268304674,0.001046,0.0446804835675615,88393507,186.966
chr12,88399748,88400248,intergenic|chr12:88399748-88400248,intergenic,KITLG,88580473,False,0.000784,0.0664833021904076,0.000462,0.0355505320919642,88399998,180.475
chr12,88401075,88401575,intergenic|chr12:88401075-88401575,intergenic,KITLG,88580473,False,0.000587,0.064081869657887,0.000199,0.0319965580771028,88401325,179.148
chr12,88420390,88420890,intergenic|chr12:88420390-88420890,intergenic,KITLG,88580473,False,0.000365,0.0497699902361637,0.000281,0.0277144142152166,88420640,159.833
chr12,88431297,88431797,intergenic|chr12:88431297-88431797,intergenic,KITLG,88580473,False,0.000136,0.0445995356623765,0.000128,0.0282125395756589,88431547,148.926
chr12,88471598,88472098,intergenic|chr12:88471598-88472098,intergenic,KITLG,88580473,False,0.002485,0.0962361538942992,0.001599,0.0488884317531863,88471848,108.625
chr12,88472258,88473229,intergenic|chr12:88472258-88473229,intergenic,KITLG,88580473,False,0.004572,0.1252567313815917,0.003254,0.0617676128433397,88472743,107.73
chr12,88479394,88479894,intergenic|chr12:88479394-88479894,intergenic,KITLG,88580473,False,0.00033,0.0555532854650159,0.00029,0.0336902836686852,88479644,100.829
chr12,88480209,88480709,intergenic|chr12:88480209-88480709,intergenic,KITLG,88580473,False,0.00038,0.0618982279201918,0.000669,0.0407034158563874,88480459,100.014
chr12,88488616,88489116,intergenic|chr12:88488616-88489116,intergenic,KITLG,88580473,False,0.000413,0.0647568375437246,0.000748,0.0441919684925462,88488866,91.607
chr12,88489236,88490129,intergenic|chr12:88489236-88490129,intergenic,KITLG,88580473,False,0.000762,0.0681781643978805,0.00138,0.0488484678168333,88489682,90.791
chr12,88490375,88490875,intergenic|chr12:88490375-88490875,intergenic,KITLG,88580473,False,0.000586,0.0623619718363538,0.001233,0.050497805958594,88490625,89.848
chr12,88490882,88491574,intergenic|chr12:88490882-88491574,intergenic,KITLG,88580473,False,0.000627,0.0621026530216908,0.001297,0.050467940700802,88491228,89.245
chr12,88491582,88492267,intergenic|chr12:88491582-88492267,intergenic,KITLG,88580473,False,0.000876,0.0640542143914858,0.001833,0.0545857736971931,88491924,88.549
chr12,88498903,88500280,genic|chr12:88498903-88500280,genic,KITLG,88580473,False,0.002375,0.0850968432259742,0.00273,0.0565970188609851,88499591,80.882
chr12,88501931,88502978,genic|chr12:88501931-88502978,genic,KITLG,88580473,False,0.001361,0.0723743601163632,0.001307,0.0444924881430134,88502454,78.019
chr12,88507247,88507747,genic|chr12:88507247-88507747,genic,KITLG,88580473,False,0.000974,0.0744512837524017,0.001235,0.0471869761627824,88507497,72.976
chr12,88509337,88510064,genic|chr12:88509337-88510064,genic,KITLG,88580473,False,0.001182,0.0748897229232736,0.001504,0.0481821960541903,88509700,70.773
chr12,88510126,88510626,genic|chr12:88510126-88510626,genic,KITLG,88580473,False,0.000888,0.0671930249742839,0.000912,0.0438739148082375,88510376,70.097
chr12,88511283,88511783,genic|chr12:88511283-88511783,genic,KITLG,88580473,False,0.000638,0.0635874823468939,0.001449,0.0475492265268716,88511533,68.94
chr12,88516776,88517276,genic|chr12:88516776-88517276,genic,KITLG,88580473,False,0.001799,0.0769430090142089,0.002507,0.0552077052421161,88517026,63.447
chr12,88517293,88518198,genic|chr12:88517293-88518198,genic,KITLG,88580473,False,0.00152,0.072547009055065,0.002046,0.0505998731476191,88517745,62.728
chr12,88519044,88519544,genic|chr12:88519044-88519544,genic,KITLG,88580473,False,0.001594,0.072574202706279,0.001744,0.0475697985989578,88519294,61.179
chr12,88519946,88520446,genic|chr12:88519946-88520446,genic,KITLG,88580473,False,0.001525,0.0778409715170281,0.001793,0.0483261221948314,88520196,60.277
chr12,88527328,88527828,genic|chr12:88527328-88527828,genic,KITLG,88580473,False,0.000767,0.0609167137123221,0.00134,0.0441076653550185,88527578,52.895
chr12,88529740,88530240,genic|chr12:88529740-88530240,genic,KITLG,88580473,False,0.001377,0.068508328297536,0.00197,0.0499041169534186,88529990,50.483
chr12,88532721,88533484,genic|chr12:88532721-88533484,genic,KITLG,88580473,False,0.002231,0.0893627859934894,0.001938,0.047278858129551,88533102,47.371
chr12,88535314,88535814,genic|chr12:88535314-88535814,genic,KITLG,88580473,False,0.000633,0.0657437701479936,0.001784,0.049756853235949,88535564,44.909
chr12,88537786,88538662,genic|chr12:88537786-88538662,genic,KITLG,88580473,False,0.002256,0.0861850913063939,0.002831,0.0588536108202481,88538224,42.249
chr12,88538723,88539223,genic|chr12:88538723-88539223,genic,KITLG,88580473,False,0.001367,0.0725304806800867,0.002156,0.0513873722717307,88538973,41.5
chr12,88539822,88540322,genic|chr12:88539822-88540322,genic,KITLG,88580473,False,0.002328,0.084770043272917,0.001857,0.0474191186673417,88540072,40.401
chr12,88541034,88541534,genic|chr12:88541034-88541534,genic,KITLG,88580473,False,0.0017,0.0750680417479125,0.002323,0.0498925765655913,88541284,39.189
chr12,88544972,88545472,genic|chr12:88544972-88545472,genic,KITLG,88580473,False,0.001926,0.0818108300782681,0.001635,0.0460894177875136,88545222,35.251
chr12,88547859,88548359,genic|chr12:88547859-88548359,genic,KITLG,88580473,False,0.002775,0.0906593135915394,0.004298,0.0677334083986808,88548109,32.364
chr12,88548550,88549050,genic|chr12:88548550-88549050,genic,KITLG,88580473,False,0.002614,0.0863465500985447,0.003406,0.0582930304702579,88548800,31.673
chr12,88550072,88550572,genic|chr12:88550072-88550572,genic,KITLG,88580473,False,0.002637,0.0884913065605993,0.0051,0.0805937369481397,88550322,30.151
chr12,88553921,88554798,genic|chr12:88553921-88554798,genic,KITLG,88580473,False,0.008623,0.1788404665531317,0.015401,0.2071922612851483,88554359,26.114
chr12,88556227,88556882,genic|chr12:88556227-88556882,genic,KITLG,88580473,False,0.005578,0.1423920686963244,0.009036,0.1274887635004656,88556554,23.919
chr12,88557006,88557506,genic|chr12:88557006-88557506,genic,KITLG,88580473,False,0.005576,0.1378986974840935,0.00667,0.0962130995746451,88557256,23.217
chr12,88559745,88560245,genic|chr12:88559745-88560245,genic,KITLG,88580473,False,0.006044,0.1417535853423971,0.00722,0.1000128892320744,88559995,20.478
chr12,88561394,88561894,genic|chr12:88561394-88561894,genic,KITLG,88580473,False,0.004869,0.1216821742335232,0.006829,0.0974208238797642,88561644,18.829
chr12,88563222,88563722,genic|chr12:88563222-88563722,genic,KITLG,88580473,False,0.004783,0.1161623290950991,0.008633,0.1142700337034187,88563472,17.001
chr12,88565574,88566865,genic|chr12:88565574-88566865,genic,KITLG,88580473,False,0.016308,0.3178461080615767,0.03885,0.5297584180748063,88566219,14.254
chr12,88567833,88568333,genic|chr12:88567833-88568333,genic,KITLG,88580473,False,0.006887,0.1488960603165263,0.012723,0.1757936463170439,88568083,12.39
chr12,88568901,88569401,genic|chr12:88568901-88569401,genic,KITLG,88580473,False,0.006543,0.1349387650240119,0.014271,0.1857802150800374,88569151,11.322
chr12,88570107,88570607,genic|chr12:88570107-88570607,genic,KITLG,88580473,False,0.010372,0.1972858953210864,0.021338,0.2806428981997534,88570357,10.116
chr12,88577527,88578027,genic|chr12:88577527-88578027,genic,KITLG,88580473,False,0.066194,0.8694930091668505,0.093577,0.887221803177185,88577777,2.696
chr12,88578216,88578716,genic|chr12:88578216-88578716,genic,KITLG,88580473,False,0.058038,0.8146043828813675,0.093601,0.8684425208105845,88578466,2.007
chr12,88579045,88579545,genic|chr12:88579045-88579545,genic,KITLG,88580473,False,0.048355,0.7020403010791801,0.086978,0.8099844185980652,88579295,1.178
chr12,88580223,88581018,promoter|chr12:88580223-88581018,promoter,KITLG,88580473,True,1.0,0.9998759138102696,1.0,0.9997909208583254,88580620,0.147
chr12,88600265,88600765,intergenic|chr12:88600265-88600765,intergenic,KITLG,88580473,False,0.006367,0.0474598288863142,0.003982,0.0195613613271468,88600515,20.042
chr12,88633271,88633771,intergenic|chr12:88633271-88633771,intergenic,KITLG,88580473,False,0.002236,0.0277665663722741,0.001567,0.0134435594587843,88633521,53.048
chr12,88633853,88634353,intergenic|chr12:88633853-88634353,intergenic,KITLG,88580473,False,0.000769,0.0269545613833377,0.000821,0.0145955539034958,88634103,53.63
chr12,88657956,88658863,intergenic|chr12:88657956-88658863,intergenic,KITLG,88580473,False,0.005573,0.0545680056886995,0.001752,0.0168117766216116,88658409,77.936
chr12,88661179,88661679,intergenic|chr12:88661179-88661679,intergenic,KITLG,88580473,False,0.000333,0.0252130407510458,0.000688,0.0163208653599572,88661429,80.956
chr12,88707747,88708247,intergenic|chr12:88707747-88708247,intergenic,KITLG,88580473,False,0.000472,0.0215446977658257,0.000147,0.0105507231016829,88707997,127.524
chr12,88724938,88725438,intergenic|chr12:88724938-88725438,intergenic,KITLG,88580473,False,0.000376,0.024326087405385,0.000311,0.0122843032740008,88725188,144.715
chr12,88738256,88738756,intergenic|chr12:88738256-88738756,intergenic,KITLG,88580473,False,0.000979,0.0309847873801219,0.000478,0.013485905973956,88738506,158.033
chr12,88747146,88747646,intergenic|chr12:88747146-88747646,intergenic,KITLG,88580473,False,0.000917,0.0319066539367913,0.0004,0.0161244675032536,88747396,166.923
chr12,88747817,88748317,intergenic|chr12:88747817-88748317,intergenic,KITLG,88580473,False,0.000573,0.0319730193354213,0.00042,0.0170152203369317,88748067,167.594
chr12,88753070,88753570,intergenic|chr12:88753070-88753570,intergenic,KITLG,88580473,False,0.000436,0.0262618040915692,0.00036,0.0150942499194238,88753320,172.847
chr12,88820445,88820945,intergenic|chr12:88820445-88820945,intergenic,KITLG,88580473,False,0.000218,0.0257256392317913,0.00033,0.0160060759094745,88820695,240.222
chr12,88836139,88836639,intergenic|chr12:88836139-88836639,intergenic,KITLG,88580473,False,0.000693,0.0323650657177606,0.000204,0.0153979940573876,88836389,255.916
chr12,88854233,88854733,intergenic|chr12:88854233-88854733,intergenic,KITLG,88580473,False,0.002925,0.0560557360581751,0.000863,0.0203056073231397,88854483,274.01
chr12,88855063,88855563,intergenic|chr12:88855063-88855563,intergenic,KITLG,88580473,False,0.00209,0.0551238412097171,0.000701,0.0212030752503074,88855313,274.84
chr12,88877485,88878998,intergenic|chr12:88877485-88878998,intergenic,KITLG,88580473,False,0.003276,0.0533470380342983,0.000957,0.0181712860319477,88878241,297.768
chr12,88884399,88884899,intergenic|chr12:88884399-88884899,intergenic,KITLG,88580473,False,0.000635,0.032880101381815,0.000183,0.0159958514128119,88884649,304.176
chr12,88897800,88898668,intergenic|chr12:88897800-88898668,intergenic,KITLG,88580473,False,0.001022,0.0349975889607527,0.001085,0.0210223039265057,88898234,317.761
chr12,88913956,88914456,intergenic|chr12:88913956-88914456,intergenic,KITLG,88580473,False,0.000964,0.0393967723024624,0.00028,0.0171897104642033,88914206,333.733
chr12,88920385,88920885,intergenic|chr12:88920385-88920885,intergenic,KITLG,88580473,False,0.010368,0.2149765636240908,0.002761,0.0390708974379016,88920635,340.162
chr12,88922103,88922603,intergenic|chr12:88922103-88922603,intergenic,KITLG,88580473,False,0.021966,0.4382321876383324,0.00666,0.0721739560655124,88922353,341.88
chr12,88925862,88926720,intergenic|chr12:88925862-88926720,intergenic,KITLG,88580473,False,0.076867,0.8537481766489635,0.027568,0.3016605028223418,88926291,345.818
chr12,88931485,88931985,intergenic|chr12:88931485-88931985,intergenic,KITLG,88580473,False,0.040514,0.684154636370133,0.005209,0.0567009494123893,88931735,351.262
chr12,88934308,88934808,intergenic|chr12:88934308-88934808,intergenic,KITLG,88580473,False,0.055766,0.7940662348567452,0.007122,0.0727268254429517,88934558,354.085
chr12,88934814,88935314,intergenic|chr12:88934814-88935314,intergenic,KITLG,88580473,False,0.024249,0.4702195190988369,0.007805,0.0873299857376471,88935064,354.591
chr12,88944241,88944741,intergenic|chr12:88944241-88944741,intergenic,KITLG,88580473,False,0.01562,0.3023512834667838,0.007824,0.0882189092021991,88944491,364.018
chr12,88946263,88947033,intergenic|chr12:88946263-88947033,intergenic,KITLG,88580473,False,0.02321,0.4240516872959251,0.008368,0.0896232255443431,88946648,366.175
chr12,88947541,88948041,intergenic|chr12:88947541-88948041,intergenic,KITLG,88580473,False,0.007203,0.1612600284666591,0.002321,0.0427093696313262,88947791,367.318
chr12,88951850,88953745,intergenic|chr12:88951850-88953745,intergenic,KITLG,88580473,False,0.034602,0.6013342018869262,0.003906,0.0476584096121991,88952797,372.324
chr12,88957294,88957794,intergenic|chr12:88957294-88957794,intergenic,KITLG,88580473,False,0.005802,0.1482379364813989,0.000945,0.0324415780935052,88957544,377.071
chr12,88960429,88960929,intergenic|chr12:88960429-88960929,intergenic,KITLG,88580473,False,0.027905,0.5241966664805799,0.00748,0.0820746141785596,88960679,380.206
chr12,88967080,88967580,intergenic|chr12:88967080-88967580,intergenic,KITLG,88580473,False,0.003287,0.1078039590971913,0.000754,0.0323274303047531,88967330,386.857
chr12,88969108,88969608,intergenic|chr12:88969108-88969608,intergenic,KITLG,88580473,False,0.008822,0.2023466867296176,0.002327,0.0426975026549451,88969358,388.885
chr12,88969866,88970653,intergenic|chr12:88969866-88970653,intergenic,KITLG,88580473,False,0.005314,0.1324034748878745,0.001882,0.0398900993332485,88970259,389.786
chr12,88993341,88994094,intergenic|chr12:88993341-88994094,intergenic,KITLG,88580473,False,0.007283,0.1559312003149497,0.000268,0.0210658259164152,88993717,413.244
chr12,89005350,89005850,intergenic|chr12:89005350-89005850,intergenic,KITLG,88580473,False,0.000953,0.0538692233175401,0.000181,0.0222745713773276,89005600,425.127
chr12,89011259,89011759,intergenic|chr12:89011259-89011759,intergenic,KITLG,88580473,False,0.00069,0.0489761260703883,9.4e-05,0.022097573617561,89011509,431.036
chr12,89017078,89017578,intergenic|chr12:89017078-89017578,intergenic,KITLG,88580473,False,0.001418,0.0581642643687419,0.000771,0.0309027188415068,89017328,436.855
chr12,89019483,89019983,intergenic|chr12:89019483-89019983,intergenic,KITLG,88580473,False,0.000975,0.0307162088459305,0.000813,0.0173511930109902,89019733,439.26
chr12,89051017,89051517,intergenic|chr12:89051017-89051517,intergenic,KITLG,88580473,False,0.000279,0.0206346751775949,0.000457,0.0136030039228341,89051267,470.794
chr12,89064741,89065241,intergenic|chr12:89064741-89065241,intergenic,KITLG,88580473,False,0.002064,0.0373326528227656,0.000846,0.0172163520991214,89064991,484.518
chr12,89067431,89067931,intergenic|chr12:89067431-89067931,intergenic,KITLG,88580473,False,0.000125,0.0244566616163569,0.000362,0.0163814440441464,89067681,487.208
chr12,89073031,89073531,intergenic|chr12:89073031-89073531,intergenic,KITLG,88580473,False,4.7e-05,0.0193417497317817,0.0001,0.0125095745441693,89073281,492.808
chr12,89081070,89081570,intergenic|chr12:89081070-89081570,intergenic,KITLG,88580473,False,3.7e-05,0.0194846079917715,0.0001,0.0126403144011706,89081320,500.847
chr12,89117337,89118136,intergenic|chr12:89117337-89118136,intergenic,KITLG,88580473,False,0.001017,0.0247196394434133,0.001635,0.0175820304822387,89117736,537.263
chr12,89134139,89134639,intergenic|chr12:89134139-89134639,intergenic,KITLG,88580473,False,0.000162,0.0249714552054829,0.000261,0.0168518257808056,89134389,553.916
chr12,89135911,89136411,intergenic|chr12:89135911-89136411,intergenic,KITLG,88580473,False,0.000584,0.0283486372400977,0.00021,0.0150168326087937,89136161,555.688
chr12,89162293,89163203,intergenic|chr12:89162293-89163203,intergenic,KITLG,88580473,False,9.7e-05,0.0202337087504366,0.000671,0.0154731088557314,89162748,582.275
chr12,89179967,89180467,intergenic|chr12:89179967-89180467,intergenic,KITLG,88580473,False,0.000172,0.0279259172334266,2.9e-05,0.0149414199116752,89180217,599.744
chr12,89181476,89181976,intergenic|chr12:89181476-89181976,intergenic,KITLG,88580473,False,0.000574,0.0299574017406726,0.000102,0.0150454593922859,89181726,601.253
chr12,89185866,89186366,intergenic|chr12:89185866-89186366,intergenic,KITLG,88580473,False,8.1e-05,0.0267469245386252,0.000153,0.0171342161443427,89186116,605.643
chr12,89189400,89189900,intergenic|chr12:89189400-89189900,intergenic,KITLG,88580473,False,0.000184,0.0263156334340542,0.000163,0.0167161894247275,89189650,609.177
chr12,89190652,89191152,intergenic|chr12:89190652-89191152,intergenic,KITLG,88580473,False,2.1e-05,0.0248427926180149,3.1e-05,0.0152954730349447,89190902,610.429
chr12,89225297,89226256,intergenic|chr12:89225297-89226256,intergenic,KITLG,88580473,False,0.009195,0.0898312565332839,0.005289,0.0331951215801734,89225776,645.303
chr12,89236691,89237528,intergenic|chr12:89236691-89237528,intergenic,KITLG,88580473,False,9.6e-05,0.0213401366836889,0.000222,0.0140234518534905,89237109,656.636
chr12,89247449,89247949,intergenic|chr12:89247449-89247949,intergenic,KITLG,88580473,False,2.4e-05,0.0211730020057985,0.000241,0.015642573447439,89247699,667.226
chr12,89278103,89278603,intergenic|chr12:89278103-89278603,intergenic,KITLG,88580473,False,5.2e-05,0.0225358951582384,7.1e-05,0.0138302070821742,89278353,697.88
chr12,89328596,89329096,intergenic|chr12:89328596-89329096,intergenic,KITLG,88580473,False,7.9e-05,0.0226839645548323,0.000104,0.013922792493375,89328846,748.373
chr12,89346317,89347158,intergenic|chr12:89346317-89347158,intergenic,KITLG,88580473,False,0.000227,0.0269050409338109,0.001286,0.0219392206265629,89346737,766.264
chr12,89347220,89347720,intergenic|chr12:89347220-89347720,intergenic,KITLG,88580473,False,7.8e-05,0.0291199560010576,0.000453,0.0209225605504516,89347470,766.997
chr12,89352365,89353109,promoter|chr12:89352365-89353109,promoter,KITLG,88580473,False,0.01091,0.1870340536949026,0.003681,0.0480931743253644,89352737,772.264
chr12,89353139,89354412,promoter|chr12:89353139-89354412,promoter,KITLG,88580473,False,0.015289,0.2541041821375266,0.00507,0.0577849851921061,89353775,773.302
chr12,89370741,89371241,intergenic|chr12:89370741-89371241,intergenic,KITLG,88580473,False,0.001438,0.0287611862825662,0.001513,0.0186398982413646,89370991,790.518
chr12,89375582,89376082,intergenic|chr12:89375582-89376082,intergenic,KITLG,88580473,False,0.00288,0.0371765677824872,0.001791,0.0177128526335896,89375832,795.359
chr12,89390623,89391123,intergenic|chr12:89390623-89391123,intergenic,KITLG,88580473,False,2e-05,0.0182504622712092,0.000104,0.0118896990730624,89390873,810.4
chr12,89391280,89391780,intergenic|chr12:89391280-89391780,intergenic,KITLG,88580473,False,4.1e-05,0.0179870501315918,0.000145,0.0119348046099809,89391530,811.057
chr12,89433593,89434093,genic|chr12:89433593-89434093,genic,KITLG,88580473,False,0.000124,0.0167781877763718,0.00018,0.0107045076640644,89433843,853.37
chr12,89461699,89462199,genic|chr12:89461699-89462199,genic,KITLG,88580473,False,0.000603,0.0236452832670096,0.000155,0.012189392576009,89461949,881.476
chr12,89465162,89465662,genic|chr12:89465162-89465662,genic,KITLG,88580473,False,0.000151,0.0204328417595048,4.1e-05,0.0115789934709294,89465412,884.939
chr12,89470686,89471186,genic|chr12:89470686-89471186,genic,KITLG,88580473,False,3.2e-05,0.0159197183541148,0.000206,0.0106367141875669,89470936,890.463
chr12,89506054,89506554,genic|chr12:89506054-89506554,genic,KITLG,88580473,False,0.000257,0.0223017493724913,3.3e-05,0.0118049825211984,89506304,925.831
chr12,89507454,89507954,genic|chr12:89507454-89507954,genic,KITLG,88580473,False,0.000526,0.0230772977158085,5.7e-05,0.0117087126884277,89507704,927.231
chr12,89524556,89525104,promoter|chr12:89524556-89525104,promoter,KITLG,88580473,False,0.001788,0.0599503799356434,0.000724,0.0278603587960564,89524830,944.357
chr12,89525273,89526512,promoter|chr12:89525273-89526512,promoter,KITLG,88580473,False,0.005127,0.0932831837384673,0.005113,0.0580457891444247,89525892,945.419
chr12,89529684,89530184,intergenic|chr12:89529684-89530184,intergenic,KITLG,88580473,False,0.000436,0.0144801624188757,0.000421,0.0087055537069937,89529934,949.461
chr12,89542883,89543616,intergenic|chr12:89542883-89543616,intergenic,KITLG,88580473,False,0.000113,0.0090197093208059,0.001046,0.0072197445285381,89543249,962.776
chr12,89556920,89557420,intergenic|chr12:89556920-89557420,intergenic,KITLG,88580473,False,7.6e-05,0.0089981687373611,0.000227,0.0059637888431256,89557170,976.697
chr12,89574601,89575101,intergenic|chr12:89574601-89575101,intergenic,KITLG,88580473,False,2.4e-05,0.0089438332602539,3.3e-05,0.0055241723209396,89574851,994.378
chr12,89655817,89656317,promoter|chr12:89655817-89656317,promoter,KITLG,88580473,False,9.3e-05,0.0303000982408874,0.00012,0.0186653460527095,89656067,1075.594
chr12,89678160,89678660,intergenic|chr12:89678160-89678660,intergenic,KITLG,88580473,False,5.6e-05,0.0082635148373335,3.2e-05,0.0048039442781921,89678410,1097.937
chr12,89695775,89696275,intergenic|chr12:89695775-89696275,intergenic,KITLG,88580473,False,2.8e-05,0.009107910087709,3.8e-05,0.0056078106094268,89696025,1115.552
chr12,89698672,89699172,intergenic|chr12:89698672-89699172,intergenic,KITLG,88580473,False,1.9e-05,0.0092858119968262,2.1e-05,0.0057549940763222,89698922,1118.449
chr12,89708675,89709204,promoter|chr12:89708675-89709204,promoter,KITLG,88580473,False,0.001405,0.0502695189574062,0.001187,0.0300625013612358,89708939,1128.466
chr12,89709435,89709935,promoter|chr12:89709435-89709935,promoter,KITLG,88580473,False,0.002455,0.0588314634063171,0.002712,0.0379353002597571,89709685,1129.212
chr12,89740692,89741192,intergenic|chr12:89740692-89741192,intergenic,KITLG,88580473,False,9e-06,0.0069954951315788,0.000248,0.005126786498868,89740942,1160.469
chr12,89756621,89757121,intergenic|chr12:89756621-89757121,intergenic,KITLG,88580473,False,0.000171,0.0072734662193821,0.001722,0.006602003091235,89756871,1176.398
chr12,89768531,89769655,intergenic|chr12:89768531-89769655,intergenic,KITLG,88580473,False,0.000314,0.0075306396309828,0.002884,0.0079886247615144,89769093,1188.62
chr12,89805111,89805611,intergenic|chr12:89805111-89805611,intergenic,KITLG,88580473,False,1.2e-05,0.0070930603088995,0.000142,0.0049463363987444,89805361,1224.888
chr12,89825538,89826038,intergenic|chr12:89825538-89826038,intergenic,KITLG,88580473,False,0.000537,0.0087207249076758,0.000323,0.0048653565114777,89825788,1245.315
chr12,89844231,89844731,intergenic|chr12:89844231-89844731,intergenic,KITLG,88580473,False,1.6e-05,0.0071627666902065,8.9e-05,0.0048280956030264,89844481,1264.008
chr12,89861095,89861595,intergenic|chr12:89861095-89861595,intergenic,KITLG,88580473,False,1.6e-05,0.0071958664195579,0.00014,0.0051053577505217,89861345,1280.872
chr12,89891443,89891943,intergenic|chr12:89891443-89891943,intergenic,KITLG,88580473,False,8.9e-05,0.0077521233139658,6.6e-05,0.0046838662220093,89891693,1311.22
chr12,89919297,89919797,intergenic|chr12:89919297-89919797,intergenic,KITLG,88580473,False,8e-06,0.0072355717902099,8.5e-05,0.0047355938924497,89919547,1339.074
chr12,89947816,89948316,intergenic|chr12:89947816-89948316,intergenic,KITLG,88580473,False,2.3e-05,0.0076981682788886,0.000194,0.0051338398539671,89948066,1367.593
chr12,89951224,89951724,intergenic|chr12:89951224-89951724,intergenic,KITLG,88580473,False,0.000247,0.0091324988151893,2.6e-05,0.0048805043447554,89951474,1371.001
chr12,89962697,89963197,intergenic|chr12:89962697-89963197,intergenic,KITLG,88580473,False,1.8e-05,0.0066291109000283,0.000171,0.0045858706875641,89962947,1382.474
chr12,89971760,89972434,intergenic|chr12:89971760-89972434,intergenic,KITLG,88580473,False,2.3e-05,0.0066689185084822,2.2e-05,0.0041067454857661,89972097,1391.624
chr12,89993575,89994075,intergenic|chr12:89993575-89994075,intergenic,KITLG,88580473,False,1.1e-05,0.0066779404659432,1.3e-05,0.0041149335121283,89993825,1413.352
chr12,90010047,90010547,intergenic|chr12:90010047-90010547,intergenic,KITLG,88580473,False,6.6e-05,0.0081130262339249,0.000111,0.0051726779663407,90010297,1429.824
chr12,90013359,90013859,intergenic|chr12:90013359-90013859,intergenic,KITLG,88580473,False,4.8e-05,0.0082218479484177,8e-05,0.0052280377660555,90013609,1433.136
chr12,90036621,90037121,intergenic|chr12:90036621-90037121,intergenic,KITLG,88580473,False,7e-06,0.0067609191619476,1.2e-05,0.0041688525033335,90036871,1456.398
chr12,90062837,90063337,intergenic|chr12:90062837-90063337,intergenic,KITLG,88580473,False,1.7e-05,0.0067985771483554,2.5e-05,0.0041947956881686,90063087,1482.614
chr12,90069025,90069525,intergenic|chr12:90069025-90069525,intergenic,KITLG,88580473,False,9e-06,0.0068197550562099,8e-06,0.004199874982935,90069275,1488.802
chr12,90076791,90077291,intergenic|chr12:90076791-90077291,intergenic,KITLG,88580473,False,1.1e-05,0.0068544582139347,8.3e-05,0.0046736957262773,90077041,1496.568
chr12,90090852,90091705,intergenic|chr12:90090852-90091705,intergenic,KITLG,88580473,False,0.000336,0.0073652727453469,0.003362,0.0083305286673628,90091278,1510.805
chr12,90102984,90103484,intergenic|chr12:90102984-90103484,intergenic,KITLG,88580473,False,0.00029,0.008747354805157,0.000112,0.0045282366577111,90103234,1522.761
chr12,90120602,90121102,intergenic|chr12:90120602-90121102,intergenic,KITLG,88580473,False,1.1e-05,0.0069393671260787,8.7e-05,0.0045524089958072,90120852,1540.379
chr12,90163899,90164399,intergenic|chr12:90163899-90164399,intergenic,KITLG,88580473,False,1.4e-05,0.0069587460372505,1e-05,0.0042829748034424,90164149,1583.676
chr12,90174167,90174667,intergenic|chr12:90174167-90174667,intergenic,KITLG,88580473,False,1.9e-05,0.0069959832832128,0.000155,0.0046260560007186,90174417,1593.944
chr12,90181180,90181680,intergenic|chr12:90181180-90181680,intergenic,KITLG,88580473,False,5.3e-05,0.0075156062186509,8e-06,0.0043186797576056,90181430,1600.957
chr12,90210935,90211435,intergenic|chr12:90210935-90211435,intergenic,KITLG,88580473,False,0.00017,0.0081370100743318,1.6e-05,0.0043389349712811,90211185,1630.712
chr12,90216903,90217403,intergenic|chr12:90216903-90217403,intergenic,KITLG,88580473,False,8e-06,0.0070625380466476,0.000133,0.0047034390432848,90217153,1636.68
chr12,90229759,90230259,intergenic|chr12:90229759-90230259,intergenic,KITLG,88580473,False,1.3e-05,0.0070981076975246,0.000318,0.0053411789915452,90230009,1649.536
chr12,90253702,90254202,intergenic|chr12:90253702-90254202,intergenic,KITLG,88580473,False,0.002208,0.0120100542010343,0.000973,0.0055675678663291,90253952,1673.479
chr12,90262254,90262754,intergenic|chr12:90262254-90262754,intergenic,KITLG,88580473,False,1.1e-05,0.0071477295687971,0.000123,0.0049014656401021,90262504,1682.031
chr12,90274343,90274843,intergenic|chr12:90274343-90274843,intergenic,KITLG,88580473,False,1.2e-05,0.0071771479018107,1.4e-05,0.004423397151247,90274593,1694.12
chr12,90287265,90288047,intergenic|chr12:90287265-90288047,intergenic,KITLG,88580473,False,8e-06,0.0071980518074576,1e-05,0.0044363171711569,90287656,1707.183
chr12,90305342,90305842,intergenic|chr12:90305342-90305842,intergenic,KITLG,88580473,False,1.9e-05,0.0065998583102018,2.6e-05,0.0040710078359044,90305592,1725.119
chr12,90366213,90366713,intergenic|chr12:90366213-90366713,intergenic,KITLG,88580473,False,5e-06,0.0065866915756736,6.4e-05,0.0043059704457465,90366463,1785.99
chr12,90407758,90408258,intergenic|chr12:90407758-90408258,intergenic,KITLG,88580473,False,7e-06,0.0066034150025801,1.7e-05,0.0040758076834401,90408008,1827.535
chr12,90679605,90680105,intergenic|chr12:90679605-90680105,intergenic,KITLG,88580473,False,1.4e-05,0.0065511648609962,2.2e-05,0.0040417560790356,90679855,2099.382
chr12,90695441,90695941,intergenic|chr12:90695441-90695941,intergenic,KITLG,88580473,False,0.000195,0.0075842384594601,6.4e-05,0.004273354406298,90695691,2115.218
chr12,90729590,90730562,intergenic|chr12:90729590-90730562,intergenic,KITLG,88580473,False,0.000653,0.0079724593382159,0.001748,0.0064342657975276,90730076,2149.603
chr12,90779025,90779525,intergenic|chr12:90779025-90779525,intergenic,KITLG,88580473,False,8.9e-05,0.0073261966867913,1.1e-05,0.0040664471193416,90779275,2198.802
chr12,90801749,90802249,intergenic|chr12:90801749-90802249,intergenic,KITLG,88580473,False,2.3e-05,0.0066402726864606,0.000277,0.0045451458180941,90801999,2221.526
chr12,90808586,90809086,intergenic|chr12:90808586-90809086,intergenic,KITLG,88580473,False,6.2e-05,0.0071014875543738,9e-06,0.0040939326952471,90808836,2228.363
chr12,90816383,90817150,intergenic|chr12:90816383-90817150,intergenic,KITLG,88580473,False,9.4e-05,0.0072012441783867,1.2e-05,0.0041124189240753,90816766,2236.293
chr12,90842564,90843064,intergenic|chr12:90842564-90843064,intergenic,KITLG,88580473,False,7e-06,0.0066895178101444,6e-06,0.0041194620391113,90842814,2262.341
chr12,90853985,90854715,intergenic|chr12:90853985-90854715,intergenic,KITLG,88580473,False,8e-06,0.0077794269148265,0.000245,0.0053188830060774,90854350,2273.877
chr12,90858279,90858779,intergenic|chr12:90858279-90858779,intergenic,KITLG,88580473,False,9e-05,0.0084141745302541,1.2e-05,0.0050086034811615,90858529,2278.056
chr12,90896142,90896642,intergenic|chr12:90896142-90896642,intergenic,KITLG,88580473,False,1.5e-05,0.0067677427666216,2.4e-05,0.0041766074493473,90896392,2315.919
chr12,90908997,90909497,intergenic|chr12:90908997-90909497,intergenic,KITLG,88580473,False,8e-06,0.0067814579234609,1.4e-05,0.0041824368830395,90909247,2328.774
chr12,90917772,90918272,promoter|chr12:90917772-90918272,promoter,KITLG,88580473,False,3.9e-05,0.0278194426999118,3.5e-05,0.0169960160178233,90918022,2337.549
chr12,90938367,90938867,genic|chr12:90938367-90938867,genic,KITLG,88580473,False,8.7e-05,0.0082031966974095,8e-06,0.0046837914435048,90938617,2358.144
chr12,90940833,90941333,genic|chr12:90940833-90941333,genic,KITLG,88580473,False,2.3e-05,0.0075492346103466,0.000289,0.0051693585155862,90941083,2360.61
chr12,90945004,90945710,genic|chr12:90945004-90945710,genic,KITLG,88580473,False,0.000138,0.0082578018416092,0.000169,0.0050970436376837,90945357,2364.884
chr12,90953825,90954325,genic|chr12:90953825-90954325,genic,KITLG,88580473,False,6e-06,0.0075398394951412,7e-06,0.0046838445649912,90954075,2373.602
chr12,90954926,90955426,promoter|chr12:90954926-90955426,promoter,KITLG,88580473,False,9e-06,0.031351527452168,1.3e-05,0.0196296438043775,90955176,2374.703
chr12,90958888,90959388,intergenic|chr12:90958888-90959388,intergenic,KITLG,88580473,False,8e-06,0.0071200688367156,1.1e-05,0.004416917354294,90959138,2378.665
chr12,90959489,90959989,intergenic|chr12:90959489-90959989,intergenic,KITLG,88580473,False,1e-05,0.0070432299645277,1.5e-05,0.0043782283315311,90959739,2379.266
chr12,90974320,90974820,genic|chr12:90974320-90974820,genic,KITLG,88580473,False,1.5e-05,0.0069905090653371,0.000391,0.0052429853384271,90974570,2394.097
chr12,90978106,90978606,genic|chr12:90978106-90978606,genic,KITLG,88580473,False,1.2e-05,0.0070626592008158,3.1e-05,0.0044021387305031,90978356,2397.883
chr12,90987493,90987993,genic|chr12:90987493-90987993,genic,KITLG,88580473,False,6e-06,0.0059592936576306,5e-06,0.0036687475254441,90987743,2407.27
chr12,91004776,91005276,promoter|chr12:91004776-91005276,promoter,KITLG,88580473,False,5e-06,0.030675394684,1.1e-05,0.0186549280041723,91005026,2424.553
chr12,91009169,91009852,intergenic|chr12:91009169-91009852,intergenic,KITLG,88580473,False,1.4e-05,0.0063485107742856,9e-06,0.0040083440779044,91009510,2429.037
chr12,91023304,91023804,intergenic|chr12:91023304-91023804,intergenic,KITLG,88580473,False,9e-06,0.0055906300151712,0.000139,0.0036970880794333,91023554,2443.081
chr12,91053865,91054365,genic|chr12:91053865-91054365,genic,KITLG,88580473,False,0.000118,0.006915637264786,1e-05,0.0038733848457187,91054115,2473.642
chr12,91058104,91058604,promoter|chr12:91058104-91058604,promoter,KITLG,88580473,False,4e-06,0.0301863562758941,4e-06,0.0187097427080344,91058354,2477.881
chr12,91098865,91099365,intergenic|chr12:91098865-91099365,intergenic,KITLG,88580473,False,2.4e-05,0.0052769842712639,3.3e-05,0.0032547330606413,91099115,2518.642
chr12,91108748,91109721,genic|chr12:91108748-91109721,genic,KITLG,88580473,False,0.000158,0.0065027246319128,1.8e-05,0.0037000587044392,91109234,2528.761
chr12,91111515,91112015,promoter|chr12:91111515-91112015,promoter,KITLG,88580473,False,3.6e-05,0.0323228464850004,5e-06,0.0190593487441211,91111765,2531.292
chr12,91127509,91128267,intergenic|chr12:91127509-91128267,intergenic,KITLG,88580473,False,0.000257,0.0055765722494375,2.5e-05,0.0030758938265673,91127888,2547.415
chr12,91178002,91178896,promoter|chr12:91178002-91178896,promoter,KITLG,88580473,False,1e-05,0.0258201816756404,2.5e-05,0.0160726182715753,91178449,2597.976
chr12,91243168,91243668,intergenic|chr12:91243168-91243668,intergenic,KITLG,88580473,False,3e-06,0.0046953474481911,6.3e-05,0.0030807145497756,91243418,2662.945
chr12,91326128,91326862,intergenic|chr12:91326128-91326862,intergenic,KITLG,88580473,False,1.6e-05,0.0047105892764225,1.1e-05,0.0028961407930365,91326495,2746.022
chr12,91332229,91332729,intergenic|chr12:91332229-91332729,intergenic,KITLG,88580473,False,4e-06,0.0047142245078053,5e-06,0.0029020770791412,91332479,2752.006
chr12,91355326,91355826,intergenic|chr12:91355326-91355826,intergenic,KITLG,88580473,False,1.6e-05,0.0047388587756466,0.000458,0.003611023434373,91355576,2775.103
chr12,91361712,91362212,intergenic|chr12:91361712-91362212,intergenic,KITLG,88580473,False,7e-06,0.0047452510765354,0.000185,0.0031724332053759,91361962,2781.489
chr12,91367191,91367691,intergenic|chr12:91367191-91367691,intergenic,KITLG,88580473,False,0.000112,0.0051799696838356,1.5e-05,0.0029351409143858,91367441,2786.968
chr12,91381308,91381808,intergenic|chr12:91381308-91381808,intergenic,KITLG,88580473,False,1.1e-05,0.0056232829061253,5.8e-05,0.003734918312029,91381558,2801.085
chr12,91381947,91382447,intergenic|chr12:91381947-91382447,intergenic,KITLG,88580473,False,1e-05,0.0056721199883283,0.000214,0.003686821483758,91382197,2801.724
chr12,91406850,91407350,intergenic|chr12:91406850-91407350,intergenic,KITLG,88580473,False,1.8e-05,0.004814225771152,0.000176,0.0032098933152327,91407100,2826.627
chr12,91413407,91413907,intergenic|chr12:91413407-91413907,intergenic,KITLG,88580473,False,3.1e-05,0.0048424276890356,3.5e-05,0.0029830414337084,91413657,2833.184
chr12,91492554,91493054,intergenic|chr12:91492554-91493054,intergenic,KITLG,88580473,False,4.8e-05,0.006044181028068,8e-06,0.0034556745707601,91492804,2912.331
chr12,91496271,91496771,intergenic|chr12:91496271-91496771,intergenic,KITLG,88580473,False,8e-06,0.0054641851347448,0.000101,0.003698190589372,91496521,2916.048
chr12,91529844,91530344,intergenic|chr12:91529844-91530344,intergenic,KITLG,88580473,False,7e-06,0.0048470102793377,5e-06,0.0029820705886556,91530094,2949.621
chr12,91562024,91562994,intergenic|chr12:91562024-91562994,intergenic,KITLG,88580473,False,0.00021,0.0053970487089762,0.000124,0.0032095835205095,91562509,2982.036
chr12,91577811,91578311,intergenic|chr12:91577811-91578311,intergenic,KITLG,88580473,False,1.6e-05,0.0055319333892747,2.1e-05,0.0034536510847258,91578061,2997.588
chr12,91578903,91579403,intergenic|chr12:91578903-91579403,intergenic,KITLG,88580473,False,3e-06,0.0058609364800055,6e-06,0.003631329466496,91579153,2998.68
chr12,91685880,91686380,intergenic|chr12:91685880-91686380,intergenic,KITLG,88580473,False,2.2e-05,0.0061274405914637,0.000251,0.0041340514724749,91686130,3105.657
chr12,91686525,91687788,intergenic|chr12:91686525-91687788,intergenic,KITLG,88580473,False,4.4e-05,0.0060160598556956,0.000564,0.0042861483352779,91687156,3106.683
chr12,91732100,91732600,intergenic|chr12:91732100-91732600,intergenic,KITLG,88580473,False,6e-06,0.0049084813371583,1.1e-05,0.003024457943408,91732350,3151.877
chr12,91753069,91753569,intergenic|chr12:91753069-91753569,intergenic,KITLG,88580473,False,3e-06,0.0056199469193938,3e-06,0.003505285698516,91753319,3172.846
chr12,91753577,91754077,intergenic|chr12:91753577-91754077,intergenic,KITLG,88580473,False,4e-06,0.0055630313591563,7e-06,0.0034271818258772,91753827,3173.354
chr12,91772345,91772845,intergenic|chr12:91772345-91772845,intergenic,KITLG,88580473,False,1.4e-05,0.0063775546925872,1.5e-05,0.0039409454229766,91772595,3192.122
chr12,91777556,91778056,intergenic|chr12:91777556-91778056,intergenic,KITLG,88580473,False,9e-05,0.0067824488978616,0.002613,0.0073125400228582,91777806,3197.333
chr12,91778458,91779340,intergenic|chr12:91778458-91779340,intergenic,KITLG,88580473,False,0.000259,0.0067529018888018,0.007213,0.0135830225524207,91778899,3198.426
chr12,91804194,91804988,intergenic|chr12:91804194-91804988,intergenic,KITLG,88580473,False,7e-05,0.0050574444713626,0.002525,0.0054271503607011,91804591,3224.118
chr12,91811434,91812138,intergenic|chr12:91811434-91812138,intergenic,KITLG,88580473,False,1.3e-05,0.0050107371192496,0.000579,0.0039747862470144,91811786,3231.313
chr12,91902798,91903580,intergenic|chr12:91902798-91903580,intergenic,KITLG,88580473,False,1.8e-05,0.005017633518886,2.2e-05,0.0030911844316896,91903189,3322.716
chr12,91926747,91927247,intergenic|chr12:91926747-91927247,intergenic,KITLG,88580473,False,9e-06,0.0050194925283946,1.3e-05,0.0030923342794922,91926997,3346.524
chr12,91933846,91934346,intergenic|chr12:91933846-91934346,intergenic,KITLG,88580473,False,3e-06,0.005027055224803,5e-06,0.0030956877375311,91934096,3353.623
chr12,91991324,91991824,genic|chr12:91991324-91991824,genic,KITLG,88580473,False,6e-06,0.0050369346963305,8e-06,0.0031017830067762,91991574,3411.101
chr12,92034870,92035370,genic|chr12:92034870-92035370,genic,KITLG,88580473,False,6e-06,0.0050455552951253,1.1e-05,0.0031090831615685,92035120,3454.647
chr12,92055827,92056327,genic|chr12:92055827-92056327,genic,KITLG,88580473,False,5e-06,0.005056150601379,7e-06,0.0031136395438446,92056077,3475.604
chr12,92068421,92068921,genic|chr12:92068421-92068921,genic,KITLG,88580473,False,7e-06,0.0059799293801333,7e-06,0.0036191075524268,92068671,3488.198
chr12,92070279,92070779,genic|chr12:92070279-92070779,genic,KITLG,88580473,False,8e-06,0.0059660873002249,6e-06,0.0036416811883618,92070529,3490.056
chr12,92078074,92078574,genic|chr12:92078074-92078574,genic,KITLG,88580473,False,2.8e-05,0.0063567762263657,3.9e-05,0.0039710554940134,92078324,3497.851
chr12,92080435,92080935,genic|chr12:92080435-92080935,genic,KITLG,88580473,False,0.000565,0.0075361117103936,0.000698,0.0047267986630851,92080685,3500.212
chr12,92094630,92095130,genic|chr12:92094630-92095130,genic,KITLG,88580473,False,9e-06,0.00512810399286,1.3e-05,0.0031593784245105,92094880,3514.407
chr12,92123478,92123978,genic|chr12:92123478-92123978,genic,KITLG,88580473,False,4e-06,0.005133253940108,5e-06,0.0031605431350175,92123728,3543.255
chr12,92129481,92129981,genic|chr12:92129481-92129981,genic,KITLG,88580473,False,6.2e-05,0.005667811214768,9.4e-05,0.0034359141716845,92129731,3549.258
chr12,92134814,92135314,genic|chr12:92134814-92135314,genic,KITLG,88580473,False,1.9e-05,0.0065063734975987,2.4e-05,0.0040049551875235,92135064,3554.591
chr12,92137189,92138118,genic|chr12:92137189-92138118,genic,KITLG,88580473,False,3.5e-05,0.0065176565700725,3.8e-05,0.0040343522132098,92137653,3557.18
chr12,92139504,92140004,genic|chr12:92139504-92140004,genic,KITLG,88580473,False,8e-06,0.0067423852491254,1.2e-05,0.0041467293742925,92139754,3559.281
chr12,92142581,92143081,promoter|chr12:92142581-92143081,promoter,KITLG,88580473,False,1.2e-05,0.0331828802451162,1.7e-05,0.0206674960631196,92142831,3562.358
chr12,92144006,92144506,genic|chr12:92144006-92144506,genic,KITLG,88580473,False,3.7e-05,0.0065309585001509,3.6e-05,0.0040326278389182,92144256,3563.783
chr12,92145647,92146215,promoter|chr12:92145647-92146215,promoter,KITLG,88580473,False,0.000122,0.0321765597871768,0.002346,0.0317329888982516,92145931,3565.458
chr12,92160914,92161414,intergenic|chr12:92160914-92161414,intergenic,KITLG,88580473,False,8e-06,0.0044850990686962,8e-06,0.0027601960915979,92161164,3580.691
chr12,92206542,92207413,intergenic|chr12:92206542-92207413,intergenic,KITLG,88580473,False,6e-06,0.0054068998486063,0.000101,0.003519586621471,92206977,3626.504
chr12,92207866,92208827,intergenic|chr12:92207866-92208827,intergenic,KITLG,88580473,False,1.4e-05,0.005272277462652,0.000162,0.0035105700031861,92208346,3627.873
chr12,92224790,92225290,intergenic|chr12:92224790-92225290,intergenic,KITLG,88580473,False,6e-06,0.004512055620367,8e-06,0.0027779954160052,92225040,3644.567
chr12,92289918,92290418,intergenic|chr12:92289918-92290418,intergenic,KITLG,88580473,False,9e-06,0.0045191091958543,1.1e-05,0.0027823454037399,92290168,3709.695
chr12,92393429,92393929,intergenic|chr12:92393429-92393929,intergenic,KITLG,88580473,False,3e-06,0.0051405515089712,3e-06,0.0032301177540119,92393679,3813.206
chr12,92396849,92397349,intergenic|chr12:92396849-92397349,intergenic,KITLG,88580473,False,3e-06,0.0051669563982844,6e-06,0.0031421333380961,92397099,3816.626
chr12,92408039,92408539,intergenic|chr12:92408039-92408539,intergenic,KITLG,88580473,False,7e-06,0.0045394856718148,8e-06,0.0027943190737754,92408289,3827.816
chr12,92421280,92421780,promoter|chr12:92421280-92421780,promoter,KITLG,88580473,False,6.2e-05,0.0267643921848111,7.5e-05,0.0163770092994124,92421530,3841.057
chr12,92427898,92428398,promoter|chr12:92427898-92428398,promoter,KITLG,88580473,False,7e-06,0.0248551564870761,6e-06,0.0154143193597753,92428148,3847.675
chr12,92442659,92443159,intergenic|chr12:92442659-92443159,intergenic,KITLG,88580473,False,4e-06,0.0048207334703452,5e-06,0.0029074945458482,92442909,3862.436
chr12,92446041,92446541,intergenic|chr12:92446041-92446541,intergenic,KITLG,88580473,False,5e-06,0.0047983407942314,3e-06,0.0029520714139615,92446291,3865.818
chr12,92457411,92458177,intergenic|chr12:92457411-92458177,intergenic,KITLG,88580473,False,5e-06,0.0041817418973508,1.1e-05,0.0025764888558515,92457794,3877.321
chr12,92502383,92502883,intergenic|chr12:92502383-92502883,intergenic,KITLG,88580473,False,3e-06,0.0047101660985532,3e-06,0.0028032473381062,92502633,3922.16
chr12,92506410,92506910,intergenic|chr12:92506410-92506910,intergenic,KITLG,88580473,False,6e-06,0.0045868933303482,3e-06,0.0028211525262813,92506660,3926.187
chr12,92516135,92516635,intergenic|chr12:92516135-92516635,intergenic,KITLG,88580473,False,0.00019,0.0045101132522135,0.000131,0.0026884010870569,92516385,3935.912
chr12,92539131,92539631,intergenic|chr12:92539131-92539631,intergenic,KITLG,88580473,False,1.5e-05,0.004647172594441,0.000276,0.0032635023372084,92539381,3958.908
chr12,92543330,92543830,intergenic|chr12:92543330-92543830,intergenic,KITLG,88580473,False,3e-06,0.0049167132350654,0.000136,0.0032695319365181,92543580,3963.107
chr12,92551898,92552886,intergenic|chr12:92551898-92552886,intergenic,KITLG,88580473,False,1.2e-05,0.0040719830071254,1.6e-05,0.0025076892169459,92552392,3971.919
chr12,92570049,92570793,intergenic|chr12:92570049-92570793,intergenic,KITLG,88580473,False,1e-05,0.0050104950999101,0.000514,0.0036665582509327,92570421,3989.948
chr12,92573050,92573550,intergenic|chr12:92573050-92573550,intergenic,KITLG,88580473,False,1e-05,0.0050299703366749,0.000212,0.0035257973194348,92573300,3992.827
chr12,92574321,92574821,intergenic|chr12:92574321-92574821,intergenic,KITLG,88580473,False,1.2e-05,0.0050257078766753,0.000217,0.0035371255559835,92574571,3994.098
chr12,92593809,92594309,intergenic|chr12:92593809-92594309,intergenic,KITLG,88580473,False,5e-06,0.0041025572222331,6e-06,0.0025249380955426,92594059,4013.586
chr12,92602458,92602958,intergenic|chr12:92602458-92602958,intergenic,KITLG,88580473,False,6e-06,0.00411268628471,1e-05,0.0025327969723322,92602708,4022.235
chr12,92608417,92608917,intergenic|chr12:92608417-92608917,intergenic,KITLG,88580473,False,1.1e-05,0.004126551096895,1.5e-05,0.002541348126198,92608667,4028.194
chr12,92624179,92624679,intergenic|chr12:92624179-92624679,intergenic,KITLG,88580473,False,0.000131,0.0045329842220042,1.1e-05,0.0025443195732967,92624429,4043.956
chr12,92649877,92650377,intergenic|chr12:92649877-92650377,intergenic,KITLG,88580473,False,1e-05,0.0041415663656478,1.2e-05,0.0025495264293412,92650127,4069.654
chr12,92675395,92675895,intergenic|chr12:92675395-92675895,intergenic,KITLG,88580473,False,2e-06,0.0041418778834531,3e-06,0.0025491770474342,92675645,4095.172
chr12,92702592,92703092,promoter|chr12:92702592-92703092,promoter,KITLG,88580473,False,3e-06,0.0246727357672521,5.7e-05,0.0163287447758738,92702842,4122.369
chr12,92717121,92717621,intergenic|chr12:92717121-92717621,intergenic,KITLG,88580473,False,3e-06,0.0039892827489179,6e-06,0.0024561601891871,92717371,4136.898
chr12,92734986,92735684,intergenic|chr12:92734986-92735684,intergenic,KITLG,88580473,False,8e-06,0.0047238044664565,9e-06,0.0029223035843005,92735335,4154.862
chr12,92736238,92736738,promoter|chr12:92736238-92736738,promoter,KITLG,88580473,False,3e-06,0.0296316163946223,3e-06,0.0184065028428974,92736488,4156.015
chr12,92739019,92739519,genic|chr12:92739019-92739519,genic,KITLG,88580473,False,4e-06,0.0046352222503505,6e-06,0.0028424711011942,92739269,4158.796
chr12,92745774,92746608,genic|chr12:92745774-92746608,genic,KITLG,88580473,False,3.2e-05,0.0038909217692148,0.000781,0.0029371162548675,92746191,4165.718
chr12,92759859,92760359,genic|chr12:92759859-92760359,genic,KITLG,88580473,False,1.9e-05,0.003888140351632,0.000999,0.0032338873810753,92760109,4179.636
chr12,92785044,92785544,genic|chr12:92785044-92785544,genic,KITLG,88580473,False,1e-05,0.0038876389104488,1.2e-05,0.0023929754738082,92785294,4204.821
chr12,92824062,92824562,genic|chr12:92824062-92824562,genic,KITLG,88580473,False,3e-06,0.0044959543934892,4e-06,0.0028038896729095,92824312,4243.839
chr12,92827776,92828276,genic|chr12:92827776-92828276,genic,KITLG,88580473,False,4e-06,0.0044717520159887,0.000152,0.0030283690557101,92828026,4247.553
chr12,92888894,92889394,genic|chr12:92888894-92889394,genic,KITLG,88580473,False,5e-06,0.0039013480876211,8e-06,0.0024019379232986,92889144,4308.671
chr12,92899304,92900093,genic|chr12:92899304-92900093,genic,KITLG,88580473,False,0.002058,0.0062671744797664,0.000122,0.0024656452985539,92899698,4319.225
chr12,92911893,92912393,genic|chr12:92911893-92912393,genic,KITLG,88580473,False,3e-06,0.0039156666804761,4e-06,0.0024097416405907,92912143,4331.67
chr12,92929081,92930005,promoter|chr12:92929081-92930005,promoter,KITLG,88580473,False,0.000129,0.0251953613724922,0.002794,0.0267982478487611,92929543,4349.07
chr12,92943739,92944239,intergenic|chr12:92943739-92944239,intergenic,KITLG,88580473,False,9e-06,0.0037878291945886,1.3e-05,0.0023324409314178,92943989,4363.516
chr12,92953739,92954239,intergenic|chr12:92953739-92954239,intergenic,KITLG,88580473,False,4e-06,0.0037915856690987,4e-06,0.0023327727321945,92953989,4373.516
chr12,92961880,92962380,intergenic|chr12:92961880-92962380,intergenic,KITLG,88580473,False,4e-06,0.0037994916736763,5e-06,0.0023381414159169,92962130,4381.657
chr12,92968370,92968870,intergenic|chr12:92968370-92968870,intergenic,KITLG,88580473,False,4e-06,0.0047743037244537,1.1e-05,0.0029397224968761,92968620,4388.147
chr12,92970898,92971398,intergenic|chr12:92970898-92971398,intergenic,KITLG,88580473,False,2.7e-05,0.0045784454860565,3.1e-05,0.0028712111937378,92971148,4390.675
chr12,92973528,92974028,intergenic|chr12:92973528-92974028,intergenic,KITLG,88580473,False,6e-06,0.0047850800372854,7e-06,0.0029614548348184,92973778,4393.305
chr12,92987234,92987734,intergenic|chr12:92987234-92987734,intergenic,KITLG,88580473,False,1.2e-05,0.0038380067326844,1e-05,0.0023603717656174,92987484,4407.011
chr12,93011040,93011540,intergenic|chr12:93011040-93011540,intergenic,KITLG,88580473,False,5e-06,0.0038386488453738,1.1e-05,0.0023647868127862,93011290,4430.817
chr12,93020294,93020794,intergenic|chr12:93020294-93020794,intergenic,KITLG,88580473,False,8e-06,0.0044875063987713,0.000367,0.0033411964465514,93020544,4440.071
chr12,93025423,93025923,intergenic|chr12:93025423-93025923,intergenic,KITLG,88580473,False,5e-06,0.0045813972353928,8e-06,0.002823992401665,93025673,4445.2
chr12,93047058,93047558,intergenic|chr12:93047058-93047558,intergenic,KITLG,88580473,False,2e-06,0.0038585485208535,9.7e-05,0.0025534340731092,93047308,4466.835
chr12,93060575,93061075,intergenic|chr12:93060575-93061075,intergenic,KITLG,88580473,False,7e-06,0.0038699445485397,0.000163,0.0025968631781341,93060825,4480.352
chr12,93090098,93090598,intergenic|chr12:93090098-93090598,intergenic,KITLG,88580473,False,5.5e-05,0.0050362098079659,0.003223,0.006127932998777,93090348,4509.875
chr12,93090610,93091326,intergenic|chr12:93090610-93091326,intergenic,KITLG,88580473,False,6.2e-05,0.0050312041611523,0.00299,0.0059308189091869,93090968,4510.495
chr12,93097958,93098458,intergenic|chr12:93097958-93098458,intergenic,KITLG,88580473,False,1.2e-05,0.0038959049747356,2.1e-05,0.0024016400254731,93098208,4517.735
chr12,93137983,93138483,intergenic|chr12:93137983-93138483,intergenic,KITLG,88580473,False,6e-06,0.0038960470578404,9e-06,0.0023986691861496,93138233,4557.76
chr12,93160835,93161335,intergenic|chr12:93160835-93161335,intergenic,KITLG,88580473,False,2e-06,0.0038989929602032,5.5e-05,0.0025691913265903,93161085,4580.612
chr12,93192894,93193394,intergenic|chr12:93192894-93193394,intergenic,KITLG,88580473,False,4e-06,0.0047061800723228,5e-06,0.0029004203162641,93193144,4612.671
chr12,93197230,93197730,intergenic|chr12:93197230-93197730,intergenic,KITLG,88580473,False,9e-06,0.0046833231596265,1e-05,0.0028910850721762,93197480,4617.007
chr12,93198055,93198555,intergenic|chr12:93198055-93198555,intergenic,KITLG,88580473,False,1.8e-05,0.0046039256653303,2.4e-05,0.0028295766624474,93198305,4617.832
chr12,93221339,93221839,intergenic|chr12:93221339-93221839,intergenic,KITLG,88580473,False,3e-06,0.0037943459658867,3e-06,0.0023344734932421,93221589,4641.116
chr12,93229358,93229858,intergenic|chr12:93229358-93229858,intergenic,KITLG,88580473,False,2.4e-05,0.0038184161463354,3.3e-05,0.0023537962337276,93229608,4649.135
chr12,93234686,93235186,intergenic|chr12:93234686-93235186,intergenic,KITLG,88580473,False,2e-06,0.0038080968875663,7.2e-05,0.0025171104964606,93234936,4654.463
chr12,93274334,93274834,intergenic|chr12:93274334-93274834,intergenic,KITLG,88580473,False,3e-06,0.0038137539346987,3e-06,0.0023464318450109,93274584,4694.111
chr12,93283933,93284704,intergenic|chr12:93283933-93284704,intergenic,KITLG,88580473,False,9e-06,0.0045266492638388,9e-06,0.0027858114109614,93284318,4703.845
chr12,93287107,93287607,intergenic|chr12:93287107-93287607,intergenic,KITLG,88580473,False,7e-06,0.0045819929562315,8e-06,0.0027988575338391,93287357,4706.884
chr12,93314557,93315057,intergenic|chr12:93314557-93315057,intergenic,KITLG,88580473,False,5.1e-05,0.0048915063316861,0.001058,0.0038844419791359,93314807,4734.334
chr12,93315103,93315603,intergenic|chr12:93315103-93315603,intergenic,KITLG,88580473,False,2.8e-05,0.0049693680880887,3.1e-05,0.0030447703558132,93315353,4734.88
chr12,93317213,93317713,intergenic|chr12:93317213-93317713,intergenic,KITLG,88580473,False,9e-06,0.0050130182361901,1e-05,0.0030716731300608,93317463,4736.99
chr12,93336194,93336694,intergenic|chr12:93336194-93336694,intergenic,KITLG,88580473,False,8e-06,0.0038597408059985,5e-06,0.0023732528577843,93336444,4755.971
chr12,93346957,93347457,intergenic|chr12:93346957-93347457,intergenic,KITLG,88580473,False,2e-06,0.0038617442171254,5e-06,0.0023775191846472,93347207,4766.734
chr12,93377611,93378219,promoter|chr12:93377611-93378219,promoter,KITLG,88580473,False,3.5e-05,0.0309649614271214,4.1e-05,0.0194124517435193,93377915,4797.442
chr12,93378299,93378979,promoter|chr12:93378299-93378979,promoter,KITLG,88580473,False,3.3e-05,0.0309936327946437,4.5e-05,0.0193761095991076,93378639,4798.166
chr12,93380589,93381089,genic|chr12:93380589-93381089,genic,KITLG,88580473,False,1e-05,0.0044167613586797,0.000389,0.0031307364452025,93380839,4800.366
chr12,93387794,93388294,genic|chr12:93387794-93388294,genic,KITLG,88580473,False,4e-06,0.0034158147320156,7e-06,0.002102616468496,93388044,4807.571
chr12,93396686,93397186,genic|chr12:93396686-93397186,genic,KITLG,88580473,False,8e-06,0.0034249088108256,8e-06,0.0021068764618446,93396936,4816.463
chr12,93407311,93407811,intergenic|chr12:93407311-93407811,intergenic,KITLG,88580473,False,4e-06,0.0034280544333623,4e-06,0.0021088140933863,93407561,4827.088
chr12,93413565,93414065,genic|chr12:93413565-93414065,genic,KITLG,88580473,False,5e-06,0.0040380255369913,6e-06,0.0024851598428408,93413815,4833.342
chr12,93414495,93414995,genic|chr12:93414495-93414995,genic,KITLG,88580473,False,5e-06,0.004169487725103,6e-06,0.0025763998436598,93414745,4834.272
chr12,93419409,93420299,genic|chr12:93419409-93420299,genic,KITLG,88580473,False,7e-06,0.0040550776514985,1e-05,0.0024967321788447,93419854,4839.381
chr12,93441895,93442500,promoter|chr12:93441895-93442500,promoter,KITLG,88580473,False,0.003283,0.0466563921487743,0.00014,0.0155018544479372,93442197,4861.724
chr12,93457446,93457946,intergenic|chr12:93457446-93457946,intergenic,KITLG,88580473,False,2e-06,0.0033517456821819,3e-06,0.0020622498735977,93457696,4877.223
chr12,93467239,93467993,promoter|chr12:93467239-93467993,promoter,KITLG,88580473,False,9.4e-05,0.0247427261796566,0.000103,0.0153759021976532,93467616,4887.143
chr12,93484660,93485160,genic|chr12:93484660-93485160,genic,KITLG,88580473,False,7e-06,0.0032670441156973,0.000172,0.0022074242327526,93484910,4904.437
chr12,93502965,93503465,genic|chr12:93502965-93503465,genic,KITLG,88580473,False,4e-06,0.0032701279558719,0.000112,0.002169698588893,93503215,4922.742
chr12,93514707,93515207,intergenic|chr12:93514707-93515207,intergenic,KITLG,88580473,False,4e-06,0.0038024989927084,6e-06,0.0022928700625246,93514957,4934.484
chr12,93518699,93519199,intergenic|chr12:93518699-93519199,intergenic,KITLG,88580473,False,4e-06,0.0038260965059645,0.000115,0.0026957796513478,93518949,4938.476
chr12,93525326,93525826,intergenic|chr12:93525326-93525826,intergenic,KITLG,88580473,False,3e-06,0.0040366733502948,0.000341,0.0029671178283373,93525576,4945.103
chr12,93526747,93527247,intergenic|chr12:93526747-93527247,intergenic,KITLG,88580473,False,1.7e-05,0.0037935801118052,0.000864,0.0031865137249266,93526997,4946.524
chr12,93563782,93564670,intergenic|chr12:93563782-93564670,intergenic,KITLG,88580473,False,3.3e-05,0.003317847016786,4.7e-05,0.0020469997473543,93564226,4983.753
chr12,93569550,93571930,promoter|chr12:93569550-93571930,promoter,KITLG,88580473,False,0.000251,0.025498740450703,0.000264,0.0158628872382137,93570740,4990.267
chr2,176925109,176925609,intergenic|chr2:176925109-176925609,intergenic,SSFA2,181891715,False,1e-06,0.0011306279975849,2e-06,0.0012473446148845,176925359,4966.356
chr2,176931727,176932227,intergenic|chr2:176931727-176932227,intergenic,SSFA2,181891715,False,3e-06,0.0011291161391954,8e-06,0.0012467383303995,176931977,4959.738
chr2,176960656,176961156,intergenic|chr2:176960656-176961156,intergenic,SSFA2,181891715,False,1e-06,0.0011271127185389,3.6e-05,0.0013534713383811,176960906,4930.809
chr2,176997029,176997529,intergenic|chr2:176997029-176997529,intergenic,SSFA2,181891715,False,6e-06,0.0011269472986431,0.000135,0.0013312949438642,176997279,4894.436
chr2,177019947,177020447,intergenic|chr2:177019947-177020447,intergenic,SSFA2,181891715,False,1e-06,0.0011241494299815,1.9e-05,0.0013003297150915,177020197,4871.518
chr2,177029442,177029942,intergenic|chr2:177029442-177029942,intergenic,SSFA2,181891715,False,1e-06,0.00112220033105,4.5e-05,0.0013024221495294,177029692,4862.023
chr2,177056366,177056866,intergenic|chr2:177056366-177056866,intergenic,SSFA2,181891715,False,1e-06,0.0011206230663443,1e-06,0.0012360447752119,177056616,4835.099
chr2,177106170,177106670,intergenic|chr2:177106170-177106670,intergenic,SSFA2,181891715,False,2.4e-05,0.0011810390840913,2e-06,0.0012351783528481,177106420,4785.295
chr2,177143330,177143830,intergenic|chr2:177143330-177143830,intergenic,SSFA2,181891715,False,2e-06,0.0013145270803073,2e-06,0.0014691204132729,177143580,4748.135
chr2,177147057,177147557,intergenic|chr2:177147057-177147557,intergenic,SSFA2,181891715,False,2e-06,0.0013976356889634,0.000121,0.0016968327220755,177147307,4744.408
chr2,177148620,177149333,intergenic|chr2:177148620-177149333,intergenic,SSFA2,181891715,False,6e-06,0.0013106640921734,0.000294,0.0016834027024389,177148976,4742.739
chr2,177161636,177162136,intergenic|chr2:177161636-177162136,intergenic,SSFA2,181891715,False,6e-06,0.0014794902704461,0.000195,0.0017803487143753,177161886,4729.829
chr2,177164500,177165000,intergenic|chr2:177164500-177165000,intergenic,SSFA2,181891715,False,1e-05,0.0014951849321091,0.000322,0.0018487546440581,177164750,4726.965
chr2,177165132,177165632,intergenic|chr2:177165132-177165632,intergenic,SSFA2,181891715,False,1e-05,0.0014929257483288,0.000312,0.0018367774700495,177165382,4726.333
chr2,177165819,177166732,intergenic|chr2:177165819-177166732,intergenic,SSFA2,181891715,False,2e-05,0.0014808469163058,0.000591,0.0019270823418535,177166275,4725.44
chr2,177167938,177168738,intergenic|chr2:177167938-177168738,intergenic,SSFA2,181891715,False,1.9e-05,0.0014872576990439,0.000618,0.0019441648888481,177168338,4723.377
chr2,177171517,177172017,intergenic|chr2:177171517-177172017,intergenic,SSFA2,181891715,False,5e-06,0.0014410572675827,0.00019,0.0017400234919047,177171767,4719.948
chr2,177172204,177172959,intergenic|chr2:177172204-177172959,intergenic,SSFA2,181891715,False,8e-06,0.0014326005046044,0.000264,0.0017578225519955,177172581,4719.134
chr2,177187532,177188032,intergenic|chr2:177187532-177188032,intergenic,SSFA2,181891715,False,3e-06,0.0010977801812346,5e-06,0.0012113679006713,177187782,4703.933
chr2,177195157,177195657,intergenic|chr2:177195157-177195657,intergenic,SSFA2,181891715,False,2e-06,0.0010954913400216,3e-06,0.0012085851044715,177195407,4696.308
chr2,177211972,177213500,promoter|chr2:177211972-177213500,promoter,SSFA2,181891715,False,0.000107,0.0081739239606776,0.010982,0.0478344424238418,177212736,4678.979
chr2,177220695,177221195,genic|chr2:177220695-177221195,genic,SSFA2,181891715,False,1e-06,0.0014137199062004,2e-06,0.0015491220975366,177220945,4670.77
chr2,177223880,177224874,genic|chr2:177223880-177224874,genic,SSFA2,181891715,False,4e-06,0.0014425518239547,6e-06,0.0015810795809516,177224377,4667.338
chr2,177225053,177225553,intergenic|chr2:177225053-177225553,intergenic,SSFA2,181891715,False,3e-06,0.0014424631625681,5e-06,0.0015795979895266,177225303,4666.412
chr2,177225823,177226323,intergenic|chr2:177225823-177226323,intergenic,SSFA2,181891715,False,3e-06,0.001438628008374,3e-06,0.0015807719027815,177226073,4665.642
chr2,177226329,177226829,intergenic|chr2:177226329-177226829,intergenic,SSFA2,181891715,False,2e-06,0.0014342771620351,3e-06,0.0015710380041909,177226579,4665.136
chr2,177227082,177227878,intergenic|chr2:177227082-177227878,intergenic,SSFA2,181891715,False,3e-06,0.001427563413944,5e-06,0.0015641625092798,177227480,4664.235
chr2,177228421,177229927,intergenic|chr2:177228421-177229927,intergenic,SSFA2,181891715,False,4e-06,0.0014213510083946,5e-06,0.0015603646251921,177229174,4662.541
chr2,177239883,177240383,genic|chr2:177239883-177240383,genic,SSFA2,181891715,False,6e-06,0.0014836832106852,0.000171,0.001776370701472,177240133,4651.582
chr2,177242402,177243294,genic|chr2:177242402-177243294,genic,SSFA2,181891715,False,3.2e-05,0.0014420004269425,0.000917,0.0019999771788157,177242848,4648.867
chr2,177244960,177245460,genic|chr2:177244960-177245460,genic,SSFA2,181891715,False,1.3e-05,0.0014704016626802,0.000485,0.0018762723867444,177245210,4646.505
chr2,177251970,177252470,genic|chr2:177251970-177252470,genic,SSFA2,181891715,False,3e-06,0.0013959205233311,4e-06,0.0015402731265016,177252220,4639.495
chr2,177254360,177254860,genic|chr2:177254360-177254860,genic,SSFA2,181891715,False,7e-06,0.0013725057708266,1.1e-05,0.0015157019828764,177254610,4637.105
chr2,177254881,177255381,genic|chr2:177254881-177255381,genic,SSFA2,181891715,False,4e-06,0.0013872818746449,0.000163,0.001654590811421,177255131,4636.584
chr2,177263352,177264381,promoter|chr2:177263352-177264381,promoter,SSFA2,181891715,False,6.5e-05,0.0107943168603386,0.002239,0.0188332306015607,177263866,4627.849
chr2,177264579,177265742,promoter|chr2:177264579-177265742,promoter,SSFA2,181891715,False,4.5e-05,0.0108985893841048,7.4e-05,0.012097146211063,177265160,4626.555
chr2,177282096,177282596,intergenic|chr2:177282096-177282596,intergenic,SSFA2,181891715,False,1e-06,0.0011326609254147,3e-06,0.0012498533589194,177282346,4609.369
chr2,177296033,177296533,intergenic|chr2:177296033-177296533,intergenic,SSFA2,181891715,False,2e-06,0.0011307824302156,3e-06,0.0012475149433722,177296283,4595.432
chr2,177313504,177314004,intergenic|chr2:177313504-177314004,intergenic,SSFA2,181891715,False,1e-06,0.0011284978611851,2e-06,0.0012449948550262,177313754,4577.961
chr2,177327914,177328414,intergenic|chr2:177327914-177328414,intergenic,SSFA2,181891715,False,2e-06,0.0013861640006545,6.3e-05,0.0016273988751161,177328164,4563.551
chr2,177332274,177332774,intergenic|chr2:177332274-177332774,intergenic,SSFA2,181891715,False,6e-06,0.0013759046760463,1.1e-05,0.0015292896055875,177332524,4559.191
chr2,177334888,177335388,intergenic|chr2:177334888-177335388,intergenic,SSFA2,181891715,False,3e-06,0.001456249515715,6e-06,0.0016134114903787,177335138,4556.577
chr2,177338029,177338529,intergenic|chr2:177338029-177338529,intergenic,SSFA2,181891715,False,1.7e-05,0.0013469436787149,3.2e-05,0.0015019692275455,177338279,4553.436
chr2,177344269,177344769,intergenic|chr2:177344269-177344769,intergenic,SSFA2,181891715,False,1e-06,0.0013027034347347,3.5e-05,0.0015181263853749,177344519,4547.196
chr2,177345898,177346398,intergenic|chr2:177345898-177346398,intergenic,SSFA2,181891715,False,1e-06,0.0012821389444234,4.8e-05,0.0015164683343447,177346148,4545.567
chr2,177391995,177393245,promoter|chr2:177391995-177393245,promoter,SSFA2,181891715,False,0.00147,0.0155413415516789,0.000669,0.0131039566087871,177392620,4499.095
chr2,177396591,177397091,genic|chr2:177396591-177397091,genic,SSFA2,181891715,False,4e-06,0.0015567213665246,6e-06,0.0017125870468583,177396841,4494.874
chr2,177397409,177397909,genic|chr2:177397409-177397909,genic,SSFA2,181891715,False,4e-06,0.001553931660704,5e-06,0.0017094447900867,177397659,4494.056
chr2,177405004,177405504,genic|chr2:177405004-177405504,genic,SSFA2,181891715,False,1e-06,0.0011835435531324,2e-06,0.0013057155910203,177405254,4486.461
chr2,177416090,177416590,genic|chr2:177416090-177416590,genic,SSFA2,181891715,False,3e-06,0.0013837643793163,6.2e-05,0.00162984795972,177416340,4475.375
chr2,177419200,177419700,genic|chr2:177419200-177419700,genic,SSFA2,181891715,False,2e-06,0.0014109508764759,5.5e-05,0.0016311015977671,177419450,4472.265
chr2,177433336,177434200,genic|chr2:177433336-177434200,genic,SSFA2,181891715,False,3e-06,0.0011767040407634,4e-06,0.001298170927947,177433768,4457.947
chr2,177465897,177466397,genic|chr2:177465897-177466397,genic,SSFA2,181891715,False,1e-06,0.0014069540486583,2e-06,0.0015503197288472,177466147,4425.568
chr2,177467589,177468089,genic|chr2:177467589-177468089,genic,SSFA2,181891715,False,3e-06,0.0013241126994724,5e-06,0.0014993752211261,177467839,4423.876
chr2,177474845,177475345,genic|chr2:177474845-177475345,genic,SSFA2,181891715,False,5e-06,0.0013589376264514,0.000183,0.0016291170365051,177475095,4416.62
chr2,177477925,177478425,genic|chr2:177477925-177478425,genic,SSFA2,181891715,False,1e-06,0.0014294309601077,3.6e-05,0.0016764071410613,177478175,4413.54
chr2,177489653,177490153,genic|chr2:177489653-177490153,genic,SSFA2,181891715,False,2e-06,0.001164355576437,4e-06,0.0012848230708996,177489903,4401.812
chr2,177552546,177553270,promoter|chr2:177552546-177553270,promoter,SSFA2,181891715,False,2e-05,0.008084155682887,3.9e-05,0.0089461698476463,177552908,4338.807
chr2,177599036,177599536,intergenic|chr2:177599036-177599536,intergenic,SSFA2,181891715,False,2e-06,0.0012055213263029,2e-06,0.0013296757288765,177599286,4292.429
chr2,177604375,177604875,intergenic|chr2:177604375-177604875,intergenic,SSFA2,181891715,False,4e-06,0.0012033351641591,7e-06,0.0013281128718541,177604625,4287.09
chr2,177618512,177619232,promoter|chr2:177618512-177619232,promoter,SSFA2,181891715,False,1.6e-05,0.0093109593550984,2.5e-05,0.0104147134025079,177618872,4272.843
chr2,177622490,177622990,intergenic|chr2:177622490-177622990,intergenic,SSFA2,181891715,False,1e-06,0.0015883920001895,0.000112,0.0020156103925807,177622740,4268.975
chr2,177667553,177668053,genic|chr2:177667553-177668053,genic,SSFA2,181891715,False,1e-06,0.0012426574564939,2e-06,0.0013709231893644,177667803,4223.912
chr2,177692741,177693241,genic|chr2:177692741-177693241,genic,SSFA2,181891715,False,1e-06,0.0012880260209337,1e-06,0.0014206653428136,177692991,4198.724
chr2,177717787,177718287,genic|chr2:177717787-177718287,genic,SSFA2,181891715,False,2e-06,0.0012859272800433,3e-06,0.0014186529022322,177718037,4173.678
chr2,177724372,177725105,genic|chr2:177724372-177725105,genic,SSFA2,181891715,False,1e-06,0.0012827463549637,2e-06,0.0014151441566881,177724738,4166.977
chr2,177735379,177735879,genic|chr2:177735379-177735879,genic,SSFA2,181891715,False,1e-06,0.0012799516557205,2e-06,0.0014120614122799,177735629,4156.086
chr2,177753830,177754330,genic|chr2:177753830-177754330,genic,SSFA2,181891715,False,5e-06,0.0015439580733434,6e-06,0.0016631022953073,177754080,4137.635
chr2,177758554,177759278,genic|chr2:177758554-177759278,genic,SSFA2,181891715,False,4e-06,0.0016019339646287,4e-06,0.0017390026400705,177758916,4132.799
chr2,177763599,177764099,genic|chr2:177763599-177764099,genic,SSFA2,181891715,False,6e-06,0.0015370642683451,6e-06,0.0016553249840789,177763849,4127.866
chr2,177771184,177771684,genic|chr2:177771184-177771684,genic,SSFA2,181891715,False,5e-06,0.001526902989177,5e-06,0.0016937874532587,177771434,4120.281
chr2,177772408,177772908,genic|chr2:177772408-177772908,genic,SSFA2,181891715,False,3e-06,0.0015446923513992,7e-06,0.0016731354884558,177772658,4119.057
chr2,177799492,177799992,genic|chr2:177799492-177799992,genic,SSFA2,181891715,False,1e-06,0.0012630406637837,2e-06,0.0013934073935599,177799742,4091.973
chr2,177812642,177813142,genic|chr2:177812642-177813142,genic,SSFA2,181891715,False,1e-06,0.0012603176812904,2e-06,0.0013904037454202,177812892,4078.823
chr2,177837998,177838498,genic|chr2:177837998-177838498,genic,SSFA2,181891715,False,1e-06,0.0012578742266215,1e-06,0.0013874128675906,177838248,4053.467
chr2,177852372,177852872,genic|chr2:177852372-177852872,genic,SSFA2,181891715,False,2e-06,0.0012553726199069,3e-06,0.0013849489485039,177852622,4039.093
chr2,177905780,177906749,genic|chr2:177905780-177906749,genic,SSFA2,181891715,False,6e-06,0.0012548741783133,1e-05,0.0013852833615332,177906264,3985.451
chr2,177930762,177931262,genic|chr2:177930762-177931262,genic,SSFA2,181891715,False,1e-06,0.0012511234047158,1e-06,0.0013799677918512,177931012,3960.703
chr2,177980819,177981319,genic|chr2:177980819-177981319,genic,SSFA2,181891715,False,1e-06,0.0014737646275773,2e-06,0.001651569912747,177981069,3910.646
chr2,177983141,177983641,genic|chr2:177983141-177983641,genic,SSFA2,181891715,False,2e-06,0.0014585457453206,4e-06,0.0016242542706206,177983391,3908.324
chr2,177983709,177984209,genic|chr2:177983709-177984209,genic,SSFA2,181891715,False,1e-06,0.0014765818355152,2e-06,0.0016423639433294,177983959,3907.756
chr2,178004572,178005072,genic|chr2:178004572-178005072,genic,SSFA2,181891715,False,1e-06,0.0012404471411617,2e-06,0.0013684850403234,178004822,3886.893
chr2,178072505,178073044,promoter|chr2:178072505-178073044,promoter,SSFA2,181891715,False,1.1e-05,0.0097559989710073,1.9e-05,0.0108044235591129,178072774,3818.941
chr2,178074767,178075267,intergenic|chr2:178074767-178075267,intergenic,SSFA2,181891715,False,3e-06,0.0016161692131592,6e-06,0.0017836528649792,178075017,3816.698
chr2,178101287,178101787,intergenic|chr2:178101287-178101787,intergenic,SSFA2,181891715,False,1e-06,0.0012865560601134,4e-06,0.001419951215044,178101537,3790.178
chr2,178109776,178110276,intergenic|chr2:178109776-178110276,intergenic,SSFA2,181891715,False,1e-06,0.001621323972888,6e-06,0.0018019849471765,178110026,3781.689
chr2,178112131,178112887,promoter|chr2:178112131-178112887,promoter,SSFA2,181891715,False,1.3e-05,0.0094729531470142,2.8e-05,0.0108315501943314,178112509,3779.206
chr2,178132216,178132716,intergenic|chr2:178132216-178132716,intergenic,SSFA2,181891715,False,2e-06,0.0013347717461854,5.5e-05,0.0015567835853925,178132466,3759.249
chr2,178173278,178173778,intergenic|chr2:178173278-178173778,intergenic,SSFA2,181891715,False,1e-06,0.001332343835827,0.000102,0.0016454983222455,178173528,3718.187
chr2,178193673,178194730,promoter|chr2:178193673-178194730,promoter,SSFA2,181891715,False,1.9e-05,0.0102268776566519,2.9e-05,0.0112633904329743,178194201,3697.514
chr2,178194886,178195623,promoter|chr2:178194886-178195623,promoter,SSFA2,181891715,False,1e-05,0.0104509504991449,0.000216,0.0124960128136359,178195254,3696.461
chr2,178206107,178206607,genic|chr2:178206107-178206607,genic,SSFA2,181891715,False,2e-06,0.0016115382027857,0.000149,0.0021389891962705,178206357,3685.358
chr2,178208750,178209250,genic|chr2:178208750-178209250,genic,SSFA2,181891715,False,1e-06,0.0016203987670911,0.000207,0.0021325945672836,178209000,3682.715
chr2,178241932,178242717,genic|chr2:178241932-178242717,genic,SSFA2,181891715,False,0.000139,0.0015106141237928,0.0002,0.0016694820674532,178242324,3649.391
chr2,178279132,178279632,genic|chr2:178279132-178279632,genic,SSFA2,181891715,False,4e-06,0.0016891771837815,6e-06,0.0018622516915097,178279382,3612.333
chr2,178280207,178280707,genic|chr2:178280207-178280707,genic,SSFA2,181891715,False,4e-06,0.0016799383082103,0.000108,0.0019804724023228,178280457,3611.258
chr2,178282029,178282529,genic|chr2:178282029-178282529,genic,SSFA2,181891715,False,2e-06,0.001697956094981,4.2e-05,0.0019787605294461,178282279,3609.436
chr2,178298659,178299159,genic|chr2:178298659-178299159,genic,SSFA2,181891715,False,0.000112,0.0014787646100653,1e-05,0.0015131028112915,178298909,3592.806
chr2,178306321,178306821,genic|chr2:178306321-178306821,genic,SSFA2,181891715,False,3e-06,0.0013662394792331,2.9e-05,0.0015765727367533,178306571,3585.144
chr2,178396949,178397449,genic|chr2:178396949-178397449,genic,SSFA2,181891715,False,3e-06,0.0014291626675448,9.5e-05,0.0017335385275819,178397199,3494.516
chr2,178413418,178414199,intergenic|chr2:178413418-178414199,intergenic,SSFA2,181891715,False,3.7e-05,0.0018268773277995,0.000743,0.0024210164770526,178413808,3477.907
chr2,178414572,178415072,intergenic|chr2:178414572-178415072,intergenic,SSFA2,181891715,False,1.8e-05,0.0019618583767107,0.000342,0.0024139710432793,178414822,3476.893
chr2,178419087,178419587,intergenic|chr2:178419087-178419587,intergenic,SSFA2,181891715,False,3.5e-05,0.0020174256712726,0.000141,0.002336575049447,178419337,3472.378
chr2,178426376,178426876,intergenic|chr2:178426376-178426876,intergenic,SSFA2,181891715,False,3e-06,0.0014833393880444,6e-06,0.001637104152274,178426626,3465.089
chr2,178438280,178439133,genic|chr2:178438280-178439133,genic,SSFA2,181891715,False,1e-05,0.0017113874572198,1.7e-05,0.0019086359371325,178438706,3453.009
chr2,178440781,178441281,genic|chr2:178440781-178441281,genic,SSFA2,181891715,False,1e-06,0.0018349223973027,3e-06,0.0020230638717874,178441031,3450.684
chr2,178450626,178452072,promoter|chr2:178450626-178452072,promoter,SSFA2,181891715,False,0.001386,0.0114568333672342,0.000148,0.009359107745622,178451349,3440.366
chr2,178478378,178478906,promoter|chr2:178478378-178478906,promoter,SSFA2,181891715,False,1.5e-05,0.0108599192958073,0.000317,0.0133570296478175,178478642,3413.073
chr2,178478935,178479435,promoter|chr2:178478935-178479435,promoter,SSFA2,181891715,False,1.2e-05,0.0108800653433392,0.00026,0.0132288306344671,178479185,3412.53
chr2,178480007,178480721,promoter|chr2:178480007-178480721,promoter,SSFA2,181891715,False,0.001475,0.0165390416469543,0.00081,0.014419596203162,178480364,3411.351
chr2,178507735,178508235,intergenic|chr2:178507735-178508235,intergenic,SSFA2,181891715,False,1e-06,0.0021114287702221,2.6e-05,0.0024707217742465,178507985,3383.73
chr2,178508354,178508854,intergenic|chr2:178508354-178508854,intergenic,SSFA2,181891715,False,1e-06,0.0021021302937961,3.4e-05,0.0024453644060058,178508604,3383.111
chr2,178514564,178515064,intergenic|chr2:178514564-178515064,intergenic,SSFA2,181891715,False,3e-06,0.0018299116929273,3e-06,0.0020182409605445,178514814,3376.901
chr2,178522607,178523387,intergenic|chr2:178522607-178523387,intergenic,SSFA2,181891715,False,1.4e-05,0.0018291465959896,1.9e-05,0.0020195425024053,178522997,3368.718
chr2,178641084,178641584,genic|chr2:178641084-178641584,genic,SSFA2,181891715,False,1e-06,0.0019484796147805,1.8e-05,0.0022471882272913,178641334,3250.381
chr2,178674068,178674568,genic|chr2:178674068-178674568,genic,SSFA2,181891715,False,1e-06,0.0019445515285861,4e-06,0.0021460236245199,178674318,3217.397
chr2,178700817,178701317,genic|chr2:178700817-178701317,genic,SSFA2,181891715,False,1.8e-05,0.0020443372827823,3e-06,0.0021407241437807,178701067,3190.648
chr2,178744232,178744732,genic|chr2:178744232-178744732,genic,SSFA2,181891715,False,1e-06,0.0019369105485337,2e-05,0.0022333975144811,178744482,3147.233
chr2,178756761,178757261,genic|chr2:178756761-178757261,genic,SSFA2,181891715,False,3e-06,0.0022936462711991,2e-05,0.0026422176737942,178757011,3134.704
chr2,178761761,178762261,genic|chr2:178761761-178762261,genic,SSFA2,181891715,False,3e-06,0.00228553319985,0.000116,0.0026902171435444,178762011,3129.704
chr2,178796033,178796533,genic|chr2:178796033-178796533,genic,SSFA2,181891715,False,2e-06,0.0020633549197174,3e-06,0.0022761390366238,178796283,3095.432
chr2,178804666,178805166,genic|chr2:178804666-178805166,genic,SSFA2,181891715,False,9.5e-05,0.0027737058574004,6e-05,0.0027934255809054,178804916,3086.799
chr2,178807173,178807673,promoter|chr2:178807173-178807673,promoter,SSFA2,181891715,False,1e-06,0.0097867892418433,3.9e-05,0.0114217688062131,178807423,3084.292
chr2,178819409,178819909,intergenic|chr2:178819409-178819909,intergenic,SSFA2,181891715,False,1e-06,0.0022154264562135,2.9e-05,0.0026564678360841,178819659,3072.056
chr2,178854322,178854822,genic|chr2:178854322-178854822,genic,SSFA2,181891715,False,2e-06,0.0022113485807762,6e-06,0.0024409145116263,178854572,3037.143
chr2,178865058,178865726,genic|chr2:178865058-178865726,genic,SSFA2,181891715,False,1e-06,0.0022045651036865,4e-06,0.0024329111505781,178865392,3026.323
chr2,178870622,178871122,genic|chr2:178870622-178871122,genic,SSFA2,181891715,False,3e-06,0.0021988011658693,5e-06,0.0024260352467976,178870872,3020.843
chr2,178891347,178891847,genic|chr2:178891347-178891847,genic,SSFA2,181891715,False,7e-06,0.002195090178604,1.3e-05,0.0024240016637504,178891597,3000.118
chr2,178914196,178914696,genic|chr2:178914196-178914696,genic,SSFA2,181891715,False,4.1e-05,0.0023030944412524,8e-06,0.0024154052824471,178914446,2977.269
chr2,178992658,178993158,genic|chr2:178992658-178993158,genic,SSFA2,181891715,False,1e-06,0.0021853437374838,4.6e-05,0.0026559446674353,178992908,2898.807
chr2,179020115,179020615,genic|chr2:179020115-179020615,genic,SSFA2,181891715,False,2e-06,0.0021806599245949,4e-06,0.0024060238304958,179020365,2871.35
chr2,179049809,179050309,promoter|chr2:179049809-179050309,promoter,SSFA2,181891715,False,2e-06,0.0083896733428519,2e-06,0.0092468603720626,179050059,2841.656
chr2,179096072,179096572,intergenic|chr2:179096072-179096572,intergenic,SSFA2,181891715,False,2.3e-05,0.0025172787218037,4e-06,0.0026154948402927,179096322,2795.393
chr2,179104749,179105249,genic|chr2:179104749-179105249,genic,SSFA2,181891715,False,6e-06,0.0030220947196214,1.3e-05,0.003330334421366,179104999,2786.716
chr2,179106284,179107333,genic|chr2:179106284-179107333,genic,SSFA2,181891715,False,0.000218,0.0031966886750999,3.3e-05,0.003250862548793,179106808,2784.907
chr2,179107723,179108223,genic|chr2:179107723-179108223,genic,SSFA2,181891715,False,5.2e-05,0.0031824298370126,8e-06,0.0033179713253127,179107973,2783.742
chr2,179129600,179130100,genic|chr2:179129600-179130100,genic,SSFA2,181891715,False,2e-06,0.0023415312837348,4e-06,0.0025834776607485,179129850,2761.865
chr2,179201750,179202250,genic|chr2:179201750-179202250,genic,SSFA2,181891715,False,2e-06,0.0023396346125138,3e-06,0.0025808364747881,179202000,2689.715
chr2,179218904,179219679,genic|chr2:179218904-179219679,genic,SSFA2,181891715,False,5e-06,0.0023344569397088,8e-06,0.0025762216232161,179219291,2672.424
chr2,179226547,179227047,genic|chr2:179226547-179227047,genic,SSFA2,181891715,False,2e-06,0.0023255937486274,4.2e-05,0.0026978015185225,179226797,2664.918
chr2,179238878,179239649,genic|chr2:179238878-179239649,genic,SSFA2,181891715,False,0.000252,0.0032528876115469,4.3e-05,0.0032760105135532,179239263,2652.452
chr2,179239771,179240532,genic|chr2:179239771-179240532,genic,SSFA2,181891715,False,0.000275,0.0035098586368342,2.1e-05,0.0033066695154782,179240151,2651.564
chr2,179240649,179241149,genic|chr2:179240649-179241149,genic,SSFA2,181891715,False,0.000226,0.0034701216093824,1.8e-05,0.0032983444118705,179240899,2650.816
chr2,179262953,179264343,promoter|chr2:179262953-179264343,promoter,SSFA2,181891715,False,1.8e-05,0.0107447055034987,0.000321,0.0132538370773142,179263648,2628.067
chr2,179264373,179265313,promoter|chr2:179264373-179265313,promoter,SSFA2,181891715,False,1.7e-05,0.010765134145375,0.000272,0.0131748463444518,179264843,2626.872
chr2,179268257,179268996,intergenic|chr2:179268257-179268996,intergenic,SSFA2,181891715,False,5e-06,0.0032678293526644,0.00028,0.0041274466309282,179268626,2623.089
chr2,179272816,179273316,intergenic|chr2:179272816-179273316,intergenic,SSFA2,181891715,False,2e-06,0.0030046684709596,2.4e-05,0.0035484310044182,179273066,2618.649
chr2,179340676,179341176,intergenic|chr2:179340676-179341176,intergenic,SSFA2,181891715,False,3e-06,0.0030311519939932,3e-06,0.0033144186552802,179340926,2550.789
chr2,179344403,179344903,intergenic|chr2:179344403-179344903,intergenic,SSFA2,181891715,False,6e-06,0.0029213203690583,9e-06,0.0031819059882219,179344653,2547.062
chr2,179354694,179355194,intergenic|chr2:179354694-179355194,intergenic,SSFA2,181891715,False,2e-06,0.0024920590094618,5e-06,0.0027501010595454,179354944,2536.771
chr2,179410845,179411345,intergenic|chr2:179410845-179411345,intergenic,SSFA2,181891715,False,3e-06,0.0024888010908446,1e-05,0.0027488430005177,179411095,2480.62
chr2,179421986,179422486,intergenic|chr2:179421986-179422486,intergenic,SSFA2,181891715,False,4e-06,0.0024812128762138,8e-06,0.0027387167698409,179422236,2469.479
chr2,179440584,179441371,intergenic|chr2:179440584-179441371,intergenic,SSFA2,181891715,False,3e-06,0.002473244661024,5.6e-05,0.0028711214759851,179440977,2450.738
chr2,179447797,179448297,genic|chr2:179447797-179448297,genic,SSFA2,181891715,False,2.5e-05,0.0026116600001395,3e-06,0.0027180097382127,179448047,2443.668
chr2,179454807,179455511,genic|chr2:179454807-179455511,genic,SSFA2,181891715,False,1e-05,0.0029805450227154,0.000411,0.00393909897629,179455159,2436.556
chr2,179459291,179459791,genic|chr2:179459291-179459791,genic,SSFA2,181891715,False,7e-06,0.0031479921037439,0.000255,0.0040520161280692,179459541,2432.174
chr2,179460481,179460981,genic|chr2:179460481-179460981,genic,SSFA2,181891715,False,2.4e-05,0.0029671870016573,4.8e-05,0.003293730834347,179460731,2430.984
chr2,179467083,179467583,genic|chr2:179467083-179467583,genic,SSFA2,181891715,False,2e-06,0.0024281180889336,8e-06,0.0026812669270607,179467333,2424.382
chr2,179524938,179525438,genic|chr2:179524938-179525438,genic,SSFA2,181891715,False,2e-06,0.0024243870205802,3e-06,0.0026743029107071,179525188,2366.527
chr2,179580631,179581131,genic|chr2:179580631-179581131,genic,SSFA2,181891715,False,4e-06,0.003067759038121,6.1e-05,0.0035505697680008,179580881,2310.834
chr2,179581519,179582019,genic|chr2:179581519-179582019,genic,SSFA2,181891715,False,2.1e-05,0.0029351972414553,0.000271,0.0035334265459252,179581769,2309.946
chr2,179585656,179586156,promoter|chr2:179585656-179586156,promoter,SSFA2,181891715,False,4e-06,0.0108424811397446,5e-06,0.0119676940106785,179585906,2305.809
chr2,179595237,179595737,intergenic|chr2:179595237-179595737,intergenic,SSFA2,181891715,False,2e-06,0.0031208210988956,4e-06,0.0034475240153266,179595487,2296.228
chr2,179596029,179596529,intergenic|chr2:179596029-179596529,intergenic,SSFA2,181891715,False,3e-06,0.003071436648275,6e-06,0.0033892667212923,179596279,2295.436
chr2,179621500,179622000,intergenic|chr2:179621500-179622000,intergenic,SSFA2,181891715,False,1.2e-05,0.0027932392692147,4e-06,0.0029205911591735,179621750,2269.965
chr2,179670915,179671415,intergenic|chr2:179670915-179671415,intergenic,SSFA2,181891715,False,1e-06,0.0026413513007058,2.6e-05,0.0030690183977347,179671165,2220.55
chr2,179692513,179693013,intergenic|chr2:179692513-179693013,intergenic,SSFA2,181891715,False,2e-06,0.0026335843794484,3e-06,0.0029050024043464,179692763,2198.952
chr2,179751119,179751619,intergenic|chr2:179751119-179751619,intergenic,SSFA2,181891715,False,3e-06,0.0026301044656664,4e-06,0.0029011648311152,179751369,2140.346
chr2,179817333,179817833,intergenic|chr2:179817333-179817833,intergenic,SSFA2,181891715,False,4e-06,0.0031507454232952,8e-06,0.003431247074823,179817583,2074.132
chr2,179818476,179818976,intergenic|chr2:179818476-179818976,intergenic,SSFA2,181891715,False,6e-06,0.0030873094371356,8e-06,0.003424692593349,179818726,2072.989
chr2,179837336,179837836,intergenic|chr2:179837336-179837836,intergenic,SSFA2,181891715,False,7e-06,0.0030229453724592,0.000101,0.003535263785643,179837586,2054.129
chr2,179842438,179842938,intergenic|chr2:179842438-179842938,intergenic,SSFA2,181891715,False,2.3e-05,0.0033084326969953,5e-06,0.0034673406751178,179842688,2049.027
chr2,179850159,179850659,intergenic|chr2:179850159-179850659,intergenic,SSFA2,181891715,False,3e-06,0.0025861560819471,4.3e-05,0.0029923721466086,179850409,2041.306
chr2,179860443,179861833,intergenic|chr2:179860443-179861833,intergenic,SSFA2,181891715,False,2.3e-05,0.002587098755281,4.1e-05,0.0028640438434917,179861138,2030.577
chr2,179876238,179876738,intergenic|chr2:179876238-179876738,intergenic,SSFA2,181891715,False,4e-06,0.0025671346501153,2.7e-05,0.0029613392155881,179876488,2015.227
chr2,179898828,179899328,intergenic|chr2:179898828-179899328,intergenic,SSFA2,181891715,False,1.1e-05,0.0025623476995784,1.9e-05,0.0028306499537451,179899078,1992.637
chr2,179917242,179917742,intergenic|chr2:179917242-179917742,intergenic,SSFA2,181891715,False,2e-06,0.0025481763529335,3e-06,0.0028108170067079,179917492,1974.223
chr2,179925668,179926168,intergenic|chr2:179925668-179926168,intergenic,SSFA2,181891715,False,2e-06,0.002537648038691,3e-06,0.0027992065839624,179925918,1965.797
chr2,179936607,179937107,intergenic|chr2:179936607-179937107,intergenic,SSFA2,181891715,False,6e-06,0.0025293856073071,5e-06,0.0027889084828917,179936857,1954.858
chr2,179974748,179975248,genic|chr2:179974748-179975248,genic,SSFA2,181891715,False,5e-06,0.0025220641547458,1.2e-05,0.0027855710155458,179974998,1916.717
chr2,179991291,179991791,genic|chr2:179991291-179991791,genic,SSFA2,181891715,False,3e-06,0.0025114060128094,5e-06,0.0027708563832882,179991541,1900.174
chr2,180000422,180000922,genic|chr2:180000422-180000922,genic,SSFA2,181891715,False,4.4e-05,0.0031995772541592,7e-06,0.0033079700123683,180000672,1891.043
chr2,180003493,180003993,genic|chr2:180003493-180003993,genic,SSFA2,181891715,False,6.6e-05,0.0035275692882475,1.2e-05,0.0036518233315529,180003743,1887.972
chr2,180006641,180007588,promoter|chr2:180006641-180007588,promoter,SSFA2,181891715,False,0.001587,0.0158817987481649,0.00017,0.0119370707257704,180007114,1884.601
chr2,180012483,180012983,intergenic|chr2:180012483-180012983,intergenic,SSFA2,181891715,False,5e-06,0.0031614646557172,6e-05,0.0037507052060405,180012733,1878.982
chr2,180016307,180016807,intergenic|chr2:180016307-180016807,intergenic,SSFA2,181891715,False,2e-06,0.0032744930904705,5e-06,0.0036238369863832,180016557,1875.158
chr2,180033856,180034638,intergenic|chr2:180033856-180034638,intergenic,SSFA2,181891715,False,8e-06,0.0027668827143124,9.3e-05,0.0032396894809924,180034247,1857.468
chr2,180069811,180070311,intergenic|chr2:180069811-180070311,intergenic,SSFA2,181891715,False,1.5e-05,0.0029057524663808,2.1e-05,0.0031734270476013,180070061,1821.654
chr2,180077266,180077766,intergenic|chr2:180077266-180077766,intergenic,SSFA2,181891715,False,4e-06,0.0027434625737037,1e-05,0.0030293877389645,180077516,1814.199
chr2,180124191,180124691,intergenic|chr2:180124191-180124691,intergenic,SSFA2,181891715,False,7.5e-05,0.0038425072802251,1.1e-05,0.0037310888554266,180124441,1767.274
chr2,180125489,180125989,intergenic|chr2:180125489-180125989,intergenic,SSFA2,181891715,False,6.9e-05,0.0033605687272989,2.8e-05,0.0035983699008872,180125739,1765.976
chr2,180196536,180197036,intergenic|chr2:180196536-180197036,intergenic,SSFA2,181891715,False,5e-06,0.0027205021064967,2.8e-05,0.0031295986417192,180196786,1694.929
chr2,180240698,180241198,intergenic|chr2:180240698-180241198,intergenic,SSFA2,181891715,False,3e-06,0.0027124264227426,4.6e-05,0.003235293542417,180240948,1650.767
chr2,180290987,180291487,intergenic|chr2:180290987-180291487,intergenic,SSFA2,181891715,False,1.7e-05,0.0034543578179604,2.4e-05,0.0038055484916995,180291237,1600.478
chr2,180291497,180292303,intergenic|chr2:180291497-180292303,intergenic,SSFA2,181891715,False,4e-05,0.0033412490127309,6.5e-05,0.0036739168029967,180291900,1599.815
chr2,180336697,180337197,intergenic|chr2:180336697-180337197,intergenic,SSFA2,181891715,False,1.8e-05,0.0028562937439672,2.4e-05,0.0031061613105929,180336947,1554.768
chr2,180349399,180349899,intergenic|chr2:180349399-180349899,intergenic,SSFA2,181891715,False,2e-06,0.0026723853024211,4e-06,0.0029484172199993,180349649,1542.066
chr2,180358441,180358941,intergenic|chr2:180358441-180358941,intergenic,SSFA2,181891715,False,1.2e-05,0.0032193867251785,2.4e-05,0.0035692936131904,180358691,1533.024
chr2,180359457,180359957,intergenic|chr2:180359457-180359957,intergenic,SSFA2,181891715,False,2e-05,0.0031471625740846,3.9e-05,0.0034937714583269,180359707,1532.008
chr2,180367727,180368227,intergenic|chr2:180367727-180368227,intergenic,SSFA2,181891715,False,9.8e-05,0.002932433784801,4.6e-05,0.0030307168367102,180367977,1523.738
chr2,180394207,180394707,intergenic|chr2:180394207-180394707,intergenic,SSFA2,181891715,False,2e-06,0.0026205494951636,2.4e-05,0.0030339181191823,180394457,1497.258
chr2,180519218,180519718,intergenic|chr2:180519218-180519718,intergenic,SSFA2,181891715,False,2.1e-05,0.0033235808799493,0.000345,0.0042341924035283,180519468,1372.247
chr2,180520140,180520640,intergenic|chr2:180520140-180520640,intergenic,SSFA2,181891715,False,1.7e-05,0.0033170761906054,0.000142,0.0039209295197235,180520390,1371.325
chr2,180521236,180521736,intergenic|chr2:180521236-180521736,intergenic,SSFA2,181891715,False,1.2e-05,0.0033079719450627,0.000127,0.0038914803743158,180521486,1370.229
chr2,180523904,180524404,intergenic|chr2:180523904-180524404,intergenic,SSFA2,181891715,False,7e-06,0.0032999127104511,7.9e-05,0.0038462745583489,180524154,1367.561
chr2,180553171,180553671,intergenic|chr2:180553171-180553671,intergenic,SSFA2,181891715,False,1.9e-05,0.0027114518354225,2.3e-05,0.0029659245899162,180553421,1338.294
chr2,180573591,180574682,intergenic|chr2:180573591-180574682,intergenic,SSFA2,181891715,False,0.000187,0.0027734004651547,0.000305,0.003111869052891,180574136,1317.579
chr2,180604043,180604543,intergenic|chr2:180604043-180604543,intergenic,SSFA2,181891715,False,5e-06,0.0025536144904207,9.5e-05,0.0031803588352388,180604293,1287.422
chr2,180622111,180622611,intergenic|chr2:180622111-180622611,intergenic,SSFA2,181891715,False,1.9e-05,0.0030763545488585,1.1e-05,0.0031766278751612,180622361,1269.354
chr2,180625414,180625914,intergenic|chr2:180625414-180625914,intergenic,SSFA2,181891715,False,3e-06,0.0028913896190806,1.7e-05,0.0034011486796697,180625664,1266.051
chr2,180632441,180632941,intergenic|chr2:180632441-180632941,intergenic,SSFA2,181891715,False,8e-06,0.0025124806043292,1.3e-05,0.002773808869595,180632691,1259.024
chr2,180655316,180655816,intergenic|chr2:180655316-180655816,intergenic,SSFA2,181891715,False,0.000128,0.0036859254873519,0.000191,0.0039893087259335,180655566,1236.149
chr2,180656045,180656886,intergenic|chr2:180656045-180656886,intergenic,SSFA2,181891715,False,0.000626,0.0039320066406123,0.000886,0.0044269239645679,180656465,1235.25
chr2,180656999,180657499,intergenic|chr2:180656999-180657499,intergenic,SSFA2,181891715,False,0.000275,0.0037249968232292,0.000409,0.0040888430707513,180657249,1234.466
chr2,180676662,180677162,intergenic|chr2:180676662-180677162,intergenic,SSFA2,181891715,False,3e-06,0.002452560401564,2.2e-05,0.0028056889266903,180676912,1214.803
chr2,180687008,180687508,intergenic|chr2:180687008-180687508,intergenic,SSFA2,181891715,False,4e-06,0.0027604661610894,6e-06,0.0030457463532431,180687258,1204.457
chr2,180691853,180692353,promoter|chr2:180691853-180692353,promoter,SSFA2,181891715,False,2e-06,0.0105564538119883,4e-06,0.0115500827615543,180692103,1199.612
chr2,180707753,180708253,genic|chr2:180707753-180708253,genic,SSFA2,181891715,False,6e-06,0.0027802059298177,3.9e-05,0.0031880868810045,180708003,1183.712
chr2,180729116,180729616,genic|chr2:180729116-180729616,genic,SSFA2,181891715,False,1.1e-05,0.0031532331832999,2.9e-05,0.0034905859784189,180729366,1162.349
chr2,180733279,180733779,genic|chr2:180733279-180733779,genic,SSFA2,181891715,False,3e-06,0.0032800575658429,2.1e-05,0.0038314674859084,180733529,1158.186
chr2,180738729,180739229,genic|chr2:180738729-180739229,genic,SSFA2,181891715,False,3e-06,0.0032798268494619,8e-06,0.0036306418285858,180738979,1152.736
chr2,180742764,180743264,genic|chr2:180742764-180743264,genic,SSFA2,181891715,False,1.3e-05,0.0030981236644007,2.4e-05,0.003469187051935,180743014,1148.701
chr2,180761136,180761636,genic|chr2:180761136-180761636,genic,SSFA2,181891715,False,8e-06,0.0026942313813802,8e-05,0.0032284606687422,180761386,1130.329
chr2,180829209,180829709,genic|chr2:180829209-180829709,genic,SSFA2,181891715,False,9e-06,0.0026920380121807,1.5e-05,0.0029726177638863,180829459,1062.256
chr2,180847073,180847573,genic|chr2:180847073-180847573,genic,SSFA2,181891715,False,3.1e-05,0.0028032915224456,6.5e-05,0.0032799403052381,180847323,1044.392
chr2,180910754,180911254,genic|chr2:180910754-180911254,genic,SSFA2,181891715,False,2.3e-05,0.0028040575247113,9e-06,0.0029476719510498,180911004,980.711
chr2,180979355,180979855,intergenic|chr2:180979355-180979855,intergenic,SSFA2,181891715,False,0.000122,0.0037651817448627,0.000861,0.0054987966454032,180979605,912.11
chr2,180980134,180981073,promoter|chr2:180980134-180981073,promoter,SSFA2,181891715,False,0.000438,0.0139180000873851,0.000756,0.0161996333681514,180980603,911.112
chr2,180981563,180982063,genic|chr2:180981563-180982063,genic,SSFA2,181891715,False,0.000122,0.0044067259938282,0.000174,0.0048902391859254,180981813,909.902
chr2,180983466,180984171,genic|chr2:180983466-180984171,genic,SSFA2,181891715,False,0.000186,0.0044152656819859,0.000259,0.0049238113641118,180983818,907.897
chr2,180991346,180991846,genic|chr2:180991346-180991846,genic,SSFA2,181891715,False,7e-06,0.0030643004171823,5.3e-05,0.0036492778156908,180991596,900.119
chr2,181036866,181037366,genic|chr2:181036866-181037366,genic,SSFA2,181891715,False,8e-06,0.003056071759939,0.000164,0.003857498032987,181037116,854.599
chr2,181058573,181059073,genic|chr2:181058573-181059073,genic,SSFA2,181891715,False,0.000139,0.0034914882568818,9.7e-05,0.0037578906168281,181058823,832.892
chr2,181070018,181070518,intergenic|chr2:181070018-181070518,intergenic,SSFA2,181891715,False,0.000378,0.0038678766183692,5e-05,0.0033554314386207,181070268,821.447
chr2,181077077,181077577,intergenic|chr2:181077077-181077577,intergenic,SSFA2,181891715,False,0.000124,0.0034536953013228,1.1e-05,0.0033009772682951,181077327,814.388
chr2,181104452,181104952,intergenic|chr2:181104452-181104952,intergenic,SSFA2,181891715,False,0.000283,0.0046803533824813,0.000137,0.004362075570804,181104702,787.013
chr2,181106770,181107270,intergenic|chr2:181106770-181107270,intergenic,SSFA2,181891715,False,0.000389,0.0042762438318725,0.00073,0.0051335820661777,181107020,784.695
chr2,181113877,181114377,intergenic|chr2:181113877-181114377,intergenic,SSFA2,181891715,False,2.2e-05,0.0030761863743777,1.2e-05,0.0032265666894997,181114127,777.588
chr2,181123586,181124086,promoter|chr2:181123586-181124086,promoter,SSFA2,181891715,False,0.000193,0.0115762435146269,2.5e-05,0.0106293740077416,181123836,767.879
chr2,181178500,181179235,genic|chr2:181178500-181179235,genic,SSFA2,181891715,False,4.4e-05,0.0037380749311613,2.4e-05,0.0039372728864476,181178867,712.848
chr2,181203363,181203863,genic|chr2:181203363-181203863,genic,SSFA2,181891715,False,0.000371,0.0041299003693452,0.000291,0.0042742866474511,181203613,688.102
chr2,181231120,181231620,genic|chr2:181231120-181231620,genic,SSFA2,181891715,False,8e-06,0.0035181642636664,1.4e-05,0.0038845127859135,181231370,660.345
chr2,181239341,181239841,genic|chr2:181239341-181239841,genic,SSFA2,181891715,False,1e-05,0.003488341177782,7e-05,0.004139965143985,181239591,652.124
chr2,181305472,181305972,genic|chr2:181305472-181305972,genic,SSFA2,181891715,False,5e-06,0.0034911069265013,3.2e-05,0.0040895051383194,181305722,585.993
chr2,181393365,181393865,genic|chr2:181393365-181393865,genic,SSFA2,181891715,False,4.7e-05,0.0035527625218105,9.3e-05,0.0039559214688251,181393615,498.1
chr2,181418505,181419005,intergenic|chr2:181418505-181419005,intergenic,SSFA2,181891715,False,6e-06,0.0035054975681066,6.6e-05,0.0043097099157668,181418755,472.96
chr2,181430380,181430880,intergenic|chr2:181430380-181430880,intergenic,SSFA2,181891715,False,7e-06,0.0034776624307745,5.4e-05,0.0041202866244742,181430630,461.085
chr2,181438232,181438732,intergenic|chr2:181438232-181438732,intergenic,SSFA2,181891715,False,9.5e-05,0.0037692115668909,0.000127,0.0042477574359028,181438482,453.233
chr2,181456641,181457141,promoter|chr2:181456641-181457141,promoter,SSFA2,181891715,False,1e-05,0.010277126562116,2.4e-05,0.0113583893092972,181456891,434.824
chr2,181466583,181467083,genic|chr2:181466583-181467083,genic,SSFA2,181891715,False,2.9e-05,0.0044416754066536,9.7e-05,0.0051140896376637,181466833,424.882
chr2,181517590,181518090,genic|chr2:181517590-181518090,genic,SSFA2,181891715,False,1.1e-05,0.0044437690810156,4.1e-05,0.005058190695625,181517840,373.875
chr2,181530393,181530893,genic|chr2:181530393-181530893,genic,SSFA2,181891715,False,7e-06,0.0044054868682842,1.3e-05,0.0048637824479971,181530643,361.072
chr2,181546084,181546584,genic|chr2:181546084-181546584,genic,SSFA2,181891715,False,4.9e-05,0.0045652052630009,5.1e-05,0.005005787099365,181546334,345.381
chr2,181552737,181553237,genic|chr2:181552737-181553237,genic,SSFA2,181891715,False,0.000111,0.0053602004260823,0.000332,0.0064325214889538,181552987,338.728
chr2,181554442,181554942,genic|chr2:181554442-181554942,genic,SSFA2,181891715,False,4.2e-05,0.0054136234660733,0.000104,0.0063304701793529,181554692,337.023
chr2,181571014,181571514,genic|chr2:181571014-181571514,genic,SSFA2,181891715,False,0.00014,0.0062751894051563,0.000146,0.0061851609783636,181571264,320.451
chr2,181573100,181573600,genic|chr2:181573100-181573600,genic,SSFA2,181891715,False,0.00025,0.0061983563684868,0.000186,0.0060979600127773,181573350,318.365
chr2,181581494,181581994,genic|chr2:181581494-181581994,genic,SSFA2,181891715,False,3.3e-05,0.0044549815080917,3.1e-05,0.0045935432880958,181581744,309.971
chr2,181607554,181608054,genic|chr2:181607554-181608054,genic,SSFA2,181891715,False,3.6e-05,0.0043120809561689,7.9e-05,0.0048903844177526,181607804,283.911
chr2,181656400,181657357,promoter|chr2:181656400-181657357,promoter,SSFA2,181891715,False,0.000348,0.0127381837065344,0.000639,0.0150045587754495,181656878,234.837
chr2,181680415,181680915,promoter|chr2:181680415-181680915,promoter,SSFA2,181891715,False,5.1e-05,0.0155035712990591,3.2e-05,0.0152836813265165,181680665,211.05
chr2,181683377,181683877,intergenic|chr2:181683377-181683877,intergenic,SSFA2,181891715,False,0.000252,0.0149375971421707,0.000112,0.0145712635849894,181683627,208.088
chr2,181714978,181715478,intergenic|chr2:181714978-181715478,intergenic,SSFA2,181891715,False,0.000465,0.0144507027120527,0.000836,0.0162255472529394,181715228,176.487
chr2,181737994,181738494,intergenic|chr2:181737994-181738494,intergenic,SSFA2,181891715,False,0.000284,0.0204561637310853,9.1e-05,0.0169469515988178,181738244,153.471
chr2,181741715,181742215,intergenic|chr2:181741715-181742215,intergenic,SSFA2,181891715,False,0.007063,0.0941435737647972,0.000374,0.0174116112257632,181741965,149.75
chr2,181742532,181743266,intergenic|chr2:181742532-181743266,intergenic,SSFA2,181891715,False,0.011974,0.1480690573585149,0.00082,0.018502774670668,181742899,148.816
chr2,181743322,181744090,intergenic|chr2:181743322-181744090,intergenic,SSFA2,181891715,False,0.009059,0.1121823712277549,0.000617,0.0175508840062245,181743706,148.009
chr2,181744197,181744697,intergenic|chr2:181744197-181744697,intergenic,SSFA2,181891715,False,0.00379,0.058980232559875,0.000242,0.0161293862927252,181744447,147.268
chr2,181752283,181752783,intergenic|chr2:181752283-181752783,intergenic,SSFA2,181891715,False,0.000625,0.0174658918894417,9.5e-05,0.0118331972573938,181752533,139.182
chr2,181764549,181765049,intergenic|chr2:181764549-181765049,intergenic,SSFA2,181891715,False,0.000779,0.0233091014849356,0.000192,0.0155910274118814,181764799,126.916
chr2,181766082,181766582,intergenic|chr2:181766082-181766582,intergenic,SSFA2,181891715,False,0.001779,0.027224496443726,0.000596,0.0167262716593249,181766332,125.383
chr2,181770086,181770586,intergenic|chr2:181770086-181770586,intergenic,SSFA2,181891715,False,0.001313,0.0243493194462249,0.00081,0.0198497676003272,181770336,121.379
chr2,181774513,181775013,intergenic|chr2:181774513-181775013,intergenic,SSFA2,181891715,False,0.001341,0.0253196854074903,0.001319,0.0227535997024476,181774763,116.952
chr2,181777617,181778117,intergenic|chr2:181777617-181778117,intergenic,SSFA2,181891715,False,0.013243,0.1575457363843226,0.006794,0.0576079415335112,181777867,113.848
chr2,181778551,181779051,intergenic|chr2:181778551-181779051,intergenic,SSFA2,181891715,False,0.02324,0.2790908438839326,0.01177,0.093169701567099,181778801,112.914
chr2,181782543,181783043,intergenic|chr2:181782543-181783043,intergenic,SSFA2,181891715,False,0.020726,0.2746397252316166,0.01289,0.1158413206479318,181782793,108.922
chr2,181784489,181784989,intergenic|chr2:181784489-181784989,intergenic,SSFA2,181891715,False,0.039047,0.4915249157293423,0.017596,0.1559066742031874,181784739,106.976
chr2,181785661,181786161,intergenic|chr2:181785661-181786161,intergenic,SSFA2,181891715,False,0.026312,0.3286421808495677,0.016283,0.1438711294678374,181785911,105.804
chr2,181789902,181790402,intergenic|chr2:181789902-181790402,intergenic,SSFA2,181891715,False,0.026407,0.3414993500400772,0.014365,0.1255503766158615,181790152,101.563
chr2,181790614,181791744,intergenic|chr2:181790614-181791744,intergenic,SSFA2,181891715,False,0.13161,0.894402841326632,0.066683,0.5993441295075461,181791179,100.536
chr2,181796469,181796969,intergenic|chr2:181796469-181796969,intergenic,SSFA2,181891715,False,0.002891,0.0348612651079009,0.000825,0.0159917142621501,181796719,94.996
chr2,181804050,181804550,intergenic|chr2:181804050-181804550,intergenic,SSFA2,181891715,False,0.001047,0.0190942765005462,0.001216,0.0183150749079931,181804300,87.415
chr2,181805188,181805975,intergenic|chr2:181805188-181805975,intergenic,SSFA2,181891715,False,0.005806,0.0469641845761519,0.003257,0.0233992066552456,181805581,86.134
chr2,181810709,181811540,intergenic|chr2:181810709-181811540,intergenic,SSFA2,181891715,False,0.076679,0.7175485086250302,0.037229,0.3039708351627925,181811124,80.591
chr2,181812341,181812841,intergenic|chr2:181812341-181812841,intergenic,SSFA2,181891715,False,0.018916,0.1972380241723946,0.008763,0.0579504759336142,181812591,79.124
chr2,181817179,181817928,intergenic|chr2:181817179-181817928,intergenic,SSFA2,181891715,False,0.003483,0.0278910547025172,0.002572,0.019272616616137,181817553,74.162
chr2,181819141,181819641,intergenic|chr2:181819141-181819641,intergenic,SSFA2,181891715,False,0.002318,0.0210282688518874,0.001374,0.014295723338247,181819391,72.324
chr2,181823502,181824002,intergenic|chr2:181823502-181824002,intergenic,SSFA2,181891715,False,0.000437,0.0118865068313277,0.00057,0.0114669415333009,181823752,67.963
chr2,181844480,181845348,intergenic|chr2:181844480-181845348,intergenic,SSFA2,181891715,False,0.001306,0.0099211208668942,0.002001,0.0124692180705146,181844914,46.801
chr2,181853331,181853831,intergenic|chr2:181853331-181853831,intergenic,SSFA2,181891715,False,0.000954,0.011871763154544,0.000662,0.010592749758547,181853581,38.134
chr2,181857406,181857906,intergenic|chr2:181857406-181857906,intergenic,SSFA2,181891715,False,0.000718,0.007921795145869,0.001724,0.0112621655358701,181857656,34.059
chr2,181861087,181861817,intergenic|chr2:181861087-181861817,intergenic,SSFA2,181891715,False,0.001074,0.0084925239924872,0.00092,0.0083192308202032,181861452,30.263
chr2,181876598,181877593,intergenic|chr2:181876598-181877593,intergenic,SSFA2,181891715,False,0.089332,0.5040972981004216,0.08057,0.4064554497977756,181877095,14.62
chr2,181891465,181893058,promoter|chr2:181891465-181893058,promoter,SSFA2,181891715,True,1.0,0.9994646746594024,1.0,0.9995028090804632,181892261,0.546
chr2,181899932,181900662,genic|chr2:181899932-181900662,genic,SSFA2,181891715,False,0.010129,0.0389431567331554,0.01403,0.0597000351323185,181900297,8.582
chr2,181903969,181904469,genic|chr2:181903969-181904469,genic,SSFA2,181891715,False,0.005494,0.0299532471898186,0.006106,0.035017187233361,181904219,12.504
chr2,181905319,181905819,genic|chr2:181905319-181905819,genic,SSFA2,181891715,False,0.002072,0.0180779198223096,0.003251,0.0255302784421399,181905569,13.854
chr2,181906610,181907110,genic|chr2:181906610-181907110,genic,SSFA2,181891715,False,0.001531,0.0184007627227234,0.003346,0.0290333317304215,181906860,15.145
chr2,181910659,181911159,genic|chr2:181910659-181911159,genic,SSFA2,181891715,False,0.001457,0.0176898252632712,0.002487,0.0248675568658628,181910909,19.194
chr2,181911694,181912338,genic|chr2:181911694-181912338,genic,SSFA2,181891715,False,0.001781,0.0207337837335129,0.003183,0.0307679282492022,181912016,20.301
chr2,181914634,181915533,genic|chr2:181914634-181915533,genic,SSFA2,181891715,False,0.001388,0.0186944230115223,0.002579,0.0260645870610525,181915083,23.368
chr2,181916682,181917781,genic|chr2:181916682-181917781,genic,SSFA2,181891715,False,0.003599,0.0277602865508572,0.006339,0.045673130527677,181917231,25.516
chr2,181921332,181921832,genic|chr2:181921332-181921832,genic,SSFA2,181891715,False,0.0013,0.0213466137036495,0.001092,0.0220967801845965,181921582,29.867
chr2,181923193,181924003,genic|chr2:181923193-181924003,genic,SSFA2,181891715,False,0.001691,0.0235210038429298,0.002435,0.0286381853561149,181923598,31.883
chr2,181924290,181924790,genic|chr2:181924290-181924790,genic,SSFA2,181891715,False,0.001166,0.0223479705846607,0.001692,0.0263466227720617,181924540,32.825
chr2,181924936,181925436,genic|chr2:181924936-181925436,genic,SSFA2,181891715,False,0.000844,0.0197874470059035,0.00122,0.023590557637647,181925186,33.471
chr2,181926932,181927432,genic|chr2:181926932-181927432,genic,SSFA2,181891715,False,0.000818,0.0203388160950794,0.001498,0.0257542156678526,181927182,35.467
chr2,181927442,181927942,genic|chr2:181927442-181927942,genic,SSFA2,181891715,False,0.000742,0.0207348109885659,0.001149,0.0250122533835782,181927692,35.977
chr2,181932003,181932856,intergenic|chr2:181932003-181932856,intergenic,SSFA2,181891715,False,0.001133,0.020264717519729,0.002586,0.0304710011384122,181932429,40.714
chr2,181933105,181934526,intergenic|chr2:181933105-181934526,intergenic,SSFA2,181891715,False,0.001587,0.0220382919710597,0.002281,0.0292416207396739,181933815,42.1
chr2,181937406,181937906,intergenic|chr2:181937406-181937906,intergenic,SSFA2,181891715,False,0.00083,0.0214307785382458,0.001164,0.0246351240659082,181937656,45.941
chr2,181946435,181946935,intergenic|chr2:181946435-181946935,intergenic,SSFA2,181891715,False,0.003929,0.0506134956326317,0.005269,0.0573260502622813,181946685,54.97
chr2,181947196,181947696,intergenic|chr2:181947196-181947696,intergenic,SSFA2,181891715,False,0.00523,0.0619085453062617,0.007612,0.0777346946394816,181947446,55.731
chr2,181948052,181948779,intergenic|chr2:181948052-181948779,intergenic,SSFA2,181891715,False,0.006033,0.070021386440608,0.009213,0.0938951316245232,181948415,56.7
chr2,181949027,181949527,intergenic|chr2:181949027-181949527,intergenic,SSFA2,181891715,False,0.006326,0.0777767059209805,0.009913,0.1070397400939487,181949277,57.562
chr2,181954187,181955401,intergenic|chr2:181954187-181955401,intergenic,SSFA2,181891715,False,0.052585,0.6036693390118842,0.044089,0.4731407534001379,181954794,63.079
chr2,181957573,181958395,intergenic|chr2:181957573-181958395,intergenic,SSFA2,181891715,False,0.008648,0.0923678284786051,0.011424,0.1116512877688811,181957984,66.269
chr2,181977578,181978078,intergenic|chr2:181977578-181978078,intergenic,SSFA2,181891715,False,0.00062,0.0181080910262636,0.000804,0.0193605463647134,181977828,86.113
chr2,181978224,181978938,intergenic|chr2:181978224-181978938,intergenic,SSFA2,181891715,False,0.000468,0.0180890055375474,0.000537,0.0189993803101557,181978581,86.866
chr2,181985573,181986073,promoter|chr2:181985573-181986073,promoter,SSFA2,181891715,False,0.000232,0.0171900429138786,0.000169,0.0181596552942793,181985823,94.108
chr2,181988094,181988594,genic|chr2:181988094-181988594,genic,SSFA2,181891715,False,8.2e-05,0.0083333310051124,9.2e-05,0.0087928542711289,181988344,96.629
chr2,182020612,182021112,genic|chr2:182020612-182021112,genic,SSFA2,181891715,False,0.000511,0.0092172264119638,0.000522,0.0094041768560919,182020862,129.147
chr2,182023205,182023705,genic|chr2:182023205-182023705,genic,SSFA2,181891715,False,0.000279,0.0091327932123489,0.00024,0.0092781085855061,182023455,131.74
chr2,182031003,182031503,genic|chr2:182031003-182031503,genic,SSFA2,181891715,False,0.000323,0.0083236731392438,0.000135,0.0070203195747693,182031253,139.538
chr2,182038529,182039543,genic|chr2:182038529-182039543,genic,SSFA2,181891715,False,0.001175,0.0106902457863317,0.001456,0.0117351211616635,182039036,147.321
chr2,182043780,182044280,genic|chr2:182043780-182044280,genic,SSFA2,181891715,False,0.000324,0.0108796012886152,0.000413,0.0107157768445884,182044030,152.315
chr2,182056320,182056820,genic|chr2:182056320-182056820,genic,SSFA2,181891715,False,6.4e-05,0.0071161945483419,0.000102,0.0075773038089951,182056570,164.855
chr2,182066643,182067143,genic|chr2:182066643-182067143,genic,SSFA2,181891715,False,0.000362,0.0088080081710712,0.000145,0.0076800070193452,182066893,175.178
chr2,182077569,182078069,genic|chr2:182077569-182078069,genic,SSFA2,181891715,False,0.001505,0.0124741757613575,0.000381,0.0079639828644987,182077819,186.104
chr2,182101224,182101724,genic|chr2:182101224-182101724,genic,SSFA2,181891715,False,9.5e-05,0.0072805305402569,5.3e-05,0.0070756384697277,182101474,209.759
chr2,182115014,182115707,genic|chr2:182115014-182115707,genic,SSFA2,181891715,False,0.000178,0.0073081985127774,8.5e-05,0.0071533735944911,182115360,223.645
chr2,182132006,182132506,intergenic|chr2:182132006-182132506,intergenic,SSFA2,181891715,False,6.7e-05,0.0085141803487728,9.5e-05,0.0088295350275828,182132256,240.541
chr2,182132562,182133062,intergenic|chr2:182132562-182133062,intergenic,SSFA2,181891715,False,0.000103,0.0085510105215035,0.000103,0.0089306562446438,182132812,241.097
chr2,182148286,182148786,intergenic|chr2:182148286-182148786,intergenic,SSFA2,181891715,False,2.8e-05,0.0067543449362717,7.1e-05,0.0074683398344937,182148536,256.821
chr2,182156218,182156718,intergenic|chr2:182156218-182156718,intergenic,SSFA2,181891715,False,8.6e-05,0.0073445244114397,8.5e-05,0.0077368952266733,182156468,264.753
chr2,182186078,182186578,genic|chr2:182186078-182186578,genic,SSFA2,181891715,False,8.1e-05,0.0072245026504461,3.3e-05,0.0072537011087446,182186328,294.613
chr2,182240720,182241444,genic|chr2:182240720-182241444,genic,SSFA2,181891715,False,8e-05,0.0078233783326889,0.000128,0.0085487163599108,182241082,349.367
chr2,182242473,182242973,genic|chr2:182242473-182242973,genic,SSFA2,181891715,False,2.6e-05,0.008157820351281,2.9e-05,0.0089441917223338,182242723,351.008
chr2,182372566,182373066,genic|chr2:182372566-182373066,genic,SSFA2,181891715,False,0.000348,0.0070871871854567,0.000307,0.0074642727952808,182372816,481.101
chr2,182522595,182523095,promoter|chr2:182522595-182523095,promoter,SSFA2,181891715,False,5e-06,0.0114946610536717,1e-05,0.0126351848908765,182522845,631.13
chr2,182526955,182527455,intergenic|chr2:182526955-182527455,intergenic,SSFA2,181891715,False,1.2e-05,0.0049676034876364,1.9e-05,0.0054852110787486,182527205,635.49
chr2,182559576,182560076,intergenic|chr2:182559576-182560076,intergenic,SSFA2,181891715,False,3.4e-05,0.0045857721718015,5.8e-05,0.005040389595054,182559826,668.111
chr2,182586406,182586906,intergenic|chr2:182586406-182586906,intergenic,SSFA2,181891715,False,5e-06,0.0044090804488138,8e-06,0.0048646528967391,182586656,694.941
chr2,182593046,182593795,intergenic|chr2:182593046-182593795,intergenic,SSFA2,181891715,False,8.5e-05,0.0055084782337788,0.000213,0.0065423528757605,182593420,701.705
chr2,182594185,182594685,intergenic|chr2:182594185-182594685,intergenic,SSFA2,181891715,False,2.2e-05,0.0057815213926102,0.000108,0.0066342592397296,182594435,702.72
chr2,182610936,182611436,intergenic|chr2:182610936-182611436,intergenic,SSFA2,181891715,False,4e-06,0.0045292967414163,2.3e-05,0.0052019165586675,182611186,719.471
chr2,182642273,182642773,intergenic|chr2:182642273-182642773,intergenic,SSFA2,181891715,False,0.000331,0.0054558970123655,0.000195,0.0054043392409295,182642523,750.808
chr2,182649210,182649710,intergenic|chr2:182649210-182649710,intergenic,SSFA2,181891715,False,3.4e-05,0.0057997568624498,2.4e-05,0.0060892295850915,182649460,757.745
chr2,182650698,182651198,intergenic|chr2:182650698-182651198,intergenic,SSFA2,181891715,False,0.000274,0.0070178379119799,8.4e-05,0.0063578438363694,182650948,759.233
chr2,182666873,182667373,intergenic|chr2:182666873-182667373,intergenic,SSFA2,181891715,False,5.3e-05,0.0050982180522416,5.7e-05,0.0053781557394588,182667123,775.408
chr2,182672746,182673246,intergenic|chr2:182672746-182673246,intergenic,SSFA2,181891715,False,8.3e-05,0.0050089441668634,0.000249,0.0058814133594899,182672996,781.281
chr2,182715790,182716925,promoter|chr2:182715790-182716925,promoter,SSFA2,181891715,False,0.001049,0.0127676532912811,0.000846,0.0129019239715148,182716357,824.642
chr2,182763245,182763745,genic|chr2:182763245-182763745,genic,SSFA2,181891715,False,7e-06,0.0042032961868051,6.9e-05,0.0050865870809775,182763495,871.78
chr2,182767516,182768436,genic|chr2:182767516-182768436,genic,SSFA2,181891715,False,2.3e-05,0.0045111371424124,1.4e-05,0.0047280140250723,182767976,876.261
chr2,182784630,182785130,intergenic|chr2:182784630-182785130,intergenic,SSFA2,181891715,False,1e-05,0.0037034723023995,5.2e-05,0.0042873809214018,182784880,893.165
chr2,182793300,182793800,intergenic|chr2:182793300-182793800,intergenic,SSFA2,181891715,False,1.7e-05,0.0044403091164519,9e-06,0.0047218350992598,182793550,901.835
chr2,182793925,182794425,intergenic|chr2:182793925-182794425,intergenic,SSFA2,181891715,False,1.6e-05,0.0044877057926602,8e-06,0.0047722216222351,182794175,902.46
chr2,182818907,182819407,intergenic|chr2:182818907-182819407,intergenic,SSFA2,181891715,False,2.7e-05,0.004642729117074,2.8e-05,0.0051187602965909,182819157,927.442
chr2,182821131,182821631,intergenic|chr2:182821131-182821631,intergenic,SSFA2,181891715,False,1.3e-05,0.0045550708477029,2.7e-05,0.004931608381945,182821381,929.666
chr2,182852035,182852535,genic|chr2:182852035-182852535,genic,SSFA2,181891715,False,1.1e-05,0.0038309551290549,4.2e-05,0.0043996143766795,182852285,960.57
chr2,182860297,182860797,genic|chr2:182860297-182860797,genic,SSFA2,181891715,False,5e-06,0.0038527858821762,4.2e-05,0.0045795265465199,182860547,968.832
chr2,182866520,182867020,promoter|chr2:182866520-182867020,promoter,SSFA2,181891715,False,4.1e-05,0.0129176447002723,2.3e-05,0.0125949023948605,182866770,975.055
chr2,182870171,182870671,intergenic|chr2:182870171-182870671,intergenic,SSFA2,181891715,False,1.3e-05,0.0036266569463539,1.3e-05,0.0039993960048515,182870421,978.706
chr2,182907220,182907720,intergenic|chr2:182907220-182907720,intergenic,SSFA2,181891715,False,7.3e-05,0.0034049329779356,8.4e-05,0.0037325294727683,182907470,1015.755
chr2,182915468,182916362,intergenic|chr2:182915468-182916362,intergenic,SSFA2,181891715,False,1.8e-05,0.0032285516943712,2.5e-05,0.0035656020857106,182915915,1024.2
chr2,182946809,182947309,genic|chr2:182946809-182947309,genic,SSFA2,181891715,False,5e-06,0.0039531600607487,4.4e-05,0.004593617433832,182947059,1055.344
chr2,182949475,182950363,genic|chr2:182949475-182950363,genic,SSFA2,181891715,False,2.1e-05,0.0037910938810623,0.000174,0.0045123412973923,182949919,1058.204
chr2,182979970,182980470,genic|chr2:182979970-182980470,genic,SSFA2,181891715,False,4e-06,0.0038170190272266,5.2e-05,0.0043417010388599,182980220,1088.505
chr2,182984254,182984754,genic|chr2:182984254-182984754,genic,SSFA2,181891715,False,6e-06,0.0037945093092593,2.8e-05,0.0044523926041775,182984504,1092.789
chr2,183010000,183010500,genic|chr2:183010000-183010500,genic,SSFA2,181891715,False,9.6e-05,0.0036711099791756,0.000111,0.0039915866006509,183010250,1118.535
chr2,183029765,183030265,genic|chr2:183029765-183030265,genic,SSFA2,181891715,False,3.7e-05,0.0036431894653239,9e-06,0.003668570486559,183030015,1138.3
chr2,183037104,183037819,genic|chr2:183037104-183037819,genic,SSFA2,181891715,False,0.000337,0.0049122175268277,0.000803,0.0060921717351502,183037461,1145.746
chr2,183037914,183039108,promoter|chr2:183037914-183039108,promoter,SSFA2,181891715,False,0.000589,0.0138763075088392,0.001472,0.0184851678674135,183038511,1146.796
chr2,183059479,183060306,intergenic|chr2:183059479-183060306,intergenic,SSFA2,181891715,False,0.000114,0.0030739512376995,0.000211,0.003432129167063,183059892,1168.177
chr2,183069146,183069646,intergenic|chr2:183069146-183069646,intergenic,SSFA2,181891715,False,3e-06,0.0028765877446836,8e-06,0.003175668656424,183069396,1177.681
chr2,183078222,183079527,promoter|chr2:183078222-183079527,promoter,SSFA2,181891715,False,9.9e-05,0.0093479802148421,0.00021,0.010542574105371,183078874,1187.159
chr2,183094300,183094800,genic|chr2:183094300-183094800,genic,SSFA2,181891715,False,2.6e-05,0.0026582526510853,4.5e-05,0.0030222055747657,183094550,1202.835
chr2,183124104,183125127,promoter|chr2:183124104-183125127,promoter,SSFA2,181891715,False,0.000165,0.009440663289602,0.001288,0.0135054483825255,183124615,1232.9
chr2,183148845,183149345,genic|chr2:183148845-183149345,genic,SSFA2,181891715,False,6e-06,0.0022470005774412,5.9e-05,0.0027144587266736,183149095,1257.38
chr2,183207086,183207586,intergenic|chr2:183207086-183207586,intergenic,SSFA2,181891715,False,5.7e-05,0.002396827762678,9.3e-05,0.0026317848334654,183207336,1315.621
chr2,183248830,183249330,intergenic|chr2:183248830-183249330,intergenic,SSFA2,181891715,False,7e-06,0.0022582577655755,0.000124,0.002732626497558,183249080,1357.365
chr2,183284574,183285074,intergenic|chr2:183284574-183285074,intergenic,SSFA2,181891715,False,4e-06,0.0022647699112582,1.3e-05,0.0025025258995539,183284824,1393.109
chr2,183295015,183295515,intergenic|chr2:183295015-183295515,intergenic,SSFA2,181891715,False,5e-06,0.0022775661779912,4.5e-05,0.0026562578406077,183295265,1403.55
chr2,183315510,183316010,intergenic|chr2:183315510-183316010,intergenic,SSFA2,181891715,False,5.3e-05,0.0028868845640054,0.000104,0.0032426840986623,183315760,1424.045
chr2,183316267,183316767,intergenic|chr2:183316267-183316767,intergenic,SSFA2,181891715,False,2.7e-05,0.002962173748473,5.8e-05,0.0033035005485515,183316517,1424.802
chr2,183356813,183357313,intergenic|chr2:183356813-183357313,intergenic,SSFA2,181891715,False,4e-06,0.0026932210116497,4.4e-05,0.0030633545844617,183357063,1465.348
chr2,183359535,183360309,intergenic|chr2:183359535-183360309,intergenic,SSFA2,181891715,False,4e-06,0.0026888974839445,2.7e-05,0.0031280629054385,183359922,1468.207
chr2,183466982,183467482,intergenic|chr2:183466982-183467482,intergenic,SSFA2,181891715,False,4e-06,0.0023181232464851,2.6e-05,0.0026607661664415,183467232,1575.517
chr2,183517942,183518442,intergenic|chr2:183517942-183518442,intergenic,SSFA2,181891715,False,3e-06,0.0023233680936559,6.8e-05,0.0028592039567146,183518192,1626.477
chr2,183532470,183532970,intergenic|chr2:183532470-183532970,intergenic,SSFA2,181891715,False,3e-06,0.0023345477731185,3.3e-05,0.0026855012633089,183532720,1641.005
chr2,183541691,183542191,intergenic|chr2:183541691-183542191,intergenic,SSFA2,181891715,False,3e-06,0.0023463515525077,3.7e-05,0.002718484258672,183541941,1650.226
chr2,183597829,183598329,intergenic|chr2:183597829-183598329,intergenic,SSFA2,181891715,False,6e-06,0.0023528582407182,1.2e-05,0.0025981798073485,183598079,1706.364
chr2,183605344,183605844,intergenic|chr2:183605344-183605844,intergenic,SSFA2,181891715,False,3e-05,0.0024956458264558,4e-06,0.0026069814669571,183605594,1713.879
chr2,183610653,183611153,intergenic|chr2:183610653-183611153,intergenic,SSFA2,181891715,False,3e-06,0.0023754141414586,2.5e-05,0.0027259932316948,183610903,1719.188
chr2,183868646,183869146,intergenic|chr2:183868646-183869146,intergenic,SSFA2,181891715,False,2e-05,0.002478239549756,3.4e-05,0.0027116635523699,183868896,1977.181
chr2,183898583,183899083,intergenic|chr2:183898583-183899083,intergenic,SSFA2,181891715,False,2e-06,0.0023632766631744,5e-06,0.0026080187166471,183898833,2007.118
chr2,183929233,183929733,intergenic|chr2:183929233-183929733,intergenic,SSFA2,181891715,False,1e-06,0.0023716482345106,2e-06,0.0026161419043327,183929483,2037.768
chr2,183950011,183950511,intergenic|chr2:183950011-183950511,intergenic,SSFA2,181891715,False,2e-06,0.0023820449091075,2e-06,0.0026270485921387,183950261,2058.546
chr2,184053257,184054101,intergenic|chr2:184053257-184054101,intergenic,SSFA2,181891715,False,7e-06,0.0023852486435277,1.2e-05,0.0026333784679766,184053679,2161.964
chr2,184067434,184068156,intergenic|chr2:184067434-184068156,intergenic,SSFA2,181891715,False,3e-06,0.0023938380778002,3e-06,0.0026400515295702,184067795,2176.08
chr2,184113654,184114444,intergenic|chr2:184113654-184114444,intergenic,SSFA2,181891715,False,4e-06,0.0024013928097129,9e-06,0.0026511984420592,184114049,2222.334
chr2,184125833,184126333,intergenic|chr2:184125833-184126333,intergenic,SSFA2,181891715,False,2e-06,0.0024111927028509,4e-05,0.002929171758473,184126083,2234.368
chr2,184340119,184340619,intergenic|chr2:184340119-184340619,intergenic,SSFA2,181891715,False,1e-06,0.0024007058930806,4e-06,0.0026493140108201,184340369,2448.654
chr2,184363150,184363650,intergenic|chr2:184363150-184363650,intergenic,SSFA2,181891715,False,1e-06,0.0024102802938007,2.1e-05,0.0027726537515429,184363400,2471.685
chr2,184528023,184528763,intergenic|chr2:184528023-184528763,intergenic,SSFA2,181891715,False,2e-06,0.0024071204883617,3e-06,0.0026552612101865,184528393,2636.678
chr2,184596677,184597929,promoter|chr2:184596677-184597929,promoter,SSFA2,181891715,False,0.000259,0.0119599874950279,6e-05,0.0120468356698157,184597303,2705.588
chr2,184598115,184598721,promoter|chr2:184598115-184598721,promoter,SSFA2,181891715,False,0.000189,0.0118763664032521,3.1e-05,0.0121812905310787,184598418,2706.703
chr2,184599476,184599976,genic|chr2:184599476-184599976,genic,SSFA2,181891715,False,0.000132,0.0030505342213056,1.9e-05,0.0031593601228409,184599726,2708.011
chr2,184611426,184612156,genic|chr2:184611426-184612156,genic,SSFA2,181891715,False,5e-06,0.0021848685514861,1e-05,0.0024122043876301,184611791,2720.076
chr2,184644631,184645131,genic|chr2:184644631-184645131,genic,SSFA2,181891715,False,3e-06,0.0021916887847442,8e-06,0.0024197330603763,184644881,2753.166
chr2,184680390,184680890,genic|chr2:184680390-184680890,genic,SSFA2,181891715,False,2e-06,0.0021987348265347,4e-06,0.0024259621715118,184680640,2788.925
chr2,184920354,184920854,genic|chr2:184920354-184920854,genic,SSFA2,181891715,False,2e-06,0.0021911158523604,6e-06,0.0024185864615781,184920604,3028.889
chr2,184928551,184929051,genic|chr2:184928551-184929051,genic,SSFA2,181891715,False,1e-06,0.0022001764667899,3e-06,0.0024275525382937,184928801,3037.086
chr2,185012590,185013324,intergenic|chr2:185012590-185013324,intergenic,SSFA2,181891715,False,1e-06,0.0022042460118604,3e-05,0.0025640272292363,185012957,3121.242
chr2,185108557,185109057,intergenic|chr2:185108557-185109057,intergenic,SSFA2,181891715,False,1e-06,0.0022077460956554,2e-06,0.0024353843104442,185108807,3217.092
chr2,185128154,185128654,intergenic|chr2:185128154-185128654,intergenic,SSFA2,181891715,False,1e-06,0.0022162656258904,3e-06,0.00244530034819,185128404,3236.689
chr2,185145304,185145804,intergenic|chr2:185145304-185145804,intergenic,SSFA2,181891715,False,1e-06,0.0022250079242337,1.9e-05,0.0025821675222812,185145554,3253.839
chr2,185188422,185188922,intergenic|chr2:185188422-185188922,intergenic,SSFA2,181891715,False,1e-06,0.0020336473768477,3.2e-05,0.0023655881573813,185188672,3296.957
chr2,185208229,185208729,intergenic|chr2:185208229-185208729,intergenic,SSFA2,181891715,False,2e-06,0.0020417098936188,5e-06,0.0022532255535196,185208479,3316.764
chr2,185215423,185215923,intergenic|chr2:185215423-185215923,intergenic,SSFA2,181891715,False,1e-06,0.00204969083587,2e-06,0.0022610690806846,185215673,3323.958
chr2,185255530,185256437,intergenic|chr2:185255530-185256437,intergenic,SSFA2,181891715,False,2e-06,0.0020565010739418,5e-06,0.0022695455755874,185255983,3364.268
chr2,185279993,185280493,intergenic|chr2:185279993-185280493,intergenic,SSFA2,181891715,False,3e-05,0.002175108183101,3e-06,0.0022765825023058,185280243,3388.528
chr2,185290965,185291465,intergenic|chr2:185290965-185291465,intergenic,SSFA2,181891715,False,1e-06,0.0020713935705216,3e-06,0.0022854911265017,185291215,3399.5
chr2,185337979,185338479,intergenic|chr2:185337979-185338479,intergenic,SSFA2,181891715,False,2e-06,0.0020777287383707,3e-06,0.0022919917553354,185338229,3446.514
chr2,185396796,185397296,intergenic|chr2:185396796-185397296,intergenic,SSFA2,181891715,False,1e-06,0.0020825057410237,4e-05,0.002428841079909,185397046,3505.331
chr2,185441446,185441946,intergenic|chr2:185441446-185441946,intergenic,SSFA2,181891715,False,2e-06,0.0020889423935517,2e-06,0.0023038688278575,185441696,3549.981
chr2,185456494,185456994,intergenic|chr2:185456494-185456994,intergenic,SSFA2,181891715,False,2e-06,0.0020965300414545,4e-06,0.0023132195618015,185456744,3565.029
chr2,185567742,185568242,intergenic|chr2:185567742-185568242,intergenic,SSFA2,181891715,False,1e-06,0.0020983298094413,3.4e-05,0.0024362080975881,185567992,3676.277
chr2,185583079,185583863,intergenic|chr2:185583079-185583863,intergenic,SSFA2,181891715,False,1.3e-05,0.0021113115254548,2.4e-05,0.0023339821324366,185583471,3691.756
chr2,185608747,185609247,intergenic|chr2:185608747-185609247,intergenic,SSFA2,181891715,False,2e-06,0.0021132991439195,5e-06,0.0023322139256814,185608997,3717.282
chr2,185618626,185619126,intergenic|chr2:185618626-185619126,intergenic,SSFA2,181891715,False,2e-06,0.0021211246276679,3e-06,0.0023398522951113,185618876,3727.161
chr2,185629060,185629560,intergenic|chr2:185629060-185629560,intergenic,SSFA2,181891715,False,1e-06,0.0021284325192168,3e-06,0.0023484117007794,185629310,3737.595
chr2,185643386,185643886,intergenic|chr2:185643386-185643886,intergenic,SSFA2,181891715,False,1e-06,0.0021359504957782,3.2e-05,0.0024802300510304,185643636,3751.921
chr2,185676262,185676762,intergenic|chr2:185676262-185676762,intergenic,SSFA2,181891715,False,1e-06,0.0021423425119704,1e-06,0.0023627501518854,185676512,3784.797
chr2,185690080,185690580,intergenic|chr2:185690080-185690580,intergenic,SSFA2,181891715,False,7e-06,0.0021525655189941,0.000269,0.0027240848294373,185690330,3798.615
chr2,185738644,185739144,promoter|chr2:185738644-185739144,promoter,SSFA2,181891715,False,1e-06,0.0081453193580427,2e-06,0.0089796644057184,185738894,3847.179
chr2,185787516,185788016,genic|chr2:185787516-185788016,genic,SSFA2,181891715,False,2e-06,0.0018328587163825,3e-06,0.0020219210011546,185787766,3896.051
chr2,185817949,185818449,genic|chr2:185817949-185818449,genic,SSFA2,181891715,False,2e-06,0.0017128179744167,2e-05,0.0019884296324956,185818199,3926.484
chr2,185970325,185970825,intergenic|chr2:185970325-185970825,intergenic,SSFA2,181891715,False,1e-06,0.0017126002388512,2e-06,0.0018892811903556,185970575,4078.86
chr2,185979098,185979598,intergenic|chr2:185979098-185979598,intergenic,SSFA2,181891715,False,7e-06,0.0021219886431216,1.5e-05,0.0023731336863904,185979348,4087.633
chr2,185979668,185980168,intergenic|chr2:185979668-185980168,intergenic,SSFA2,181891715,False,7e-06,0.0021316472793979,1.6e-05,0.002374549320453,185979918,4088.203
chr2,186058588,186059088,genic|chr2:186058588-186059088,genic,SSFA2,181891715,False,1.7e-05,0.001835175640351,6.6e-05,0.0021114682500221,186058838,4167.123
chr2,186086067,186086567,promoter|chr2:186086067-186086567,promoter,SSFA2,181891715,False,1e-06,0.0080778391120885,1e-06,0.008903451583307,186086317,4194.602
chr2,186129626,186130764,intergenic|chr2:186129626-186130764,intergenic,SSFA2,181891715,False,1.4e-05,0.0016261881064549,2.2e-05,0.0017966411711001,186130195,4238.48
chr2,186172109,186172609,intergenic|chr2:186172109-186172609,intergenic,SSFA2,181891715,False,1e-06,0.0016260513622781,3.1e-05,0.0018915240718673,186172359,4280.644
chr2,186241929,186242429,intergenic|chr2:186241929-186242429,intergenic,SSFA2,181891715,False,1e-06,0.0016292553107056,2e-06,0.0017973534367431,186242179,4350.464
chr2,186256510,186257010,intergenic|chr2:186256510-186257010,intergenic,SSFA2,181891715,False,1e-06,0.0018434100386694,4e-06,0.0020607116424874,186256760,4365.045
chr2,186261561,186262061,intergenic|chr2:186261561-186262061,intergenic,SSFA2,181891715,False,1e-06,0.0019049147519073,1e-06,0.0021568850218827,186261811,4370.096
chr2,186274976,186275476,intergenic|chr2:186274976-186275476,intergenic,SSFA2,181891715,False,2e-06,0.0016457908477913,2e-06,0.0018152053853757,186275226,4383.511
chr2,186307757,186308257,intergenic|chr2:186307757-186308257,intergenic,SSFA2,181891715,False,1e-06,0.0016500314990166,2e-06,0.0018202692963173,186308007,4416.292
chr2,186326103,186326603,intergenic|chr2:186326103-186326603,intergenic,SSFA2,181891715,False,2e-06,0.0016553733871215,4.5e-05,0.0019208826044658,186326353,4434.638
chr2,186347369,186347869,intergenic|chr2:186347369-186347869,intergenic,SSFA2,181891715,False,1e-06,0.0019648999133365,2e-06,0.0021330549324644,186347619,4455.904
chr2,186349481,186349981,intergenic|chr2:186349481-186349981,intergenic,SSFA2,181891715,False,2e-06,0.0018925470365634,2e-06,0.002142219884452,186349731,4458.016
chr2,186422203,186422703,intergenic|chr2:186422203-186422703,intergenic,SSFA2,181891715,False,1e-06,0.0016686152164168,3e-06,0.0018411587371546,186422453,4530.738
chr2,186458960,186459460,intergenic|chr2:186458960-186459460,intergenic,SSFA2,181891715,False,1e-06,0.0019625215519317,3e-06,0.0021772325205812,186459210,4567.495
chr2,186460398,186460898,intergenic|chr2:186460398-186460898,intergenic,SSFA2,181891715,False,2e-06,0.0019555470124613,3e-06,0.0021738399131239,186460648,4568.933
chr2,186485907,186486802,promoter|chr2:186485907-186486802,promoter,SSFA2,181891715,False,4.7e-05,0.0080856148318612,8.6e-05,0.0089853162519671,186486354,4594.639
chr2,186504047,186504547,genic|chr2:186504047-186504547,genic,SSFA2,181891715,False,1e-06,0.0015829993000912,5.7e-05,0.0018524583580878,186504297,4612.582
chr2,186541979,186542479,intergenic|chr2:186541979-186542479,intergenic,SSFA2,181891715,False,2e-06,0.0019919543643959,2e-06,0.0022124779125873,186542229,4650.514
chr2,186543437,186544788,intergenic|chr2:186543437-186544788,intergenic,SSFA2,181891715,False,8e-06,0.0019145814688976,1.7e-05,0.0021132573067242,186544112,4652.397
chr2,186545526,186546026,intergenic|chr2:186545526-186546026,intergenic,SSFA2,181891715,False,1e-06,0.002010389187595,4.1e-05,0.0023362566993402,186545776,4654.061
chr2,186569909,186570409,intergenic|chr2:186569909-186570409,intergenic,SSFA2,181891715,False,2e-06,0.0019743041293595,3e-06,0.0021751904783851,186570159,4678.444
chr2,186570587,186571087,intergenic|chr2:186570587-186571087,intergenic,SSFA2,181891715,False,3e-06,0.0020362126779342,5e-06,0.0022534290462782,186570837,4679.122
chr2,186572647,186573147,intergenic|chr2:186572647-186573147,intergenic,SSFA2,181891715,False,3e-06,0.0020461822407987,5e-06,0.0022598870581676,186572897,4681.182
chr2,186575256,186575756,intergenic|chr2:186575256-186575756,intergenic,SSFA2,181891715,False,7e-06,0.0019952164491357,1.4e-05,0.0022010320549316,186575506,4683.791
chr2,186589737,186591208,promoter|chr2:186589737-186591208,promoter,SSFA2,181891715,False,2.6e-05,0.0094686712519829,5e-05,0.0105457391768907,186590472,4698.757
chr2,186595083,186595583,genic|chr2:186595083-186595583,genic,SSFA2,181891715,False,2e-06,0.0020020307097336,4e-06,0.002216940594248,186595333,4703.618
chr2,186641677,186642177,genic|chr2:186641677-186642177,genic,SSFA2,181891715,False,3e-06,0.0015354027783731,7e-06,0.0016949160464886,186641927,4750.212
chr2,186672996,186673496,genic|chr2:186672996-186673496,genic,SSFA2,181891715,False,1e-06,0.0015385938902066,1e-06,0.001696992536186,186673246,4781.531
chr2,186687597,186688097,intergenic|chr2:186687597-186688097,intergenic,SSFA2,181891715,False,1e-06,0.001542925872564,2e-06,0.0017021321598956,186687847,4796.132
chr2,186693478,186694770,promoter|chr2:186693478-186694770,promoter,SSFA2,181891715,False,1.5e-05,0.007997540474368,2.6e-05,0.0088355046542529,186694124,4802.409
chr2,186737871,186738562,genic|chr2:186737871-186738562,genic,SSFA2,181891715,False,1e-06,0.0016784479341642,2e-06,0.0018758534306495,186738216,4846.501
chr2,186740495,186740995,genic|chr2:186740495-186740995,genic,SSFA2,181891715,False,1e-06,0.0017141325089867,2e-06,0.0018664599839101,186740745,4849.03
chr2,186751876,186752376,genic|chr2:186751876-186752376,genic,SSFA2,181891715,False,1e-06,0.0014739839508473,2e-06,0.0016260880746272,186752126,4860.411
chr2,186769241,186769741,intergenic|chr2:186769241-186769741,intergenic,SSFA2,181891715,False,1e-06,0.0018034960423305,1e-06,0.0019959889127792,186769491,4877.776
chr2,186771319,186772226,intergenic|chr2:186771319-186772226,intergenic,SSFA2,181891715,False,4e-06,0.0017075466375678,0.000141,0.0020009241253732,186771772,4880.057
chr2,186780883,186781383,intergenic|chr2:186780883-186781383,intergenic,SSFA2,181891715,False,2e-06,0.0017197260447573,4.4e-05,0.0019856204518922,186781133,4889.418
chr2,186783227,186783727,intergenic|chr2:186783227-186783727,intergenic,SSFA2,181891715,False,1e-06,0.0017615142802261,2.5e-05,0.0020257942818713,186783477,4891.762
chr2,186848920,186849420,promoter|chr2:186848920-186849420,promoter,SSFA2,181891715,False,1e-06,0.0095651855018816,2.9e-05,0.011200006040569,186849170,4957.455
chr2,186849434,186849934,promoter|chr2:186849434-186849934,promoter,SSFA2,181891715,False,2e-06,0.0093667961300165,8e-05,0.0110791042285787,186849684,4957.969
chr2,186853973,186854473,intergenic|chr2:186853973-186854473,intergenic,SSFA2,181891715,False,1e-06,0.0016983902624422,2e-06,0.0018912966795544,186854223,4962.508
chr2,186862799,186863299,intergenic|chr2:186862799-186863299,intergenic,SSFA2,181891715,False,1e-06,0.0014235346637795,4e-06,0.0015711099526956,186863049,4971.334
chr2,186872877,186873377,intergenic|chr2:186872877-186873377,intergenic,SSFA2,181891715,False,1e-06,0.0014274232930437,1e-06,0.0015743949435666,186873127,4981.412
chr2,186881634,186882134,intergenic|chr2:186881634-186882134,intergenic,SSFA2,181891715,False,1e-06,0.0016460038626781,1e-06,0.0017921345865112,186881884,4990.169
chr2,186882549,186883049,intergenic|chr2:186882549-186883049,intergenic,SSFA2,181891715,False,1e-06,0.0016357901571518,1e-06,0.0018041771032935,186882799,4991.084
chr2,186889028,186889528,intergenic|chr2:186889028-186889528,intergenic,SSFA2,181891715,False,2.6e-05,0.0018100802757042,2e-06,0.0019020487152182,186889278,4997.563
chr2,186891039,186891803,intergenic|chr2:186891039-186891803,intergenic,SSFA2,181891715,False,4.1e-05,0.0017863826489456,4e-06,0.001840123490858,186891421,4999.706
chr7,116399861,116400361,intergenic|chr7:116399861-116400361,intergenic,FAM3C,121396368,False,7e-06,0.0021972494524276,9e-06,0.0025108952887856,116400111,4996.257
chr7,116401090,116401590,intergenic|chr7:116401090-116401590,intergenic,FAM3C,121396368,False,4e-06,0.0020847980594042,4e-06,0.0023700177400179,116401340,4995.028
chr7,116408230,116408730,intergenic|chr7:116408230-116408730,intergenic,FAM3C,121396368,False,4e-06,0.001725953776098,5e-06,0.0019700913481926,116408480,4987.888
chr7,116415011,116415767,intergenic|chr7:116415011-116415767,intergenic,FAM3C,121396368,False,1.4e-05,0.0022231221688688,0.000297,0.0027899577573974,116415389,4980.979
chr7,116416987,116417487,intergenic|chr7:116416987-116417487,intergenic,FAM3C,121396368,False,1.1e-05,0.0022256253479327,0.000237,0.0027586842136911,116417237,4979.131
chr7,116417670,116418415,intergenic|chr7:116417670-116418415,intergenic,FAM3C,121396368,False,2.6e-05,0.0021868552095452,0.00052,0.0028709450810416,116418042,4978.326
chr7,116426259,116426759,intergenic|chr7:116426259-116426759,intergenic,FAM3C,121396368,False,5.5e-05,0.0017329723216896,8.3e-05,0.0019894240158466,116426509,4969.859
chr7,116432425,116432925,intergenic|chr7:116432425-116432925,intergenic,FAM3C,121396368,False,1e-05,0.0021735756420164,1.4e-05,0.0024905778616734,116432675,4963.693
chr7,116434673,116435173,intergenic|chr7:116434673-116435173,intergenic,FAM3C,121396368,False,2.5e-05,0.0021008523390462,4e-05,0.0024030650242727,116434923,4961.445
chr7,116442111,116442611,intergenic|chr7:116442111-116442611,intergenic,FAM3C,121396368,False,4.1e-05,0.0023178778398798,0.002575,0.0047013546666279,116442361,4954.007
chr7,116442688,116443483,intergenic|chr7:116442688-116443483,intergenic,FAM3C,121396368,False,0.000124,0.002257757573383,0.007292,0.0088578009139042,116443085,4953.283
chr7,116451885,116452808,intergenic|chr7:116451885-116452808,intergenic,FAM3C,121396368,False,2e-05,0.0021805912004368,3.4e-05,0.002508399855562,116452346,4944.022
chr7,116454968,116455967,intergenic|chr7:116454968-116455967,intergenic,FAM3C,121396368,False,3.1e-05,0.0021442160024861,0.003933,0.0058801224317531,116455467,4940.901
chr7,116461511,116462011,intergenic|chr7:116461511-116462011,intergenic,FAM3C,121396368,False,1.6e-05,0.0022235815093076,3e-05,0.0025560047872149,116461761,4934.607
chr7,116465705,116466502,intergenic|chr7:116465705-116466502,intergenic,FAM3C,121396368,False,5.8e-05,0.002133057335279,0.003872,0.0053695300377883,116466103,4930.265
chr7,116476837,116478064,intergenic|chr7:116476837-116478064,intergenic,FAM3C,121396368,False,2.3e-05,0.0020956231096343,0.000881,0.0030346960455322,116477450,4918.918
chr7,116478193,116478693,intergenic|chr7:116478193-116478693,intergenic,FAM3C,121396368,False,7e-06,0.0021502699838957,0.00026,0.0027591925088007,116478443,4917.925
chr7,116478872,116479372,intergenic|chr7:116478872-116479372,intergenic,FAM3C,121396368,False,6e-06,0.002148551357563,0.000223,0.0027364839485825,116479122,4917.246
chr7,116495669,116496169,intergenic|chr7:116495669-116496169,intergenic,FAM3C,121396368,False,0.000601,0.0028921073842895,1.2e-05,0.0025584260084443,116495919,4900.449
chr7,116498856,116499850,promoter|chr7:116498856-116499850,promoter,FAM3C,121396368,False,0.004129,0.0284118021876498,0.000107,0.0141007694196877,116499353,4897.015
chr7,116500462,116500962,genic|chr7:116500462-116500962,genic,FAM3C,121396368,False,2.2e-05,0.0023454558963065,0.000715,0.003270277493467,116500712,4895.656
chr7,116501365,116501865,genic|chr7:116501365-116501865,genic,FAM3C,121396368,False,2e-05,0.0023326405043589,0.000767,0.0032854316057704,116501615,4894.753
chr7,116511193,116511905,intergenic|chr7:116511193-116511905,intergenic,FAM3C,121396368,False,0.001039,0.0030250297990016,7e-05,0.0026869699382961,116511549,4884.819
chr7,116511938,116512438,intergenic|chr7:116511938-116512438,intergenic,FAM3C,121396368,False,0.001336,0.0031765348910575,8.5e-05,0.0026795697493951,116512188,4884.18
chr7,116512496,116513240,intergenic|chr7:116512496-116513240,intergenic,FAM3C,121396368,False,0.00082,0.0028985846149229,6.3e-05,0.0026778679666493,116512868,4883.5
chr7,116522234,116522734,intergenic|chr7:116522234-116522734,intergenic,FAM3C,121396368,False,0.000169,0.0024396369136711,0.000994,0.0034301270564563,116522484,4873.884
chr7,116524482,116525034,promoter|chr7:116524482-116525034,promoter,FAM3C,121396368,False,0.000299,0.0134608812034069,0.002317,0.023144534538413,116524758,4871.61
chr7,116526080,116526917,genic|chr7:116526080-116526917,genic,FAM3C,121396368,False,6.6e-05,0.002450551497383,0.003889,0.0062069277602053,116526498,4869.87
chr7,116527950,116528450,genic|chr7:116527950-116528450,genic,FAM3C,121396368,False,2.1e-05,0.0024294284343235,0.001412,0.0040876015178144,116528200,4868.168
chr7,116534824,116535324,genic|chr7:116534824-116535324,genic,FAM3C,121396368,False,2e-06,0.0021661505723568,4e-06,0.0024668113834677,116535074,4861.294
chr7,116537864,116538364,genic|chr7:116537864-116538364,genic,FAM3C,121396368,False,4e-06,0.0021749763726391,5e-06,0.002492036085501,116538114,4858.254
chr7,116539577,116540077,genic|chr7:116539577-116540077,genic,FAM3C,121396368,False,4e-06,0.0022183880667154,6e-06,0.0025373384242295,116539827,4856.541
chr7,116542602,116543102,genic|chr7:116542602-116543102,genic,FAM3C,121396368,False,3e-06,0.0022060225237173,5e-06,0.0025174264581072,116542852,4853.516
chr7,116543663,116544163,genic|chr7:116543663-116544163,genic,FAM3C,121396368,False,7e-06,0.0021427636735311,1e-05,0.0024482342411661,116543913,4852.455
chr7,116549100,116549600,genic|chr7:116549100-116549600,genic,FAM3C,121396368,False,3e-06,0.0021750532607107,0.000106,0.0026484592460052,116549350,4847.018
chr7,116550878,116551378,genic|chr7:116550878-116551378,genic,FAM3C,121396368,False,2e-06,0.0021730212470892,3.9e-05,0.0026136618630115,116551128,4845.24
chr7,116552574,116553074,genic|chr7:116552574-116553074,genic,FAM3C,121396368,False,7e-06,0.0021273549132367,8.6e-05,0.0026158967378899,116552824,4843.544
chr7,116553384,116553884,genic|chr7:116553384-116553884,genic,FAM3C,121396368,False,2e-06,0.0021899205923333,9.7e-05,0.0026344341232725,116553634,4842.734
chr7,116557918,116558418,genic|chr7:116557918-116558418,genic,FAM3C,121396368,False,4e-06,0.0021244251214361,3e-06,0.0024319657103439,116558168,4838.2
chr7,116560219,116560719,genic|chr7:116560219-116560719,genic,FAM3C,121396368,False,4e-06,0.0020939993751637,4e-06,0.0023658231927586,116560469,4835.899
chr7,116561891,116562391,intergenic|chr7:116561891-116562391,intergenic,FAM3C,121396368,False,2e-06,0.0021182777468802,3e-06,0.0023679477417144,116562141,4834.227
chr7,116571021,116571521,genic|chr7:116571021-116571521,genic,FAM3C,121396368,False,4e-06,0.0017487696495806,0.000108,0.0021371815403718,116571271,4825.097
chr7,116576600,116577521,genic|chr7:116576600-116577521,genic,FAM3C,121396368,False,8e-06,0.0017468722454151,0.000249,0.0022003939570176,116577060,4819.308
chr7,116582368,116582868,genic|chr7:116582368-116582868,genic,FAM3C,121396368,False,5e-06,0.0021085375613216,7e-06,0.0024137778432181,116582618,4813.75
chr7,116583121,116583621,genic|chr7:116583121-116583621,genic,FAM3C,121396368,False,4e-06,0.0021914666049703,6e-06,0.0024954494408612,116583371,4812.997
chr7,116583655,116584155,genic|chr7:116583655-116584155,genic,FAM3C,121396368,False,4e-06,0.002188533992021,6e-06,0.0024928324825465,116583905,4812.463
chr7,116588222,116589442,genic|chr7:116588222-116589442,genic,FAM3C,121396368,False,1.3e-05,0.0021817111350181,1.8e-05,0.0024846023161824,116588832,4807.536
chr7,116591188,116592161,genic|chr7:116591188-116592161,genic,FAM3C,121396368,False,0.00074,0.0027681427830034,0.000815,0.00314000029446,116591674,4804.694
chr7,116598214,116598714,genic|chr7:116598214-116598714,genic,FAM3C,121396368,False,3e-06,0.0019566079955818,6.7e-05,0.0024538769990421,116598464,4797.904
chr7,116602955,116603455,genic|chr7:116602955-116603455,genic,FAM3C,121396368,False,1e-06,0.0019983334291461,4e-06,0.0022645492281574,116603205,4793.163
chr7,116614570,116615070,promoter|chr7:116614570-116615070,promoter,FAM3C,121396368,False,7e-06,0.011462064857856,1.1e-05,0.0130235922318745,116614820,4781.548
chr7,116616370,116617197,intergenic|chr7:116616370-116617197,intergenic,FAM3C,121396368,False,1.1e-05,0.0021703462471359,0.000524,0.0030077923035837,116616783,4779.585
chr7,116628864,116629364,intergenic|chr7:116628864-116629364,intergenic,FAM3C,121396368,False,1.3e-05,0.0023454095506445,2e-05,0.002669596280243,116629114,4767.254
chr7,116630855,116631355,intergenic|chr7:116630855-116631355,intergenic,FAM3C,121396368,False,0.000904,0.0028674540553552,5.8e-05,0.002615490664626,116631105,4765.263
chr7,116633507,116634007,intergenic|chr7:116633507-116634007,intergenic,FAM3C,121396368,False,0.000266,0.0025951856719703,1.9e-05,0.0026590098879352,116633757,4762.611
chr7,116653146,116653997,intergenic|chr7:116653146-116653997,intergenic,FAM3C,121396368,False,0.000397,0.0024287084056763,0.000552,0.0028731112101449,116653571,4742.797
chr7,116654798,116655298,intergenic|chr7:116654798-116655298,intergenic,FAM3C,121396368,False,4e-06,0.0022154057916852,1e-05,0.0025454635240245,116655048,4741.32
chr7,116664709,116665209,intergenic|chr7:116664709-116665209,intergenic,FAM3C,121396368,False,3e-06,0.0017719135313016,7.4e-05,0.0021624154898374,116664959,4731.409
chr7,116670390,116671107,intergenic|chr7:116670390-116671107,intergenic,FAM3C,121396368,False,2.1e-05,0.002364247943036,0.001218,0.0037915545364715,116670748,4725.62
chr7,116671725,116672639,promoter|chr7:116671725-116672639,promoter,FAM3C,121396368,False,9.4e-05,0.011953077798507,0.00562,0.0373032847440457,116672182,4724.186
chr7,116680861,116681361,genic|chr7:116680861-116681361,genic,FAM3C,121396368,False,5e-06,0.0018474709185456,0.000148,0.0022877229375519,116681111,4715.257
chr7,116686726,116687462,genic|chr7:116686726-116687462,genic,FAM3C,121396368,False,2.1e-05,0.0024577620813571,0.001531,0.0041985385474917,116687094,4709.274
chr7,116687834,116688334,genic|chr7:116687834-116688334,genic,FAM3C,121396368,False,3.6e-05,0.0024934762410954,0.002374,0.0049470224012516,116688084,4708.284
chr7,116689815,116690315,genic|chr7:116689815-116690315,genic,FAM3C,121396368,False,3e-05,0.0024899258387699,0.001073,0.0037199773835914,116690065,4706.303
chr7,116691635,116692135,genic|chr7:116691635-116692135,genic,FAM3C,121396368,False,2.3e-05,0.0024855957493412,0.000722,0.0034757692266347,116691885,4704.483
chr7,116692530,116693360,genic|chr7:116692530-116693360,genic,FAM3C,121396368,False,5.3e-05,0.0024528617155498,0.002016,0.0043300389111736,116692945,4703.423
chr7,116700731,116701231,genic|chr7:116700731-116701231,genic,FAM3C,121396368,False,9e-06,0.0023377452293082,0.000262,0.0029735040924904,116700981,4695.387
chr7,116702057,116702763,genic|chr7:116702057-116702763,genic,FAM3C,121396368,False,1.3e-05,0.0023902392324833,0.000438,0.003159171077429,116702410,4693.958
chr7,116703812,116704312,genic|chr7:116703812-116704312,genic,FAM3C,121396368,False,1.1e-05,0.0023866580217287,0.00031,0.003077135724179,116704062,4692.306
chr7,116704768,116705268,genic|chr7:116704768-116705268,genic,FAM3C,121396368,False,0.000422,0.0029048386398191,1.9e-05,0.0027455292725669,116705018,4691.35
chr7,116706533,116707290,genic|chr7:116706533-116707290,genic,FAM3C,121396368,False,0.001478,0.0034681945608213,6.7e-05,0.0026908953530869,116706911,4689.457
chr7,116715071,116715571,genic|chr7:116715071-116715571,genic,FAM3C,121396368,False,1e-05,0.0022792627054097,1.3e-05,0.0026048191562036,116715321,4681.047
chr7,116716559,116717059,genic|chr7:116716559-116717059,genic,FAM3C,121396368,False,2.4e-05,0.0022060864165143,3.6e-05,0.0025100232976123,116716809,4679.559
chr7,116726004,116726504,genic|chr7:116726004-116726504,genic,FAM3C,121396368,False,6e-06,0.0021462959842241,6e-06,0.0024306981518734,116726254,4670.114
chr7,116726790,116727290,genic|chr7:116726790-116727290,genic,FAM3C,121396368,False,3e-06,0.0021740932352157,4e-06,0.0024512271392896,116727040,4669.328
chr7,116730522,116731022,genic|chr7:116730522-116731022,genic,FAM3C,121396368,False,5.2e-05,0.0023956360492069,0.000119,0.0028346386739233,116730772,4665.596
chr7,116734543,116735043,genic|chr7:116734543-116735043,genic,FAM3C,121396368,False,7.7e-05,0.0023049075579386,0.000143,0.0027523671190717,116734793,4661.575
chr7,116735056,116735556,genic|chr7:116735056-116735556,genic,FAM3C,121396368,False,3e-06,0.0021206395182973,9.2e-05,0.0025901900676561,116735306,4661.062
chr7,116765396,116765896,genic|chr7:116765396-116765896,genic,FAM3C,121396368,False,5e-06,0.0017760303425539,9.8e-05,0.0021844664838421,116765646,4630.722
chr7,116770830,116771330,genic|chr7:116770830-116771330,genic,FAM3C,121396368,False,2.9e-05,0.0023276934198407,0.000743,0.003224733688422,116771080,4625.288
chr7,116772406,116772906,genic|chr7:116772406-116772906,genic,FAM3C,121396368,False,5.9e-05,0.0024416251886655,0.001549,0.0039304962290113,116772656,4623.712
chr7,116776524,116777335,genic|chr7:116776524-116777335,genic,FAM3C,121396368,False,0.000115,0.0024059864690668,0.000186,0.002791521648237,116776929,4619.439
chr7,116777538,116778038,genic|chr7:116777538-116778038,genic,FAM3C,121396368,False,3.9e-05,0.0024193353652187,6.4e-05,0.0027804574904878,116777788,4618.58
chr7,116782397,116782897,genic|chr7:116782397-116782897,genic,FAM3C,121396368,False,0.000222,0.0025529650732662,1.1e-05,0.002612187257619,116782647,4613.721
chr7,116786423,116787186,genic|chr7:116786423-116787186,genic,FAM3C,121396368,False,1e-05,0.002128604426338,0.000318,0.0027225691103114,116786804,4609.564
chr7,116797564,116798064,genic|chr7:116797564-116798064,genic,FAM3C,121396368,False,7e-06,0.0023099094971998,9e-06,0.0026410131417963,116797814,4598.554
chr7,116800557,116801716,intergenic|chr7:116800557-116801716,intergenic,FAM3C,121396368,False,5.3e-05,0.0022519382393885,8.4e-05,0.0025796894840199,116801136,4595.232
chr7,116802779,116803279,intergenic|chr7:116802779-116803279,intergenic,FAM3C,121396368,False,2.6e-05,0.002283949549744,3.7e-05,0.0026180833592153,116803029,4593.339
chr7,116809628,116810671,intergenic|chr7:116809628-116810671,intergenic,FAM3C,121396368,False,2e-05,0.001740286241513,3.3e-05,0.0019915145908555,116810149,4586.219
chr7,116828235,116828735,intergenic|chr7:116828235-116828735,intergenic,FAM3C,121396368,False,3e-06,0.0017303057550182,9.8e-05,0.00212492332475,116828485,4567.883
chr7,116835078,116835578,intergenic|chr7:116835078-116835578,intergenic,FAM3C,121396368,False,0.000126,0.002315778943097,8e-06,0.0024177939829698,116835328,4561.04
chr7,116836857,116837357,intergenic|chr7:116836857-116837357,intergenic,FAM3C,121396368,False,0.000263,0.0023111633812448,1.7e-05,0.0023459749553282,116837107,4559.261
chr7,116859247,116859747,intergenic|chr7:116859247-116859747,intergenic,FAM3C,121396368,False,1.1e-05,0.0022419087813691,0.000597,0.0032113819244953,116859497,4536.871
chr7,116862152,116863065,promoter|chr7:116862152-116863065,promoter,FAM3C,121396368,False,5.5e-05,0.0116153214095133,0.002392,0.0221725945667108,116862608,4533.76
chr7,116923285,116923785,intergenic|chr7:116923285-116923785,intergenic,FAM3C,121396368,False,2e-06,0.0017999793403074,3e-06,0.0020545664258658,116923535,4472.833
chr7,116930371,116930871,intergenic|chr7:116930371-116930871,intergenic,FAM3C,121396368,False,7e-06,0.0017975319345912,1.9e-05,0.0020565775925799,116930621,4465.747
chr7,116951512,116952012,intergenic|chr7:116951512-116952012,intergenic,FAM3C,121396368,False,9e-06,0.0023717106508045,0.00032,0.0030635310331853,116951762,4444.606
chr7,116952709,116953926,promoter|chr7:116952709-116953926,promoter,FAM3C,121396368,False,5.1e-05,0.0121942413409646,0.001733,0.0203257815579105,116953317,4443.051
chr7,116954121,116954621,genic|chr7:116954121-116954621,genic,FAM3C,121396368,False,3.1e-05,0.0024692691833682,0.000901,0.0035763626586207,116954371,4441.997
chr7,116984769,116985494,genic|chr7:116984769-116985494,genic,FAM3C,121396368,False,3e-06,0.0024717529237571,3e-06,0.0027989165971827,116985131,4411.237
chr7,116990032,116990532,genic|chr7:116990032-116990532,genic,FAM3C,121396368,False,4e-06,0.0024352418382524,5e-06,0.0027434626996684,116990282,4406.086
chr7,117012620,117013120,genic|chr7:117012620-117013120,genic,FAM3C,121396368,False,7e-06,0.0020880768754862,9.2e-05,0.0025562503590835,117012870,4383.498
chr7,117019224,117019724,genic|chr7:117019224-117019724,genic,FAM3C,121396368,False,1.4e-05,0.002649145178196,0.000715,0.003815338614052,117019474,4376.894
chr7,117019940,117020883,genic|chr7:117019940-117020883,genic,FAM3C,121396368,False,0.000662,0.0031260069612985,0.002159,0.0051010830272139,117020411,4375.957
chr7,117119383,117119883,genic|chr7:117119383-117119883,genic,FAM3C,121396368,False,1e-05,0.0026461678729295,0.000314,0.0033910082652184,117119633,4276.735
chr7,117124606,117125106,genic|chr7:117124606-117125106,genic,FAM3C,121396368,False,3.3e-05,0.0025785079306168,0.000971,0.0037972628093463,117124856,4271.512
chr7,117127500,117128000,genic|chr7:117127500-117128000,genic,FAM3C,121396368,False,6e-06,0.0027336859148833,1.3e-05,0.0031376227243891,117127750,4268.618
chr7,117132287,117133186,genic|chr7:117132287-117133186,genic,FAM3C,121396368,False,5.7e-05,0.0024840114130674,0.001663,0.0041544121344728,117132736,4263.632
chr7,117143541,117144041,genic|chr7:117143541-117144041,genic,FAM3C,121396368,False,6e-06,0.0023705999589576,1e-05,0.0026869373518333,117143791,4252.577
chr7,117146067,117146567,genic|chr7:117146067-117146567,genic,FAM3C,121396368,False,2e-06,0.0025999346174169,5e-05,0.0031583343803746,117146317,4250.051
chr7,117157531,117158031,genic|chr7:117157531-117158031,genic,FAM3C,121396368,False,6e-06,0.002172364976489,0.000384,0.0030730677141741,117157781,4238.587
chr7,117167299,117167799,genic|chr7:117167299-117167799,genic,FAM3C,121396368,False,2e-06,0.0025522041334946,5e-06,0.0028678464568885,117167549,4228.819
chr7,117171058,117171558,genic|chr7:117171058-117171558,genic,FAM3C,121396368,False,4e-06,0.0024706441936236,7.6e-05,0.0030695870827005,117171308,4225.06
chr7,117182430,117182930,promoter|chr7:117182430-117182930,promoter,FAM3C,121396368,False,4e-06,0.0094569050421266,0.000112,0.0115874615486037,117182680,4213.688
chr7,117212919,117213419,genic|chr7:117212919-117213419,genic,FAM3C,121396368,False,0.000154,0.0025303212497741,0.000418,0.0032868807783907,117213169,4183.199
chr7,117218850,117219350,genic|chr7:117218850-117219350,genic,FAM3C,121396368,False,5.8e-05,0.0028538072877925,4e-05,0.003140806889114,117219100,4177.268
chr7,117219395,117219895,genic|chr7:117219395-117219895,genic,FAM3C,121396368,False,5.2e-05,0.0028528304282068,3.6e-05,0.0031408485326737,117219645,4176.723
chr7,117246732,117247232,intergenic|chr7:117246732-117247232,intergenic,FAM3C,121396368,False,2e-06,0.002283158541167,3.8e-05,0.0027731611790518,117246982,4149.386
chr7,117269321,117270304,intergenic|chr7:117269321-117270304,intergenic,FAM3C,121396368,False,1.2e-05,0.0022826115483509,1.9e-05,0.0026086058651754,117269812,4126.556
chr7,117279174,117279674,genic|chr7:117279174-117279674,genic,FAM3C,121396368,False,4e-06,0.0022726317009609,4e-06,0.0025933447435808,117279424,4116.944
chr7,117312528,117313028,genic|chr7:117312528-117313028,genic,FAM3C,121396368,False,2e-06,0.0022668884535076,4e-06,0.0025878938960306,117312778,4083.59
chr7,117323039,117323539,promoter|chr7:117323039-117323539,promoter,FAM3C,121396368,False,0.000116,0.0130365885655711,2e-06,0.0124317823117756,117323289,4073.079
chr7,117327424,117328084,intergenic|chr7:117327424-117328084,intergenic,FAM3C,121396368,False,3.4e-05,0.0029592847251241,4e-06,0.003122863765731,117327754,4068.614
chr7,117333127,117333627,intergenic|chr7:117333127-117333627,intergenic,FAM3C,121396368,False,3e-06,0.0024203201753881,3e-06,0.0027618172750173,117333377,4062.991
chr7,117349618,117350498,intergenic|chr7:117349618-117350498,intergenic,FAM3C,121396368,False,1.8e-05,0.0024217895567783,1.7e-05,0.0027629065590763,117350058,4046.31
chr7,117381303,117381803,genic|chr7:117381303-117381803,genic,FAM3C,121396368,False,3e-06,0.0029792196548856,4e-06,0.0033467055185618,117381553,4014.815
chr7,117385516,117386239,genic|chr7:117385516-117386239,genic,FAM3C,121396368,False,1.6e-05,0.002846743259643,0.000261,0.0036170398133409,117385877,4010.491
chr7,117388198,117388698,genic|chr7:117388198-117388698,genic,FAM3C,121396368,False,2e-06,0.0029611929779096,6.8e-05,0.003546819237997,117388448,4007.92
chr7,117399776,117400276,genic|chr7:117399776-117400276,genic,FAM3C,121396368,False,3e-06,0.0027793075650978,6.5e-05,0.0033747054744297,117400026,3996.342
chr7,117401260,117401760,genic|chr7:117401260-117401760,genic,FAM3C,121396368,False,3e-06,0.0028206654725986,7.8e-05,0.0034181840231162,117401510,3994.858
chr7,117405453,117405953,genic|chr7:117405453-117405953,genic,FAM3C,121396368,False,2e-06,0.0027621065694936,3e-06,0.0031523461136315,117405703,3990.665
chr7,117424826,117425326,genic|chr7:117424826-117425326,genic,FAM3C,121396368,False,1e-06,0.0027266297355639,2e-06,0.0031118727023109,117425076,3971.292
chr7,117427273,117427773,promoter|chr7:117427273-117427773,promoter,FAM3C,121396368,False,3e-06,0.0107070774572942,4e-06,0.0122060693259757,117427523,3968.845
chr7,117458927,117459663,intergenic|chr7:117458927-117459663,intergenic,FAM3C,121396368,False,4e-06,0.0025513798417518,9e-06,0.0029144110430447,117459295,3937.073
chr7,117468481,117468981,intergenic|chr7:117468481-117468981,intergenic,FAM3C,121396368,False,1e-06,0.0025423485426182,4e-06,0.0029028647175983,117468731,3927.637
chr7,117479712,117480212,promoter|chr7:117479712-117480212,promoter,FAM3C,121396368,False,4e-06,0.0095230993347616,6.6e-05,0.0115661308521897,117479962,3916.406
chr7,117505199,117505699,genic|chr7:117505199-117505699,genic,FAM3C,121396368,False,2e-06,0.0027599378372855,7.8e-05,0.0035178007666291,117505449,3890.919
chr7,117570941,117571441,genic|chr7:117570941-117571441,genic,FAM3C,121396368,False,2e-06,0.002755715133184,4e-06,0.0031457232160847,117571191,3825.177
chr7,117582264,117582764,genic|chr7:117582264-117582764,genic,FAM3C,121396368,False,3e-06,0.002748280585436,6e-06,0.0031379065603262,117582514,3813.854
chr7,117612471,117612971,genic|chr7:117612471-117612971,genic,FAM3C,121396368,False,2e-06,0.0027410585197813,4e-06,0.0031289988046627,117612721,3783.647
chr7,117645330,117646289,genic|chr7:117645330-117646289,genic,FAM3C,121396368,False,9e-06,0.0027386658110781,1.7e-05,0.0031302537901611,117645809,3750.559
chr7,117666028,117666752,genic|chr7:117666028-117666752,genic,FAM3C,121396368,False,1.6e-05,0.0030950369644674,2.6e-05,0.0036120070273065,117666390,3729.978
chr7,117669791,117670291,intergenic|chr7:117669791-117670291,intergenic,FAM3C,121396368,False,3e-05,0.003599895684779,4e-06,0.0038784161150459,117670041,3726.327
chr7,117673815,117674315,intergenic|chr7:117673815-117674315,intergenic,FAM3C,121396368,False,5.6e-05,0.0032916401397091,8e-06,0.0035753834724633,117674065,3722.303
chr7,117682722,117683222,intergenic|chr7:117682722-117683222,intergenic,FAM3C,121396368,False,3e-06,0.0027019798029753,0.000202,0.003536565050099,117682972,3713.396
chr7,117706180,117706680,intergenic|chr7:117706180-117706680,intergenic,FAM3C,121396368,False,3e-06,0.0026947018431835,6e-06,0.0030767553513255,117706430,3689.938
chr7,117715734,117716234,genic|chr7:117715734-117716234,genic,FAM3C,121396368,False,4e-06,0.002686879491397,8.8e-05,0.0032776273714791,117715984,3680.384
chr7,117731365,117731865,genic|chr7:117731365-117731865,genic,FAM3C,121396368,False,2e-06,0.0026777252781644,2e-06,0.0030554299273309,117731615,3664.753
chr7,117750543,117751043,genic|chr7:117750543-117751043,genic,FAM3C,121396368,False,5.7e-05,0.0028634610772336,5e-06,0.0030486304541823,117750793,3645.575
chr7,117781593,117782093,genic|chr7:117781593-117782093,genic,FAM3C,121396368,False,3e-06,0.0026636048399142,5e-06,0.0030406164478062,117781843,3614.525
chr7,117827809,117828309,genic|chr7:117827809-117828309,genic,FAM3C,121396368,False,9e-06,0.0026611354346877,7e-06,0.0030352167600311,117828059,3568.309
chr7,117837795,117838295,genic|chr7:117837795-117838295,genic,FAM3C,121396368,False,2e-06,0.0026487793641628,4e-06,0.003023699036993,117838045,3558.323
chr7,117851556,117852056,genic|chr7:117851556-117852056,genic,FAM3C,121396368,False,3e-06,0.0026410344168985,3e-06,0.0030135793008899,117851806,3544.562
chr7,117872126,117873218,promoter|chr7:117872126-117873218,promoter,FAM3C,121396368,False,2.5e-05,0.0121221974572007,3.6e-05,0.0138541535641692,117872672,3523.696
chr7,117873257,117874123,promoter|chr7:117873257-117874123,promoter,FAM3C,121396368,False,2.4e-05,0.0121416497986388,3.4e-05,0.0138722182197443,117873690,3522.678
chr7,117875493,117875993,intergenic|chr7:117875493-117875993,intergenic,FAM3C,121396368,False,5e-06,0.00370926134233,8e-06,0.0042304033875281,117875743,3520.625
chr7,117895200,117895700,intergenic|chr7:117895200-117895700,intergenic,FAM3C,121396368,False,3e-06,0.0028814170742291,3e-06,0.0032877586097258,117895450,3500.918
chr7,117901014,117901514,intergenic|chr7:117901014-117901514,intergenic,FAM3C,121396368,False,3e-06,0.0028715761521941,7e-06,0.0032793211636063,117901264,3495.104
chr7,117941064,117941564,intergenic|chr7:117941064-117941564,intergenic,FAM3C,121396368,False,3e-06,0.0028644730731244,6e-06,0.0032705177288022,117941314,3455.054
chr7,117949200,117950104,intergenic|chr7:117949200-117950104,intergenic,FAM3C,121396368,False,4e-06,0.0034620123226526,1.2e-05,0.003967219689643,117949652,3446.716
chr7,117951220,117952220,intergenic|chr7:117951220-117952220,intergenic,FAM3C,121396368,False,0.00018,0.0036335064249968,0.000233,0.0042679979676839,117951720,3444.648
chr7,117993354,117993854,intergenic|chr7:117993354-117993854,intergenic,FAM3C,121396368,False,1e-05,0.003353632132,1.7e-05,0.003963063601185,117993604,3402.764
chr7,117998104,117998853,intergenic|chr7:117998104-117998853,intergenic,FAM3C,121396368,False,6e-06,0.0034492341327536,2e-05,0.0039562869171867,117998478,3397.89
chr7,117999037,117999537,intergenic|chr7:117999037-117999537,intergenic,FAM3C,121396368,False,3e-06,0.0033243434160138,4e-06,0.0039234753319063,117999287,3397.081
chr7,118080935,118081435,intergenic|chr7:118080935-118081435,intergenic,FAM3C,121396368,False,0.000256,0.0031459284706126,0.000614,0.0039805632116902,118081185,3315.183
chr7,118096791,118097291,intergenic|chr7:118096791-118097291,intergenic,FAM3C,121396368,False,3e-06,0.0028036551630838,4e-06,0.0031997459269011,118097041,3299.327
chr7,118104525,118105287,intergenic|chr7:118104525-118105287,intergenic,FAM3C,121396368,False,5e-06,0.0027947723250147,8e-06,0.0031909679747665,118104906,3291.462
chr7,118153502,118154002,intergenic|chr7:118153502-118154002,intergenic,FAM3C,121396368,False,3e-06,0.0032315080357416,5e-06,0.003688604433946,118153752,3242.616
chr7,118158727,118159227,intergenic|chr7:118158727-118159227,intergenic,FAM3C,121396368,False,4e-06,0.00321245515854,0.000154,0.0041968180268041,118158977,3237.391
chr7,118169106,118169606,intergenic|chr7:118169106-118169606,intergenic,FAM3C,121396368,False,4e-06,0.0027670755997408,5e-06,0.0031580148274696,118169356,3227.012
chr7,118183781,118184296,promoter|chr7:118183781-118184296,promoter,FAM3C,121396368,False,0.002893,0.0186879812868916,0.000124,0.0113473724553711,118184038,3212.33
chr7,118195223,118195723,genic|chr7:118195223-118195723,genic,FAM3C,121396368,False,5e-06,0.0036609785031631,4e-06,0.0041759075336236,118195473,3200.895
chr7,118195810,118196310,genic|chr7:118195810-118196310,genic,FAM3C,121396368,False,9e-06,0.0035825374436645,1.3e-05,0.0040071422219898,118196060,3200.308
chr7,118201849,118202349,genic|chr7:118201849-118202349,genic,FAM3C,121396368,False,3e-06,0.0030361284708025,9e-06,0.0034686309639305,118202099,3194.269
chr7,118224407,118224907,promoter|chr7:118224407-118224907,promoter,FAM3C,121396368,False,4e-06,0.009719190050393,9.8e-05,0.012448942380741,118224657,3171.711
chr7,118232861,118233361,genic|chr7:118232861-118233361,genic,FAM3C,121396368,False,0.000128,0.004214864657682,1.4e-05,0.0045351106563292,118233111,3163.257
chr7,118234184,118234684,genic|chr7:118234184-118234684,genic,FAM3C,121396368,False,3.6e-05,0.0043758931063101,6e-06,0.0046905699210678,118234434,3161.934
chr7,118238994,118239494,genic|chr7:118238994-118239494,genic,FAM3C,121396368,False,3e-06,0.0038543096151667,4e-06,0.004489547406141,118239244,3157.124
chr7,118250827,118251327,intergenic|chr7:118250827-118251327,intergenic,FAM3C,121396368,False,2e-06,0.0033646929907866,6e-06,0.0038421878885446,118251077,3145.291
chr7,118259055,118259555,intergenic|chr7:118259055-118259555,intergenic,FAM3C,121396368,False,4e-06,0.0033529424260487,8.3e-05,0.004074899332229,118259305,3137.063
chr7,118311411,118311911,intergenic|chr7:118311411-118311911,intergenic,FAM3C,121396368,False,4e-06,0.0033442899292785,9e-06,0.0038197108173186,118311661,3084.707
chr7,118352801,118353301,intergenic|chr7:118352801-118353301,intergenic,FAM3C,121396368,False,8e-06,0.0033375160671093,0.00015,0.0041229459920838,118353051,3043.317
chr7,118363586,118364086,intergenic|chr7:118363586-118364086,intergenic,FAM3C,121396368,False,2e-05,0.0033328622004798,0.000345,0.0042703979714221,118363836,3032.532
chr7,118372588,118373088,intergenic|chr7:118372588-118373088,intergenic,FAM3C,121396368,False,3.4e-05,0.0035461658250636,3e-06,0.0037736797440879,118372838,3023.53
chr7,118444813,118445313,intergenic|chr7:118444813-118445313,intergenic,FAM3C,121396368,False,3e-06,0.0033008922836413,4e-06,0.0037669656329767,118445063,2951.305
chr7,118559092,118559592,intergenic|chr7:118559092-118559592,intergenic,FAM3C,121396368,False,4e-06,0.0032999311942974,4e-06,0.0037650693319864,118559342,2837.026
chr7,118590035,118590535,intergenic|chr7:118590035-118590535,intergenic,FAM3C,121396368,False,7e-05,0.0037315466935207,4.5e-05,0.0039777484249553,118590285,2806.083
chr7,118626881,118627381,intergenic|chr7:118626881-118627381,intergenic,FAM3C,121396368,False,4e-06,0.0032786061894573,3e-06,0.0037399550602349,118627131,2769.237
chr7,118731801,118732301,intergenic|chr7:118731801-118732301,intergenic,FAM3C,121396368,False,4e-06,0.0032763032171813,6e-06,0.0037397119565852,118732051,2664.317
chr7,118754944,118755444,intergenic|chr7:118754944-118755444,intergenic,FAM3C,121396368,False,4e-06,0.0032640972209937,9e-06,0.0037281606384655,118755194,2641.174
chr7,118761017,118761517,intergenic|chr7:118761017-118761517,intergenic,FAM3C,121396368,False,5e-06,0.003250714132543,4.7e-05,0.0039401464154287,118761267,2635.101
chr7,118768352,118768852,intergenic|chr7:118768352-118768852,intergenic,FAM3C,121396368,False,3e-06,0.0032351661621414,5e-05,0.0038985388051394,118768602,2627.766
chr7,118777260,118777760,intergenic|chr7:118777260-118777760,intergenic,FAM3C,121396368,False,2e-06,0.0032204204679518,3.4e-05,0.0038679414669695,118777510,2618.858
chr7,118861502,118862002,intergenic|chr7:118861502-118862002,intergenic,FAM3C,121396368,False,3e-06,0.0032163853144716,5e-06,0.0036713504845594,118861752,2534.616
chr7,118870167,118870667,intergenic|chr7:118870167-118870667,intergenic,FAM3C,121396368,False,5e-06,0.0037176986872851,9e-06,0.0044156783187466,118870417,2525.951
chr7,118872522,118873022,intergenic|chr7:118872522-118873022,intergenic,FAM3C,121396368,False,5e-06,0.0037012895536887,2.1e-05,0.0042696118374226,118872772,2523.596
chr7,118918510,118919010,intergenic|chr7:118918510-118919010,intergenic,FAM3C,121396368,False,6e-06,0.0035810278759379,0.000141,0.0044219640608317,118918760,2477.608
chr7,118920551,118921051,intergenic|chr7:118920551-118921051,intergenic,FAM3C,121396368,False,2e-06,0.0037030781996122,3.4e-05,0.0045258006600672,118920801,2475.567
chr7,118948970,118949470,intergenic|chr7:118948970-118949470,intergenic,FAM3C,121396368,False,5.4e-05,0.0033785651357473,7e-06,0.0035973614223804,118949220,2447.148
chr7,119090807,119091307,intergenic|chr7:119090807-119091307,intergenic,FAM3C,121396368,False,9.4e-05,0.003410990248374,0.00014,0.0038873247675195,119091057,2305.311
chr7,119167444,119167944,intergenic|chr7:119167444-119167944,intergenic,FAM3C,121396368,False,3e-06,0.0031477592707496,5e-06,0.0035930521190548,119167694,2228.674
chr7,119175945,119176445,intergenic|chr7:119175945-119176445,intergenic,FAM3C,121396368,False,1.7e-05,0.0031421960210884,2.9e-05,0.0035943168064574,119176195,2220.173
chr7,119197879,119198379,intergenic|chr7:119197879-119198379,intergenic,FAM3C,121396368,False,0.0001,0.0033552729598577,2.1e-05,0.0035734609156979,119198129,2198.239
chr7,119254484,119255190,intergenic|chr7:119254484-119255190,intergenic,FAM3C,121396368,False,1.5e-05,0.0031197557057598,2.4e-05,0.0035663916348788,119254837,2141.531
chr7,119269883,119270383,intergenic|chr7:119269883-119270383,intergenic,FAM3C,121396368,False,6e-06,0.0030996885259015,1.3e-05,0.0035419637089143,119270133,2126.235
chr7,119320250,119320750,intergenic|chr7:119320250-119320750,intergenic,FAM3C,121396368,False,7e-06,0.0030912785485612,1.1e-05,0.0035301082191567,119320500,2075.868
chr7,119345201,119345701,intergenic|chr7:119345201-119345701,intergenic,FAM3C,121396368,False,3e-06,0.0030758783050265,0.000147,0.0041018109401459,119345451,2050.917
chr7,119472339,119473093,intergenic|chr7:119472339-119473093,intergenic,FAM3C,121396368,False,1.1e-05,0.0030841807048424,2.4e-05,0.0035287370972206,119472716,1923.652
chr7,119482156,119482656,intergenic|chr7:119482156-119482656,intergenic,FAM3C,121396368,False,1e-05,0.0036600427509994,2.8e-05,0.0041369452760567,119482406,1913.962
chr7,119482692,119483192,intergenic|chr7:119482692-119483192,intergenic,FAM3C,121396368,False,9e-06,0.0036472167517464,1e-05,0.0042304649851929,119482942,1913.426
chr7,119484277,119484777,intergenic|chr7:119484277-119484777,intergenic,FAM3C,121396368,False,4e-06,0.0036665149511411,4e-06,0.0042268273536489,119484527,1911.841
chr7,119514355,119514855,intergenic|chr7:119514355-119514855,intergenic,FAM3C,121396368,False,5e-06,0.0030188789839575,9e-06,0.0034474671323077,119514605,1881.763
chr7,119545084,119545584,intergenic|chr7:119545084-119545584,intergenic,FAM3C,121396368,False,3.4e-05,0.0030252301710301,4.7e-05,0.0034612970106588,119545334,1851.034
chr7,119571998,119572498,intergenic|chr7:119571998-119572498,intergenic,FAM3C,121396368,False,7e-06,0.0029949119135361,8e-06,0.0034179298707961,119572248,1824.12
chr7,119596124,119596624,intergenic|chr7:119596124-119596624,intergenic,FAM3C,121396368,False,6.2e-05,0.0031999376911482,6e-06,0.0034010311019182,119596374,1799.994
chr7,119694479,119694979,genic|chr7:119694479-119694979,genic,FAM3C,121396368,False,4e-06,0.0029787116915539,9e-06,0.0034023397592392,119694729,1701.639
chr7,119703924,119704424,genic|chr7:119703924-119704424,genic,FAM3C,121396368,False,5e-06,0.0029631608276188,5.4e-05,0.0035913252843665,119704174,1692.194
chr7,119719351,119719851,genic|chr7:119719351-119719851,genic,FAM3C,121396368,False,5e-06,0.0035947863934639,1.1e-05,0.0041751787983683,119719601,1676.767
chr7,119720491,119720991,genic|chr7:119720491-119720991,genic,FAM3C,121396368,False,2.3e-05,0.0034487177253707,4.8e-05,0.0040444294355381,119720741,1675.627
chr7,119723878,119724378,genic|chr7:119723878-119724378,genic,FAM3C,121396368,False,5e-06,0.0035505173815259,1.5e-05,0.0041191893040886,119724128,1672.24
chr7,119730910,119731410,genic|chr7:119730910-119731410,genic,FAM3C,121396368,False,5e-06,0.0028951653330401,7e-06,0.003304843557943,119731160,1665.208
chr7,119907125,119907625,promoter|chr7:119907125-119907625,promoter,FAM3C,121396368,False,7e-06,0.0104822650668076,5e-05,0.0126495478385313,119907375,1488.993
chr7,119935369,119935869,intergenic|chr7:119935369-119935869,intergenic,FAM3C,121396368,False,9e-06,0.0033429063466824,2.5e-05,0.0038270482317709,119935619,1460.749
chr7,120055277,120055777,intergenic|chr7:120055277-120055777,intergenic,FAM3C,121396368,False,3.5e-05,0.003369330294026,0.000275,0.0042244771413505,120055527,1340.841
chr7,120089904,120090404,intergenic|chr7:120089904-120090404,intergenic,FAM3C,121396368,False,7e-06,0.0037741916682318,1e-05,0.0043643515381109,120090154,1306.214
chr7,120091651,120092151,intergenic|chr7:120091651-120092151,intergenic,FAM3C,121396368,False,5e-06,0.0038006128942846,1e-05,0.0043406212123102,120091901,1304.467
chr7,120170773,120171273,intergenic|chr7:120170773-120171273,intergenic,FAM3C,121396368,False,5.8e-05,0.0041586207477243,0.00011,0.0047691402114831,120171023,1225.345
chr7,120171307,120171807,intergenic|chr7:120171307-120171807,intergenic,FAM3C,121396368,False,9.4e-05,0.0040852948519196,0.000127,0.0047277129496666,120171557,1224.811
chr7,120272106,120272606,intergenic|chr7:120272106-120272606,intergenic,FAM3C,121396368,False,0.000113,0.004014267024472,1.6e-05,0.0042349179761524,120272356,1124.012
chr7,120273417,120273917,promoter|chr7:120273417-120273917,promoter,FAM3C,121396368,False,2.8e-05,0.0135708757485251,7e-06,0.014242496712442,120273667,1122.701
chr7,120337211,120337938,genic|chr7:120337211-120337938,genic,FAM3C,121396368,False,0.000223,0.004468936574071,3.7e-05,0.0044443855990259,120337574,1058.794
chr7,120370922,120371422,genic|chr7:120370922-120371422,genic,FAM3C,121396368,False,1.1e-05,0.0038600635272635,0.000108,0.0048428349827078,120371172,1025.196
chr7,120382999,120383499,genic|chr7:120382999-120383499,genic,FAM3C,121396368,False,6e-06,0.0038330233701918,0.000103,0.004800745520153,120383249,1013.119
chr7,120402118,120402883,genic|chr7:120402118-120402883,genic,FAM3C,121396368,False,0.000147,0.0048546908321507,0.000182,0.0055621238558745,120402500,993.868
chr7,120403951,120404451,genic|chr7:120403951-120404451,genic,FAM3C,121396368,False,9e-05,0.0048523764790909,0.00013,0.0055325489493207,120404201,992.167
chr7,120478997,120479497,genic|chr7:120478997-120479497,genic,FAM3C,121396368,False,1e-05,0.0037922628141255,6.7e-05,0.0047244762442773,120479247,917.121
chr7,120486103,120486603,genic|chr7:120486103-120486603,genic,FAM3C,121396368,False,3.1e-05,0.0039644002163355,2.4e-05,0.0043097996396279,120486353,910.015
chr7,120554903,120555403,genic|chr7:120554903-120555403,genic,FAM3C,121396368,False,5.6e-05,0.0039667858640122,0.000207,0.0047871355139967,120555153,841.215
chr7,120583755,120584255,genic|chr7:120583755-120584255,genic,FAM3C,121396368,False,4.9e-05,0.0037854591891545,0.000736,0.0055227330797936,120584005,812.363
chr7,120725354,120725854,genic|chr7:120725354-120725854,genic,FAM3C,121396368,False,0.000121,0.0040587412491383,0.000404,0.0051883105161672,120725604,670.764
chr7,120733086,120733586,genic|chr7:120733086-120733586,genic,FAM3C,121396368,False,0.000134,0.0040670894963059,5.3e-05,0.0043511742649054,120733336,663.032
chr7,120740334,120740834,genic|chr7:120740334-120740834,genic,FAM3C,121396368,False,2.8e-05,0.0037672156090825,0.000203,0.0047886207877791,120740584,655.784
chr7,120791949,120792449,genic|chr7:120791949-120792449,genic,FAM3C,121396368,False,0.000257,0.0049784440195109,8.5e-05,0.0050882410277287,120792199,604.169
chr7,120794073,120794573,genic|chr7:120794073-120794573,genic,FAM3C,121396368,False,9.3e-05,0.0049575827145629,3.8e-05,0.0051529948612983,120794323,602.045
chr7,120805834,120806334,genic|chr7:120805834-120806334,genic,FAM3C,121396368,False,0.000164,0.0039930026207671,0.000749,0.0057020058015593,120806084,590.284
chr7,120856590,120857410,genic|chr7:120856590-120857410,genic,FAM3C,121396368,False,0.000126,0.0048427982839624,0.000886,0.0071036784092387,120857000,539.368
chr7,120857473,120858373,promoter|chr7:120857473-120858373,promoter,FAM3C,121396368,False,0.000279,0.0152842011425002,0.002093,0.0268477916274503,120857923,538.445
chr7,120941024,120941524,intergenic|chr7:120941024-120941524,intergenic,FAM3C,121396368,False,8.9e-05,0.0048291472005764,0.00021,0.0058659505126814,120941274,455.094
chr7,120950412,120951393,promoter|chr7:120950412-120951393,promoter,FAM3C,121396368,False,0.006554,0.0394039715188858,0.006388,0.0417013382040996,120950902,445.466
chr7,120987554,120988054,intergenic|chr7:120987554-120988054,intergenic,FAM3C,121396368,False,0.000649,0.0095565505562191,0.000651,0.0099656655479496,120987804,408.564
chr7,120988192,120988946,promoter|chr7:120988192-120988946,promoter,FAM3C,121396368,False,0.000695,0.0196653876489294,0.000552,0.0200989491159779,120988569,407.799
chr7,120996263,120996763,genic|chr7:120996263-120996763,genic,FAM3C,121396368,False,0.000229,0.0105935211798902,0.000124,0.0101060342408125,120996513,399.855
chr7,121076266,121076766,genic|chr7:121076266-121076766,genic,FAM3C,121396368,False,7.4e-05,0.0103800262037742,0.000264,0.0127534706409344,121076516,319.852
chr7,121081290,121081790,genic|chr7:121081290-121081790,genic,FAM3C,121396368,False,0.00055,0.0139666015653058,0.000258,0.0132322441475447,121081540,314.828
chr7,121083022,121083959,genic|chr7:121083022-121083959,genic,FAM3C,121396368,False,0.000712,0.0141093015486962,0.00044,0.0133469937195179,121083490,312.878
chr7,121084719,121085444,genic|chr7:121084719-121085444,genic,FAM3C,121396368,False,0.001392,0.0173109551893968,0.000229,0.0123785438452694,121085081,311.287
chr7,121099500,121100000,genic|chr7:121099500-121100000,genic,FAM3C,121396368,False,0.000114,0.01105834128405,0.00016,0.0122617576337316,121099750,296.618
chr7,121102564,121103064,genic|chr7:121102564-121103064,genic,FAM3C,121396368,False,0.000149,0.0103914870524348,0.000175,0.0115607796597075,121102814,293.554
chr7,121107854,121108354,genic|chr7:121107854-121108354,genic,FAM3C,121396368,False,0.000484,0.0104688069298504,0.000275,0.0103837242341729,121108104,288.264
chr7,121113311,121113811,genic|chr7:121113311-121113811,genic,FAM3C,121396368,False,0.000222,0.0090867636195565,0.000287,0.0108824535176588,121113561,282.807
chr7,121126738,121127238,genic|chr7:121126738-121127238,genic,FAM3C,121396368,False,0.007002,0.0521672210735746,0.002218,0.0195807809286321,121126988,269.38
chr7,121128046,121128546,genic|chr7:121128046-121128546,genic,FAM3C,121396368,False,0.002748,0.0296114829538457,0.000569,0.0150424027076298,121128296,268.072
chr7,121138241,121138741,genic|chr7:121138241-121138741,genic,FAM3C,121396368,False,0.000426,0.0128749507506388,0.000323,0.012270530163695,121138491,257.877
chr7,121140293,121141242,genic|chr7:121140293-121141242,genic,FAM3C,121396368,False,0.000387,0.0113110919675436,0.000276,0.0123429323837349,121140767,255.601
chr7,121153413,121153913,genic|chr7:121153413-121153913,genic,FAM3C,121396368,False,0.000166,0.0096173066026352,0.000157,0.0097478176166018,121153663,242.705
chr7,121159978,121160478,genic|chr7:121159978-121160478,genic,FAM3C,121396368,False,0.000333,0.0139474509523865,0.00023,0.012341918267183,121160228,236.14
chr7,121163643,121164389,genic|chr7:121163643-121164389,genic,FAM3C,121396368,False,0.000804,0.0146543296454326,0.000509,0.0125431931023782,121164016,232.352
chr7,121202817,121203317,genic|chr7:121202817-121203317,genic,FAM3C,121396368,False,0.000255,0.0087253070069369,0.000256,0.0095596458828408,121203067,193.301
chr7,121231788,121232288,genic|chr7:121231788-121232288,genic,FAM3C,121396368,False,0.00018,0.0092041118957411,0.000193,0.0100218312447322,121232038,164.33
chr7,121249340,121249840,genic|chr7:121249340-121249840,genic,FAM3C,121396368,False,0.000145,0.0093410695115346,0.00018,0.0098837795570697,121249590,146.778
chr7,121259776,121260276,genic|chr7:121259776-121260276,genic,FAM3C,121396368,False,0.000267,0.0090901659719879,0.000295,0.0100047608692698,121260026,136.342
chr7,121271561,121272434,genic|chr7:121271561-121272434,genic,FAM3C,121396368,False,0.000966,0.01414981771916,0.000578,0.0125178979327858,121271997,124.371
chr7,121275003,121275503,genic|chr7:121275003-121275503,genic,FAM3C,121396368,False,0.000559,0.012781290968794,0.000673,0.0157167380921177,121275253,121.115
chr7,121278254,121279428,genic|chr7:121278254-121279428,genic,FAM3C,121396368,False,0.005419,0.0270769628292838,0.011929,0.065831963723299,121278841,117.527
chr7,121282127,121283009,genic|chr7:121282127-121283009,genic,FAM3C,121396368,False,0.004499,0.0288774656791307,0.00399,0.0272256044188811,121282568,113.8
chr7,121287235,121287735,genic|chr7:121287235-121287735,genic,FAM3C,121396368,False,0.002096,0.0170359076305268,0.004176,0.0289925253711435,121287485,108.883
chr7,121288877,121289377,genic|chr7:121288877-121289377,genic,FAM3C,121396368,False,0.00312,0.0191429901532402,0.006828,0.0390819749385652,121289127,107.241
chr7,121298661,121299161,intergenic|chr7:121298661-121299161,intergenic,FAM3C,121396368,False,0.021981,0.1638052318437948,0.030353,0.2561239618201973,121298911,97.457
chr7,121301793,121302626,intergenic|chr7:121301793-121302626,intergenic,FAM3C,121396368,False,0.040435,0.3266574226800608,0.030199,0.2092148641172595,121302209,94.159
chr7,121313414,121314688,intergenic|chr7:121313414-121314688,intergenic,FAM3C,121396368,False,0.017065,0.0784825317927172,0.021435,0.1056844526993613,121314051,82.317
chr7,121325116,121325616,promoter|chr7:121325116-121325616,promoter,FAM3C,121396368,False,0.00169,0.0463834154315743,0.001588,0.0413796031865094,121325366,71.002
chr7,121325749,121326249,promoter|chr7:121325749-121326249,promoter,FAM3C,121396368,False,0.002518,0.0532911893929339,0.002706,0.0498909229847629,121325999,70.369
chr7,121328672,121329869,genic|chr7:121328672-121329869,genic,FAM3C,121396368,False,0.022795,0.2656872091287919,0.013287,0.1371680866007457,121329270,67.098
chr7,121329973,121330865,genic|chr7:121329973-121330865,genic,FAM3C,121396368,False,0.009448,0.1026554716002328,0.00714,0.0789417863578949,121330419,65.949
chr7,121336505,121337005,genic|chr7:121336505-121337005,genic,FAM3C,121396368,False,0.001657,0.0290403190218471,0.00127,0.0298743728757541,121336755,59.613
chr7,121337383,121337883,genic|chr7:121337383-121337883,genic,FAM3C,121396368,False,0.001084,0.0266928577464814,0.001282,0.030676945953369,121337633,58.735
chr7,121339070,121339570,genic|chr7:121339070-121339570,genic,FAM3C,121396368,False,0.001027,0.0262946484677398,0.000666,0.0273752688477861,121339320,57.048
chr7,121341950,121342848,intergenic|chr7:121341950-121342848,intergenic,FAM3C,121396368,False,0.003954,0.0434499230062017,0.003281,0.0390563427060745,121342399,53.969
chr7,121343253,121344249,intergenic|chr7:121343253-121344249,intergenic,FAM3C,121396368,False,0.003218,0.038000341909149,0.003136,0.0372974478616439,121343751,52.617
chr7,121344445,121345769,intergenic|chr7:121344445-121345769,intergenic,FAM3C,121396368,False,0.004538,0.0469227786074692,0.00451,0.0479796603638674,121345107,51.261
chr7,121346098,121346977,intergenic|chr7:121346098-121346977,intergenic,FAM3C,121396368,False,0.003003,0.0366164038452716,0.002433,0.0343782992714224,121346537,49.831
chr7,121351623,121352123,genic|chr7:121351623-121352123,genic,FAM3C,121396368,False,0.001285,0.0248449969614418,0.001682,0.0306162566751389,121351873,44.495
chr7,121352223,121352723,genic|chr7:121352223-121352723,genic,FAM3C,121396368,False,0.000939,0.0221044330453077,0.001187,0.0268160590289394,121352473,43.895
chr7,121353506,121354006,genic|chr7:121353506-121354006,genic,FAM3C,121396368,False,0.000587,0.0201288221054972,0.001112,0.0256700868043723,121353756,42.612
chr7,121356979,121357479,genic|chr7:121356979-121357479,genic,FAM3C,121396368,False,0.00069,0.0208950577766561,0.001032,0.0228317013889158,121357229,39.139
chr7,121366766,121367696,genic|chr7:121366766-121367696,genic,FAM3C,121396368,False,0.007127,0.0653458562863652,0.005672,0.0547374281307021,121367231,29.137
chr7,121367933,121368433,genic|chr7:121367933-121368433,genic,FAM3C,121396368,False,0.002657,0.034814681162554,0.00273,0.0353807233642143,121368183,28.185
chr7,121368552,121369052,genic|chr7:121368552-121369052,genic,FAM3C,121396368,False,0.002824,0.0341133893079027,0.001391,0.0269576068314441,121368802,27.566
chr7,121369356,121369856,genic|chr7:121369356-121369856,genic,FAM3C,121396368,False,0.003155,0.0341215759770431,0.001645,0.0268072873974855,121369606,26.762
chr7,121373144,121373644,genic|chr7:121373144-121373644,genic,FAM3C,121396368,False,0.00363,0.0349953725411884,0.00336,0.0346159786813958,121373394,22.974
chr7,121379352,121379852,genic|chr7:121379352-121379852,genic,FAM3C,121396368,False,0.001719,0.023267234188234,0.00174,0.0269158668638885,121379602,16.766
chr7,121380725,121381225,genic|chr7:121380725-121381225,genic,FAM3C,121396368,False,0.003549,0.0374558401242201,0.003633,0.0367916119187324,121380975,15.393
chr7,121381392,121382164,genic|chr7:121381392-121382164,genic,FAM3C,121396368,False,0.007388,0.0559473366963851,0.006173,0.0471685108968913,121381778,14.59
chr7,121385790,121386290,genic|chr7:121385790-121386290,genic,FAM3C,121396368,False,0.006082,0.0485078863329589,0.006937,0.0577130064787688,121386040,10.328
chr7,121388134,121388634,genic|chr7:121388134-121388634,genic,FAM3C,121396368,False,0.005957,0.0408542685346674,0.00963,0.0669659571999967,121388384,7.984
chr7,121388881,121389381,genic|chr7:121388881-121389381,genic,FAM3C,121396368,False,0.006912,0.0338444152973238,0.009959,0.0515063883736985,121389131,7.237
chr7,121395345,121395985,promoter|chr7:121395345-121395985,promoter,FAM3C,121396368,True,1.0,0.99963649482576,1.0,0.9996618172129856,121395665,0.703
chr7,121396118,121396750,promoter|chr7:121396118-121396750,promoter,FAM3C,121396368,True,1.0,0.9997061747094852,1.0,0.9997262756894912,121396434,0.066
chr7,121397307,121397807,intergenic|chr7:121397307-121397807,intergenic,FAM3C,121396368,False,0.101397,0.8030186646627595,0.110149,0.837529894712425,121397557,1.189
chr7,121398275,121398775,intergenic|chr7:121398275-121398775,intergenic,FAM3C,121396368,False,0.083704,0.7907012578846827,0.100874,0.8532656011226107,121398525,2.157
chr7,121407494,121407994,intergenic|chr7:121407494-121407994,intergenic,FAM3C,121396368,False,0.00327,0.0246489966253089,0.001895,0.0208037060421848,121407744,11.376
chr7,121420938,121421438,intergenic|chr7:121420938-121421438,intergenic,FAM3C,121396368,False,0.00266,0.0185426857052381,0.002109,0.01783006653307,121421188,24.82
chr7,121437915,121438994,intergenic|chr7:121437915-121438994,intergenic,FAM3C,121396368,False,0.006834,0.041289151669842,0.006301,0.0368387679794092,121438454,42.086
chr7,121442831,121443331,intergenic|chr7:121442831-121443331,intergenic,FAM3C,121396368,False,0.004193,0.0307952532555013,0.0024,0.0214796277306123,121443081,46.713
chr7,121446495,121446995,intergenic|chr7:121446495-121446995,intergenic,FAM3C,121396368,False,0.001138,0.0182026763800287,0.000663,0.0151124131976384,121446745,50.377
chr7,121449266,121449766,intergenic|chr7:121449266-121449766,intergenic,FAM3C,121396368,False,0.00143,0.0192990894251744,0.001179,0.0166634904323243,121449516,53.148
chr7,121472892,121474496,intergenic|chr7:121472892-121474496,intergenic,FAM3C,121396368,False,0.004037,0.0241075808670225,0.002061,0.0166528777314971,121473694,77.326
chr7,121488256,121488756,intergenic|chr7:121488256-121488756,intergenic,FAM3C,121396368,False,0.000656,0.0149169199371873,0.000534,0.0140059665604412,121488506,92.138
chr7,121493486,121493986,intergenic|chr7:121493486-121493986,intergenic,FAM3C,121396368,False,0.000654,0.016036019285989,0.000301,0.0145027489645326,121493736,97.368
chr7,121504482,121504982,intergenic|chr7:121504482-121504982,intergenic,FAM3C,121396368,False,0.003184,0.0280674082292845,0.001265,0.0180412437556095,121504732,108.364
chr7,121505100,121506164,intergenic|chr7:121505100-121506164,intergenic,FAM3C,121396368,False,0.00188,0.0226335241272991,0.001538,0.0201649830483015,121505632,109.264
chr7,121510240,121510740,intergenic|chr7:121510240-121510740,intergenic,FAM3C,121396368,False,0.000725,0.0178684498192954,0.000357,0.016320769814075,121510490,114.122
chr7,121510811,121511311,intergenic|chr7:121510811-121511311,intergenic,FAM3C,121396368,False,0.000698,0.0184959153742599,0.000427,0.0171861773437845,121511061,114.693
chr7,121514434,121514934,intergenic|chr7:121514434-121514934,intergenic,FAM3C,121396368,False,0.000581,0.0183135552923894,0.000447,0.0173730948021023,121514684,118.316
chr7,121515087,121515587,intergenic|chr7:121515087-121515587,intergenic,FAM3C,121396368,False,0.000878,0.0204811460920914,0.000564,0.0180057464404676,121515337,118.969
chr7,121515999,121516499,intergenic|chr7:121515999-121516499,intergenic,FAM3C,121396368,False,0.000683,0.0200894465675821,0.000357,0.0176910921228544,121516249,119.881
chr7,121530298,121530798,intergenic|chr7:121530298-121530798,intergenic,FAM3C,121396368,False,0.070593,0.7162150018892968,0.032681,0.3222346122477758,121530548,134.18
chr7,121531421,121531921,intergenic|chr7:121531421-121531921,intergenic,FAM3C,121396368,False,0.022325,0.2781816238953444,0.00904,0.0838437403387047,121531671,135.303
chr7,121544728,121545228,intergenic|chr7:121544728-121545228,intergenic,FAM3C,121396368,False,0.083334,0.8119018464118734,0.012971,0.1013505996614897,121544978,148.61
chr7,121547438,121547938,intergenic|chr7:121547438-121547938,intergenic,FAM3C,121396368,False,0.025231,0.357563515674673,0.00631,0.0617281594314665,121547688,151.32
chr7,121552447,121552947,intergenic|chr7:121552447-121552947,intergenic,FAM3C,121396368,False,0.001526,0.0309400080811994,0.000739,0.0226004459954885,121552697,156.329
chr7,121557441,121557941,intergenic|chr7:121557441-121557941,intergenic,FAM3C,121396368,False,0.002848,0.0325366782996488,0.00188,0.0265615706015812,121557691,161.323
chr7,121558270,121558770,intergenic|chr7:121558270-121558770,intergenic,FAM3C,121396368,False,0.00161,0.0272931991352298,0.001041,0.0235278649078629,121558520,162.152
chr7,121563157,121563657,intergenic|chr7:121563157-121563657,intergenic,FAM3C,121396368,False,0.00087,0.0234451027469703,0.000204,0.018009457557354,121563407,167.039
chr7,121599625,121600125,intergenic|chr7:121599625-121600125,intergenic,FAM3C,121396368,False,0.000205,0.0179882695525636,0.00019,0.0183642959567884,121599875,203.507
chr7,121604712,121605695,intergenic|chr7:121604712-121605695,intergenic,FAM3C,121396368,False,0.00049,0.0161827492185298,0.000425,0.0163741929115516,121605203,208.835
chr7,121668911,121669411,intergenic|chr7:121668911-121669411,intergenic,FAM3C,121396368,False,0.000141,0.013344057071169,0.000104,0.0148546434311896,121669161,272.793
chr7,121705097,121705597,intergenic|chr7:121705097-121705597,intergenic,FAM3C,121396368,False,5.9e-05,0.012551534320375,6.2e-05,0.0137326387001371,121705347,308.979
chr7,121714492,121714992,intergenic|chr7:121714492-121714992,intergenic,FAM3C,121396368,False,0.000601,0.0169268902982942,0.000123,0.0140793334678696,121714742,318.374
chr7,121752647,121753147,intergenic|chr7:121752647-121753147,intergenic,FAM3C,121396368,False,8.4e-05,0.0151888026761003,0.000107,0.0170132978981059,121752897,356.529
chr7,121755801,121756301,intergenic|chr7:121755801-121756301,intergenic,FAM3C,121396368,False,9.6e-05,0.0154476538715848,9.8e-05,0.0173199074323357,121756051,359.683
chr7,121807074,121807574,intergenic|chr7:121807074-121807574,intergenic,FAM3C,121396368,False,0.000174,0.0145375759992793,4.4e-05,0.0140250533460795,121807324,410.956
chr7,121872854,121873354,promoter|chr7:121872854-121873354,promoter,FAM3C,121396368,False,8.3e-05,0.0132696267023506,1.9e-05,0.0135746215973905,121873104,476.736
chr7,121891668,121892168,genic|chr7:121891668-121892168,genic,FAM3C,121396368,False,1.4e-05,0.0066273858598624,0.000137,0.0083514129666994,121891918,495.55
chr7,121960705,121961501,genic|chr7:121960705-121961501,genic,FAM3C,121396368,False,0.002184,0.011779276048035,0.001194,0.0099148547618653,121961103,564.735
chr7,121985434,121985934,genic|chr7:121985434-121985934,genic,FAM3C,121396368,False,0.000263,0.007972565889386,4.5e-05,0.0076623485381931,121985684,589.316
chr7,121994483,121995408,genic|chr7:121994483-121995408,genic,FAM3C,121396368,False,0.005175,0.0238115686416052,0.000577,0.0089820056869563,121994945,598.577
chr7,122002094,122002594,genic|chr7:122002094-122002594,genic,FAM3C,121396368,False,0.000533,0.0107596170910546,0.000436,0.0112612919280404,122002344,605.976
chr7,122006706,122007206,genic|chr7:122006706-122007206,genic,FAM3C,121396368,False,0.000199,0.0100030085008871,0.000243,0.0105752529970493,122006956,610.588
chr7,122014640,122015340,genic|chr7:122014640-122015340,genic,FAM3C,121396368,False,6.7e-05,0.0074228094507649,6e-05,0.0083690688969345,122014990,618.622
chr7,122092872,122093372,genic|chr7:122092872-122093372,genic,FAM3C,121396368,False,2.4e-05,0.006991426467457,0.000234,0.0086549814157358,122093122,696.754
chr7,122132293,122132793,genic|chr7:122132293-122132793,genic,FAM3C,121396368,False,0.000134,0.0090533919119622,0.000533,0.0118336395753197,122132543,736.175
chr7,122136886,122137386,genic|chr7:122136886-122137386,genic,FAM3C,121396368,False,4.3e-05,0.0085147704632605,0.000266,0.0109824192709375,122137136,740.768
chr7,122144040,122144593,promoter|chr7:122144040-122144593,promoter,FAM3C,121396368,False,0.000127,0.0115637935959894,0.000655,0.0152951528906286,122144316,747.948
chr7,122217018,122217518,intergenic|chr7:122217018-122217518,intergenic,FAM3C,121396368,False,8e-06,0.0058007299778147,4.1e-05,0.0070229272548334,122217268,820.9
chr7,122219204,122219704,intergenic|chr7:122219204-122219704,intergenic,FAM3C,121396368,False,1.9e-05,0.0056903953531654,0.000136,0.0069209011462688,122219454,823.086
chr7,122230723,122231223,intergenic|chr7:122230723-122231223,intergenic,FAM3C,121396368,False,1.7e-05,0.005072557060556,0.00012,0.0063132067085396,122230973,834.605
chr7,122238049,122238755,intergenic|chr7:122238049-122238755,intergenic,FAM3C,121396368,False,0.000112,0.005225015884128,0.000837,0.0073189845859954,122238402,842.034
chr7,122248448,122248948,intergenic|chr7:122248448-122248948,intergenic,FAM3C,121396368,False,1.2e-05,0.0051619803679778,3.6e-05,0.0061534578023942,122248698,852.33
chr7,122304261,122306216,promoter|chr7:122304261-122306216,promoter,FAM3C,121396368,False,0.001368,0.0159021916169458,0.000284,0.0133255479059732,122305238,908.87
chr7,122415516,122416016,genic|chr7:122415516-122416016,genic,FAM3C,121396368,False,6e-06,0.00325870070939,3.7e-05,0.0038904107408722,122415766,1019.398
chr7,122499367,122499867,genic|chr7:122499367-122499867,genic,FAM3C,121396368,False,6e-06,0.003263677192362,1.9e-05,0.0037340145940952,122499617,1103.249
chr7,122528812,122529312,genic|chr7:122528812-122529312,genic,FAM3C,121396368,False,2e-05,0.0037775047262874,2.9e-05,0.0043178944921899,122529062,1132.694
chr7,122532611,122533111,genic|chr7:122532611-122533111,genic,FAM3C,121396368,False,4.1e-05,0.0041558899085616,1.2e-05,0.0044921685664028,122532861,1136.493
chr7,122550493,122550993,genic|chr7:122550493-122550993,genic,FAM3C,121396368,False,5e-06,0.0033418378573031,1.2e-05,0.0038185320386147,122550743,1154.375
chr7,122666430,122666930,genic|chr7:122666430-122666930,genic,FAM3C,121396368,False,8e-06,0.0033412650341958,6.2e-05,0.0040424407498331,122666680,1270.312
chr7,122679054,122679554,genic|chr7:122679054-122679554,genic,FAM3C,121396368,False,0.000141,0.0036626237540161,0.000119,0.0041206186816727,122679304,1282.936
chr7,122689292,122689792,genic|chr7:122689292-122689792,genic,FAM3C,121396368,False,9e-06,0.0033961203517785,7e-05,0.0040941834833362,122689542,1293.174
chr7,122698904,122699404,promoter|chr7:122698904-122699404,promoter,FAM3C,121396368,False,9.2e-05,0.0133463101158758,2.1e-05,0.0143987164075634,122699154,1302.786
chr7,122702717,122703217,promoter|chr7:122702717-122703217,promoter,FAM3C,121396368,False,1.2e-05,0.0125163023006413,0.000141,0.0153195715175954,122702967,1306.599
chr7,122764822,122765322,genic|chr7:122764822-122765322,genic,FAM3C,121396368,False,5e-06,0.0025292545058116,6e-05,0.00303772687218,122765072,1368.704
chr7,122803320,122803820,genic|chr7:122803320-122803820,genic,FAM3C,121396368,False,1.6e-05,0.002924048772987,0.000104,0.003593814829827,122803570,1407.202
chr7,122805414,122805914,genic|chr7:122805414-122805914,genic,FAM3C,121396368,False,6e-06,0.0030439627262377,1.4e-05,0.0034500433355907,122805664,1409.296
chr7,122828342,122828842,genic|chr7:122828342-122828842,genic,FAM3C,121396368,False,6e-06,0.0025826007690915,1.5e-05,0.0029525684205008,122828592,1432.224
chr7,122843649,122844149,genic|chr7:122843649-122844149,genic,FAM3C,121396368,False,4e-06,0.0025998422432352,7.5e-05,0.003145346767323,122843899,1447.531
chr7,122869253,122869753,genic|chr7:122869253-122869753,genic,FAM3C,121396368,False,5e-06,0.0026165773040983,7e-06,0.0029869522281333,122869503,1473.135
chr7,122885522,122886022,genic|chr7:122885522-122886022,genic,FAM3C,121396368,False,0.000377,0.004035553903672,0.000689,0.0049702525589613,122885772,1489.404
chr7,122886309,122887009,promoter|chr7:122886309-122887009,promoter,FAM3C,121396368,False,0.001341,0.0187145498262772,0.001828,0.0237445089851986,122886659,1490.291
chr7,122887191,122887691,promoter|chr7:122887191-122887691,promoter,FAM3C,121396368,False,0.000484,0.0162921435060245,0.000832,0.0201400754767511,122887441,1491.073
chr7,122902647,122903147,intergenic|chr7:122902647-122903147,intergenic,FAM3C,121396368,False,9.7e-05,0.0025321001109831,0.000135,0.0028836585952365,122902897,1506.529
chr7,122909436,122909936,intergenic|chr7:122909436-122909936,intergenic,FAM3C,121396368,False,4e-06,0.0023736513505434,6e-06,0.0027097337903639,122909686,1513.318
chr7,122950920,122951864,intergenic|chr7:122950920-122951864,intergenic,FAM3C,121396368,False,2.4e-05,0.0023951616047213,0.00026,0.0030032404973425,122951392,1555.024
chr7,122975334,122975834,intergenic|chr7:122975334-122975834,intergenic,FAM3C,121396368,False,2.2e-05,0.002408326143743,3.9e-05,0.0027580627307542,122975584,1579.216
chr7,122995450,122995950,promoter|chr7:122995450-122995950,promoter,FAM3C,121396368,False,8e-06,0.0104085901257924,9e-06,0.0118662937287978,122995700,1599.332
chr7,123010777,123011277,intergenic|chr7:123010777-123011277,intergenic,FAM3C,121396368,False,4e-06,0.0021731752289045,4.4e-05,0.0026019123753323,123011027,1614.659
chr7,123023086,123023586,intergenic|chr7:123023086-123023586,intergenic,FAM3C,121396368,False,5.6e-05,0.0027432167489042,0.000195,0.0035971342285577,123023336,1626.968
chr7,123025284,123025784,intergenic|chr7:123025284-123025784,intergenic,FAM3C,121396368,False,1e-05,0.0025506397469588,1.7e-05,0.0028927374445841,123025534,1629.166
chr7,123036705,123037205,intergenic|chr7:123036705-123037205,intergenic,FAM3C,121396368,False,4e-06,0.0022165409492919,9e-06,0.0025320494776214,123036955,1640.587
chr7,123041966,123042466,intergenic|chr7:123041966-123042466,intergenic,FAM3C,121396368,False,4e-06,0.0022311847854532,5e-06,0.0025466053880264,123042216,1645.848
chr7,123054677,123055177,intergenic|chr7:123054677-123055177,intergenic,FAM3C,121396368,False,6e-06,0.0022457284629077,9e-06,0.0025642899260111,123054927,1658.559
chr7,123070655,123071372,intergenic|chr7:123070655-123071372,intergenic,FAM3C,121396368,False,1.4e-05,0.0025476190094715,2e-05,0.0029706311119364,123071013,1674.645
chr7,123074134,123074634,intergenic|chr7:123074134-123074634,intergenic,FAM3C,121396368,False,3e-06,0.002697626349297,8e-06,0.0030814027422956,123074384,1678.016
chr7,123131057,123131557,genic|chr7:123131057-123131557,genic,FAM3C,121396368,False,5e-06,0.0022801508395891,5.4e-05,0.0027513204294675,123131307,1734.939
chr7,123148761,123149261,genic|chr7:123148761-123149261,genic,FAM3C,121396368,False,8e-06,0.0022940481268739,7.9e-05,0.0027732139207547,123149011,1752.643
chr7,123154174,123154674,genic|chr7:123154174-123154674,genic,FAM3C,121396368,False,4e-05,0.0023238587795477,6.6e-05,0.0026664145808899,123154424,1758.056
chr7,123191206,123191706,genic|chr7:123191206-123191706,genic,FAM3C,121396368,False,3e-06,0.0023153179118095,0.000149,0.0029527377192017,123191456,1795.088
chr7,123199721,123200221,promoter|chr7:123199721-123200221,promoter,FAM3C,121396368,False,5e-06,0.0102766525530016,8e-06,0.011721036087536,123199971,1803.603
chr7,123208764,123209264,intergenic|chr7:123208764-123209264,intergenic,FAM3C,121396368,False,1.1e-05,0.0021244265174374,8e-06,0.0024227298451535,123209014,1812.646
chr7,123238533,123239033,intergenic|chr7:123238533-123239033,intergenic,FAM3C,121396368,False,3e-06,0.0025037788372218,7e-06,0.0028973193947815,123238783,1842.415
chr7,123241950,123242450,intergenic|chr7:123241950-123242450,intergenic,FAM3C,121396368,False,3e-06,0.0025223487333158,6e-06,0.002918197599296,123242200,1845.832
chr7,123242662,123243162,intergenic|chr7:123242662-123243162,intergenic,FAM3C,121396368,False,6e-06,0.0024999771504711,1.3e-05,0.0028945474921911,123242912,1846.544
chr7,123271202,123271702,intergenic|chr7:123271202-123271702,intergenic,FAM3C,121396368,False,5e-06,0.0021663593692553,0.000238,0.0028075987198609,123271452,1875.084
chr7,123284962,123285462,intergenic|chr7:123284962-123285462,intergenic,FAM3C,121396368,False,8e-06,0.0021788189870764,1.1e-05,0.0024879125450499,123285212,1888.844
chr7,123327509,123328009,intergenic|chr7:123327509-123328009,intergenic,FAM3C,121396368,False,7e-06,0.0021861737037275,8e-06,0.0024952468839246,123327759,1931.391
chr7,123343413,123343913,intergenic|chr7:123343413-123343913,intergenic,FAM3C,121396368,False,4e-06,0.0021955768736929,1.1e-05,0.0025091754570561,123343663,1947.295
chr7,123352056,123352556,intergenic|chr7:123352056-123352556,intergenic,FAM3C,121396368,False,5e-06,0.0026997823804101,8e-06,0.0030909277027462,123352306,1955.938
chr7,123352893,123353393,intergenic|chr7:123352893-123353393,intergenic,FAM3C,121396368,False,6e-06,0.0027132600720197,1e-05,0.0031030417808253,123353143,1956.775
chr7,123355529,123356266,intergenic|chr7:123355529-123356266,intergenic,FAM3C,121396368,False,1.9e-05,0.0026546425826478,3e-05,0.0030451779870102,123355897,1959.529
chr7,123367455,123367955,intergenic|chr7:123367455-123367955,intergenic,FAM3C,121396368,False,1.2e-05,0.0022462182128544,1.4e-05,0.0025643030545712,123367705,1971.337
chr7,123401250,123401750,intergenic|chr7:123401250-123401750,intergenic,FAM3C,121396368,False,7e-06,0.0022522574173781,1e-05,0.00257174247578,123401500,2005.132
chr7,123410537,123411037,intergenic|chr7:123410537-123411037,intergenic,FAM3C,121396368,False,6e-06,0.0022628277697632,9.9e-05,0.0027462603224134,123410787,2014.419
chr7,123431027,123431527,intergenic|chr7:123431027-123431527,intergenic,FAM3C,121396368,False,8e-06,0.002569480426481,1.1e-05,0.0029944112099396,123431277,2034.909
chr7,123432544,123433044,intergenic|chr7:123432544-123433044,intergenic,FAM3C,121396368,False,3e-06,0.0027380459477349,8e-06,0.0031275545806966,123432794,2036.426
chr7,123437348,123437848,intergenic|chr7:123437348-123437848,intergenic,FAM3C,121396368,False,7e-06,0.0025950905311596,1e-05,0.0030242439662096,123437598,2041.23
chr7,123493745,123494627,genic|chr7:123493745-123494627,genic,FAM3C,121396368,False,1.4e-05,0.0023053415005587,1.9e-05,0.002633453986896,123494186,2097.818
chr7,123528281,123528781,genic|chr7:123528281-123528781,genic,FAM3C,121396368,False,1.5e-05,0.0027587929678242,2.6e-05,0.0031847384454669,123528531,2132.163
chr7,123532698,123533198,promoter|chr7:123532698-123533198,promoter,FAM3C,121396368,False,0.000215,0.0153035627144125,2.2e-05,0.0151996695292675,123532948,2136.58
chr7,123534404,123535334,intergenic|chr7:123534404-123535334,intergenic,FAM3C,121396368,False,0.00252,0.004819125031734,0.000217,0.0032457074836753,123534869,2138.501
chr7,123538078,123538578,genic|chr7:123538078-123538578,genic,FAM3C,121396368,False,0.000883,0.0037204258205752,0.001784,0.0051404891649324,123538328,2141.96
chr7,123557361,123558158,promoter|chr7:123557361-123558158,promoter,FAM3C,121396368,False,0.001621,0.014637178294341,0.001891,0.0172839158978364,123557759,2161.391
chr7,123571660,123572160,intergenic|chr7:123571660-123572160,intergenic,FAM3C,121396368,False,7e-06,0.001992085359175,8.9e-05,0.0024253254114819,123571910,2175.542
chr7,123580773,123581520,intergenic|chr7:123580773-123581520,intergenic,FAM3C,121396368,False,1.7e-05,0.0020052493728456,3e-05,0.0022946418673172,123581146,2184.778
chr7,123608772,123609673,promoter|chr7:123608772-123609673,promoter,FAM3C,121396368,False,1.5e-05,0.0100911132373533,0.000131,0.0123124320166053,123609222,2212.854
chr7,123624501,123625001,genic|chr7:123624501-123625001,genic,FAM3C,121396368,False,8.8e-05,0.0018991176577565,1.3e-05,0.0020011353644653,123624751,2228.383
chr7,123633704,123634204,genic|chr7:123633704-123634204,genic,FAM3C,121396368,False,5e-06,0.0020789778158243,8e-06,0.0024054559680312,123633954,2237.586
chr7,123635487,123635987,genic|chr7:123635487-123635987,genic,FAM3C,121396368,False,5e-06,0.0020918304021692,1e-05,0.0024049409142893,123635737,2239.369
chr7,123637100,123637937,genic|chr7:123637100-123637937,genic,FAM3C,121396368,False,4e-06,0.0021072151006152,9e-06,0.0024239497547747,123637518,2241.15
chr7,123643747,123644542,intergenic|chr7:123643747-123644542,intergenic,FAM3C,121396368,False,0.00051,0.0020867135429813,7.5e-05,0.0020646803376366,123644144,2247.776
chr7,123649890,123650390,intergenic|chr7:123649890-123650390,intergenic,FAM3C,121396368,False,7e-06,0.0017911629523634,7e-06,0.0020440704827255,123650140,2253.772
chr7,123655556,123656056,promoter|chr7:123655556-123656056,promoter,FAM3C,121396368,False,5e-06,0.0100489327171259,6e-06,0.0114568508395434,123655806,2259.438
chr7,123670000,123670500,intergenic|chr7:123670000-123670500,intergenic,FAM3C,121396368,False,3e-06,0.0016899587080223,7e-06,0.0019302465724138,123670250,2273.882
chr7,123682571,123683071,genic|chr7:123682571-123683071,genic,FAM3C,121396368,False,7e-06,0.0016982418399414,0.000115,0.0021641166972008,123682821,2286.453
chr7,123701447,123701947,genic|chr7:123701447-123701947,genic,FAM3C,121396368,False,1e-05,0.0017056140913174,7e-06,0.0019452239963453,123701697,2305.329
chr7,123726936,123727436,genic|chr7:123726936-123727436,genic,FAM3C,121396368,False,6e-06,0.0017098699503094,1.1e-05,0.0019533983152594,123727186,2330.818
chr7,123747520,123748020,genic|chr7:123747520-123748020,genic,FAM3C,121396368,False,3.3e-05,0.0022886037571362,4.2e-05,0.0026126573366485,123747770,2351.402
chr7,123748821,123749906,promoter|chr7:123748821-123749906,promoter,FAM3C,121396368,False,0.000172,0.0128681951428926,0.000243,0.0147963104722757,123749363,2352.995
chr7,123769307,123769807,intergenic|chr7:123769307-123769807,intergenic,FAM3C,121396368,False,2e-05,0.0019025891534969,0.000402,0.0025969391342255,123769557,2373.189
chr7,123770369,123770869,intergenic|chr7:123770369-123770869,intergenic,FAM3C,121396368,False,6e-06,0.0019963107836927,1.3e-05,0.002263892247062,123770619,2374.251
chr7,123787210,123787710,intergenic|chr7:123787210-123787710,intergenic,FAM3C,121396368,False,4e-06,0.0018912052452679,5.8e-05,0.0022882529330804,123787460,2391.092
chr7,123789166,123789666,intergenic|chr7:123789166-123789666,intergenic,FAM3C,121396368,False,4e-06,0.0018938612487338,6.2e-05,0.0022934054207339,123789416,2393.048
chr7,123797550,123799069,intergenic|chr7:123797550-123799069,intergenic,FAM3C,121396368,False,4e-05,0.0016647375856807,8e-05,0.0019159814360613,123798309,2401.941
chr7,123844918,123845418,promoter|chr7:123844918-123845418,promoter,FAM3C,121396368,False,3e-06,0.0114482124238742,3e-06,0.013216166345417,123845168,2448.8
chr7,123849819,123850319,genic|chr7:123849819-123850319,genic,FAM3C,121396368,False,4e-06,0.0016988706068394,8e-06,0.0019166921069428,123850069,2453.701
chr7,123865454,123865954,genic|chr7:123865454-123865954,genic,FAM3C,121396368,False,1e-05,0.0014990408872235,0.000119,0.0018328639549023,123865704,2469.336
chr7,123872202,123872702,genic|chr7:123872202-123872702,genic,FAM3C,121396368,False,1e-05,0.0015048779008472,0.000407,0.0020357548703835,123872452,2476.084
chr7,123892947,123893447,intergenic|chr7:123892947-123893447,intergenic,FAM3C,121396368,False,3.5e-05,0.0016329737940085,4.1e-05,0.0018379286098716,123893197,2496.829
chr7,123916370,123916870,intergenic|chr7:123916370-123916870,intergenic,FAM3C,121396368,False,5e-06,0.0015129728199329,1.6e-05,0.0017307141116252,123916620,2520.252
chr7,123924981,123925481,promoter|chr7:123924981-123925481,promoter,FAM3C,121396368,False,8e-06,0.0123859977234418,8e-06,0.014154762819377,123925231,2528.863
chr7,123929087,123929587,genic|chr7:123929087-123929587,genic,FAM3C,121396368,False,3.3e-05,0.0017235745990082,5.2e-05,0.0019482445871163,123929337,2532.969
chr7,123939734,123940234,genic|chr7:123939734-123940234,genic,FAM3C,121396368,False,4.4e-05,0.0015637343921612,3.5e-05,0.0017536854920837,123939984,2543.616
chr7,123979899,123980399,intergenic|chr7:123979899-123980399,intergenic,FAM3C,121396368,False,5e-06,0.0014561945339281,4e-06,0.0016615303799713,123980149,2583.781
chr7,124033219,124033719,promoter|chr7:124033219-124033719,promoter,FAM3C,121396368,False,2e-06,0.0098914716186119,3e-06,0.0112775804959309,124033469,2637.101
chr7,124072910,124073835,intergenic|chr7:124072910-124073835,intergenic,FAM3C,121396368,False,1.2e-05,0.0013354323847195,0.000172,0.0016449378076066,124073372,2677.004
chr7,124085134,124085634,intergenic|chr7:124085134-124085634,intergenic,FAM3C,121396368,False,7e-06,0.0015270119191189,5.9e-05,0.0018175478449078,124085384,2689.016
chr7,124088575,124089075,intergenic|chr7:124088575-124089075,intergenic,FAM3C,121396368,False,3e-06,0.0015831475936941,3e-05,0.0018596703183639,124088825,2692.457
chr7,124101126,124101626,intergenic|chr7:124101126-124101626,intergenic,FAM3C,121396368,False,9e-06,0.0013488494537101,8e-06,0.0015390721893406,124101376,2705.008
chr7,124152785,124153555,intergenic|chr7:124152785-124153555,intergenic,FAM3C,121396368,False,1.1e-05,0.0015580618419738,1.1e-05,0.0018014825588163,124153170,2756.802
chr7,124155317,124155817,intergenic|chr7:124155317-124155817,intergenic,FAM3C,121396368,False,4e-06,0.0016288097789671,8e-06,0.0018306487607372,124155567,2759.199
chr7,124171016,124171516,intergenic|chr7:124171016-124171516,intergenic,FAM3C,121396368,False,6e-06,0.0013599839250805,9.8e-05,0.0016801956671676,124171266,2774.898
chr7,124245639,124247268,intergenic|chr7:124245639-124247268,intergenic,FAM3C,121396368,False,2.1e-05,0.0013658929858183,3.2e-05,0.0015624943951381,124246453,2850.085
chr7,124263028,124263873,intergenic|chr7:124263028-124263873,intergenic,FAM3C,121396368,False,1.3e-05,0.0013678148059131,1.4e-05,0.0015613722636186,124263450,2867.082
chr7,124275960,124276460,intergenic|chr7:124275960-124276460,intergenic,FAM3C,121396368,False,7e-06,0.0013705463270033,0.000114,0.0016776576344682,124276210,2879.842
chr7,124310744,124311244,intergenic|chr7:124310744-124311244,intergenic,FAM3C,121396368,False,3e-06,0.0013727907290927,4e-06,0.0015670515506525,124310994,2914.626
chr7,124502375,124502875,intergenic|chr7:124502375-124502875,intergenic,FAM3C,121396368,False,2e-06,0.001313741240016,3e-06,0.0014996586688403,124502625,3106.257
chr7,124664683,124665183,intergenic|chr7:124664683-124665183,intergenic,FAM3C,121396368,False,3e-06,0.0013121802671395,4e-06,0.001497877090357,124664933,3268.565
chr7,124707657,124708157,intergenic|chr7:124707657-124708157,intergenic,FAM3C,121396368,False,2e-06,0.0013149366756912,3e-06,0.0015010230253621,124707907,3311.539
chr7,124717907,124718407,intergenic|chr7:124717907-124718407,intergenic,FAM3C,121396368,False,4e-06,0.0016141524251264,0.000113,0.0020035506519939,124718157,3321.789
chr7,124720183,124720683,intergenic|chr7:124720183-124720683,intergenic,FAM3C,121396368,False,2e-06,0.0016268417840043,5e-06,0.0018724034442449,124720433,3324.065
chr7,124722945,124723445,intergenic|chr7:124722945-124723445,intergenic,FAM3C,121396368,False,1.2e-05,0.0015820398000345,2.2e-05,0.0018271121314793,124723195,3326.827
chr7,124765775,124766726,promoter|chr7:124765775-124766726,promoter,FAM3C,121396368,False,2.1e-05,0.00969710230554,0.000524,0.0129391234335685,124766250,3369.882
chr7,124785126,124785626,genic|chr7:124785126-124785626,genic,FAM3C,121396368,False,6e-06,0.0012803657611414,8e-06,0.0014618779176304,124785376,3389.008
chr7,124790560,124791060,promoter|chr7:124790560-124791060,promoter,FAM3C,121396368,False,5e-06,0.0096574367752583,7e-06,0.0110134359604475,124790810,3394.442
chr7,124796638,124797138,intergenic|chr7:124796638-124797138,intergenic,FAM3C,121396368,False,8e-06,0.0012374760125214,0.000179,0.0015412864866341,124796888,3400.52
chr7,124814145,124814645,intergenic|chr7:124814145-124814645,intergenic,FAM3C,121396368,False,3.7e-05,0.0013213241573923,5e-06,0.0014155907843683,124814395,3418.027
chr7,124840372,124840872,genic|chr7:124840372-124840872,genic,FAM3C,121396368,False,2e-06,0.0012428401751916,5.6e-05,0.0015151635098469,124840622,3444.254
chr7,124856221,124856721,genic|chr7:124856221-124856721,genic,FAM3C,121396368,False,6e-06,0.0012475874563439,1e-05,0.001425065903088,124856471,3460.103
chr7,124929365,124930233,promoter|chr7:124929365-124930233,promoter,FAM3C,121396368,False,9.8e-05,0.0098100707480358,0.002188,0.017434252898865,124929799,3533.431
chr7,124992719,124993219,intergenic|chr7:124992719-124993219,intergenic,FAM3C,121396368,False,8e-06,0.001326544417685,1.2e-05,0.0015468064153258,124992969,3596.601
chr7,124996820,124997320,intergenic|chr7:124996820-124997320,intergenic,FAM3C,121396368,False,2e-06,0.0013953105000775,6e-06,0.0015937706390709,124997070,3600.702
chr7,125033477,125033977,intergenic|chr7:125033477-125033977,intergenic,FAM3C,121396368,False,3e-06,0.0011675894467493,3e-06,0.0013325675659323,125033727,3637.359
chr7,125059825,125060325,intergenic|chr7:125059825-125060325,intergenic,FAM3C,121396368,False,8e-06,0.001458099270403,1.3e-05,0.0016671985898244,125060075,3663.707
chr7,125061706,125062475,intergenic|chr7:125061706-125062475,intergenic,FAM3C,121396368,False,2.1e-05,0.0014136678055132,3.1e-05,0.001625366320292,125062090,3665.722
chr7,125090568,125091068,intergenic|chr7:125090568-125091068,intergenic,FAM3C,121396368,False,7e-06,0.0011783616023579,1.1e-05,0.0013460053220593,125090818,3694.45
chr7,125136301,125137628,intergenic|chr7:125136301-125137628,intergenic,FAM3C,121396368,False,4.6e-05,0.0011905795122077,0.000544,0.0015772368038866,125136964,3740.596
chr7,125149065,125149565,intergenic|chr7:125149065-125149565,intergenic,FAM3C,121396368,False,2e-06,0.0011829306978559,3.3e-05,0.0014267268125705,125149315,3752.947
chr7,125316430,125316930,intergenic|chr7:125316430-125316930,intergenic,FAM3C,121396368,False,7e-06,0.0011078546006109,0.000231,0.0014689842658325,125316680,3920.312
chr7,125383228,125383728,intergenic|chr7:125383228-125383728,intergenic,FAM3C,121396368,False,4.7e-05,0.0012175362748289,5e-06,0.0012658213280764,125383478,3987.11
chr7,125459054,125459554,intergenic|chr7:125459054-125459554,intergenic,FAM3C,121396368,False,2e-06,0.0011098817434431,2e-06,0.0012667162171857,125459304,4062.936
chr7,125529185,125529685,intergenic|chr7:125529185-125529685,intergenic,FAM3C,121396368,False,6.3e-05,0.0011987331196616,4e-06,0.0012691418325188,125529435,4133.067
chr7,125670708,125671410,intergenic|chr7:125670708-125671410,intergenic,FAM3C,121396368,False,5e-06,0.0011120987377438,0.000125,0.001367734646159,125671059,4274.691
chr7,125788591,125789091,intergenic|chr7:125788591-125789091,intergenic,FAM3C,121396368,False,1e-06,0.0011116601382637,2e-06,0.0012690159127457,125788841,4392.473
chr7,125876352,125876852,intergenic|chr7:125876352-125876852,intergenic,FAM3C,121396368,False,2e-06,0.0013728772420438,3e-06,0.0015710295558933,125876602,4480.234
chr7,125877232,125877732,intergenic|chr7:125877232-125877732,intergenic,FAM3C,121396368,False,4e-06,0.0013706191815264,5e-06,0.0015704232576951,125877482,4481.114
chr7,125878984,125879484,intergenic|chr7:125878984-125879484,intergenic,FAM3C,121396368,False,9e-06,0.0013424570175283,1.6e-05,0.0015225822273756,125879234,4482.866
chr7,125934248,125935388,intergenic|chr7:125934248-125935388,intergenic,FAM3C,121396368,False,5.5e-05,0.0011347108721908,0.001604,0.0018471526586795,125934818,4538.45
chr7,126026706,126027206,intergenic|chr7:126026706-126027206,intergenic,FAM3C,121396368,False,8e-06,0.0011246493070152,0.000295,0.001500785633145,126026956,4630.588
chr7,126230864,126231364,intergenic|chr7:126230864-126231364,intergenic,FAM3C,121396368,False,1e-06,0.0011216335607795,2e-06,0.0012803992661447,126231114,4834.746
chr7,126270842,126271342,intergenic|chr7:126270842-126271342,intergenic,FAM3C,121396368,False,4.9e-05,0.001218306643083,3e-06,0.0012834932557916,126271092,4874.724
chr7,126302586,126303086,intergenic|chr7:126302586-126303086,intergenic,FAM3C,121396368,False,2e-06,0.001126927410717,4.9e-05,0.0013693505995719,126302836,4906.468
chr8,122741586,122742086,intergenic|chr8:122741586-122742086,intergenic,MYC,127736068,False,1e-06,0.0017429659855192,1e-06,0.0017920075465522,122741836,4994.232
chr8,122744169,122744669,intergenic|chr8:122744169-122744669,intergenic,MYC,127736068,False,1e-06,0.001739644101643,2e-06,0.0017783302098291,122744419,4991.649
chr8,122745678,122746178,intergenic|chr8:122745678-122746178,intergenic,MYC,127736068,False,1e-06,0.0017113852971784,1e-06,0.0017984639826367,122745928,4990.14
chr8,122758732,122759232,intergenic|chr8:122758732-122759232,intergenic,MYC,127736068,False,6e-06,0.0014651372212683,8e-06,0.0015137765392156,122758982,4977.086
chr8,122769591,122770091,intergenic|chr8:122769591-122770091,intergenic,MYC,127736068,False,1e-06,0.0016839708153513,2.7e-05,0.0017991629901657,122769841,4966.227
chr8,122773593,122774093,intergenic|chr8:122773593-122774093,intergenic,MYC,127736068,False,1e-06,0.0017471367294251,1e-06,0.0018106320754711,122773843,4962.225
chr8,122776106,122776606,intergenic|chr8:122776106-122776606,intergenic,MYC,127736068,False,1e-06,0.0019602880156907,2e-06,0.0020091203685689,122776356,4959.712
chr8,122780007,122781048,intergenic|chr8:122780007-122781048,intergenic,MYC,127736068,False,0.0004,0.0022294176860151,0.000418,0.0023001478583311,122780527,4955.541
chr8,122781062,122781911,promoter|chr8:122781062-122781911,promoter,MYC,127736068,False,0.000356,0.0129224278706727,0.000394,0.0133686402302376,122781486,4954.582
chr8,122782072,122783294,promoter|chr8:122782072-122783294,promoter,MYC,127736068,False,0.000494,0.0131916638207385,0.000631,0.0138686436658716,122782683,4953.385
chr8,122789700,122790200,genic|chr8:122789700-122790200,genic,MYC,127736068,False,2e-06,0.0018713544305764,1.3e-05,0.0020296681731338,122789950,4946.118
chr8,122794943,122795443,genic|chr8:122794943-122795443,genic,MYC,127736068,False,0.000137,0.0020512636277929,1.4e-05,0.0019906016480723,122795193,4940.875
chr8,122797349,122797849,genic|chr8:122797349-122797849,genic,MYC,127736068,False,4.3e-05,0.0020271393236545,5e-06,0.0020083740906982,122797599,4938.469
chr8,122798676,122799420,genic|chr8:122798676-122799420,genic,MYC,127736068,False,0.000183,0.0020406583977138,1.9e-05,0.0019691201948014,122799048,4937.02
chr8,122805868,122806368,genic|chr8:122805868-122806368,genic,MYC,127736068,False,1.7e-05,0.0014903857245306,0.000465,0.0017567610445133,122806118,4929.95
chr8,122816920,122817420,genic|chr8:122816920-122817420,genic,MYC,127736068,False,1e-06,0.0017434652276005,1e-06,0.0017771341435179,122817170,4918.898
chr8,122818069,122818569,genic|chr8:122818069-122818569,genic,MYC,127736068,False,1e-06,0.0017156149072468,1e-06,0.0017583766361053,122818319,4917.749
chr8,122824908,122825408,genic|chr8:122824908-122825408,genic,MYC,127736068,False,1e-06,0.0014830736456655,4.4e-05,0.0016683017913468,122825158,4910.91
chr8,122837713,122838213,genic|chr8:122837713-122838213,genic,MYC,127736068,False,1e-06,0.001482506302116,1e-06,0.0015310693903319,122837963,4898.105
chr8,122845861,122846361,genic|chr8:122845861-122846361,genic,MYC,127736068,False,1e-06,0.0014818834493096,2e-06,0.0015307521537245,122846111,4889.957
chr8,122851726,122852226,genic|chr8:122851726-122852226,genic,MYC,127736068,False,1e-06,0.0018106234235104,1e-06,0.0018665976765722,122851976,4884.092
chr8,122852285,122852785,genic|chr8:122852285-122852785,genic,MYC,127736068,False,1e-06,0.0018088761332446,2e-06,0.0018627810714139,122852535,4883.533
chr8,122855293,122855793,genic|chr8:122855293-122855793,genic,MYC,127736068,False,2e-06,0.0018228708560136,2e-06,0.0018920813164542,122855543,4880.525
chr8,122856200,122856700,genic|chr8:122856200-122856700,genic,MYC,127736068,False,1e-06,0.0018366506107132,2e-06,0.0019041512836648,122856450,4879.618
chr8,122858146,122858646,genic|chr8:122858146-122858646,genic,MYC,127736068,False,2e-06,0.0017996962477108,3e-06,0.001857453443977,122858396,4877.672
chr8,122860905,122861405,genic|chr8:122860905-122861405,genic,MYC,127736068,False,1e-06,0.0018070025719029,1e-06,0.0018787790738687,122861155,4874.913
chr8,122864776,122865276,genic|chr8:122864776-122865276,genic,MYC,127736068,False,1e-06,0.001822871699032,2e-06,0.0018875693698422,122865026,4871.042
chr8,122867895,122868395,genic|chr8:122867895-122868395,genic,MYC,127736068,False,5e-06,0.0017457731213016,7e-06,0.0018136269125089,122868145,4867.923
chr8,122872920,122873420,genic|chr8:122872920-122873420,genic,MYC,127736068,False,1e-06,0.0018319567822607,1e-06,0.00188684132761,122873170,4862.898
chr8,122876399,122876899,genic|chr8:122876399-122876899,genic,MYC,127736068,False,1e-06,0.0017352192755371,1.1e-05,0.001847621640392,122876649,4859.419
chr8,122877083,122877583,genic|chr8:122877083-122877583,genic,MYC,127736068,False,1e-06,0.0017295730989228,1.2e-05,0.0018420316279407,122877333,4858.735
chr8,122884957,122885457,genic|chr8:122884957-122885457,genic,MYC,127736068,False,1e-06,0.0014717870260361,1.7e-05,0.0015882096322334,122885207,4850.861
chr8,122896720,122897220,genic|chr8:122896720-122897220,genic,MYC,127736068,False,1e-06,0.001471182539326,1e-06,0.0015193752546673,122896970,4839.098
chr8,122909418,122909918,genic|chr8:122909418-122909918,genic,MYC,127736068,False,1e-06,0.0014706045003625,1e-06,0.0015187783092152,122909668,4826.4
chr8,122921266,122921766,genic|chr8:122921266-122921766,genic,MYC,127736068,False,2e-06,0.0017836400780663,3e-06,0.0018370957436357,122921516,4814.552
chr8,122923172,122923672,genic|chr8:122923172-122923672,genic,MYC,127736068,False,1e-06,0.0017986890753881,1e-06,0.0018503349714915,122923422,4812.646
chr8,122925495,122925995,genic|chr8:122925495-122925995,genic,MYC,127736068,False,2e-06,0.0017940399538121,4.8e-05,0.0019475665121576,122925745,4810.323
chr8,122929391,122929891,genic|chr8:122929391-122929891,genic,MYC,127736068,False,1e-06,0.0017700569870412,1.1e-05,0.0019034744565292,122929641,4806.427
chr8,122929998,122930498,genic|chr8:122929998-122930498,genic,MYC,127736068,False,1e-06,0.0017673539494464,1e-06,0.001818897242541,122930248,4805.82
chr8,122937246,122937746,genic|chr8:122937246-122937746,genic,MYC,127736068,False,1e-06,0.0014658255569685,1e-06,0.0015138430553548,122937496,4798.572
chr8,122946230,122946730,genic|chr8:122946230-122946730,genic,MYC,127736068,False,1e-06,0.0014651382377676,1e-06,0.0015131332550771,122946480,4789.588
chr8,122951985,122952485,genic|chr8:122951985-122952485,genic,MYC,127736068,False,2e-06,0.0014646701956297,1e-06,0.0015123277652581,122952235,4783.833
chr8,122959745,122960539,genic|chr8:122959745-122960539,genic,MYC,127736068,False,8e-06,0.0017983184618623,0.000274,0.0020539226527137,122960142,4775.926
chr8,122960845,122961345,genic|chr8:122960845-122961345,genic,MYC,127736068,False,3e-06,0.0018482879074202,7.2e-05,0.0020466882627374,122961095,4774.973
chr8,122961837,122962337,genic|chr8:122961837-122962337,genic,MYC,127736068,False,2e-06,0.001852888564468,4e-05,0.0020392243888084,122962087,4773.981
chr8,122970803,122971642,genic|chr8:122970803-122971642,genic,MYC,127736068,False,2e-06,0.0014614281763951,3.9e-05,0.0015875370782876,122971222,4764.846
chr8,122978140,122978640,intergenic|chr8:122978140-122978640,intergenic,MYC,127736068,False,1e-06,0.0014603743165396,2.1e-05,0.0015814995643452,122978390,4757.678
chr8,122988706,122989206,intergenic|chr8:122988706-122989206,intergenic,MYC,127736068,False,1.6e-05,0.0014643965765341,2.4e-05,0.0015149416663855,122988956,4747.112
chr8,122994355,122995264,intergenic|chr8:122994355-122995264,intergenic,MYC,127736068,False,5e-06,0.0017597266239688,5e-06,0.0018022073892828,122994809,4741.259
chr8,122995340,122995840,intergenic|chr8:122995340-122995840,intergenic,MYC,127736068,False,2e-06,0.001797728102458,2e-06,0.0018406103739539,122995590,4740.478
chr8,122997251,122997751,intergenic|chr8:122997251-122997751,intergenic,MYC,127736068,False,1e-06,0.0018282270070657,1e-06,0.0018773584422233,122997501,4738.567
chr8,123000688,123001188,intergenic|chr8:123000688-123001188,intergenic,MYC,127736068,False,1e-06,0.0017108599219142,2e-06,0.0017846529758938,123000938,4735.13
chr8,123001431,123001931,intergenic|chr8:123001431-123001931,intergenic,MYC,127736068,False,1e-06,0.0017364186786954,1e-06,0.0017947191005887,123001681,4734.387
chr8,123008638,123009138,intergenic|chr8:123008638-123009138,intergenic,MYC,127736068,False,1e-06,0.0017324186777409,1e-06,0.0017946628395571,123008888,4727.18
chr8,123009756,123010256,intergenic|chr8:123009756-123010256,intergenic,MYC,127736068,False,1e-06,0.0017298235463953,1e-06,0.0017867755517302,123010006,4726.062
chr8,123010919,123011419,intergenic|chr8:123010919-123011419,intergenic,MYC,127736068,False,1e-06,0.0017226476249577,2e-06,0.0017731158673544,123011169,4724.899
chr8,123016229,123016729,genic|chr8:123016229-123016729,genic,MYC,127736068,False,0.0,0.0017015991478568,2e-06,0.0017889459715493,123016479,4719.589
chr8,123018845,123019345,genic|chr8:123018845-123019345,genic,MYC,127736068,False,1e-06,0.0017778719853172,3e-06,0.0018078493157006,123019095,4716.973
chr8,123022353,123022853,genic|chr8:123022353-123022853,genic,MYC,127736068,False,4e-06,0.0017010138522425,3e-06,0.0017871887354751,123022603,4713.465
chr8,123032479,123032979,genic|chr8:123032479-123032979,genic,MYC,127736068,False,1e-06,0.0016817959511827,2e-06,0.001746702492079,123032729,4703.339
chr8,123035601,123036101,genic|chr8:123035601-123036101,genic,MYC,127736068,False,1e-06,0.0016941780945743,2e-06,0.0017389486604355,123035851,4700.217
chr8,123041377,123042673,promoter|chr8:123041377-123042673,promoter,MYC,127736068,False,0.000796,0.0106064276451754,0.000973,0.0112700721197935,123042025,4694.043
chr8,123057709,123058752,intergenic|chr8:123057709-123058752,intergenic,MYC,127736068,False,5e-06,0.0018133192511827,0.000203,0.0021379437381472,123058230,4677.838
chr8,123060725,123061225,intergenic|chr8:123060725-123061225,intergenic,MYC,127736068,False,5e-06,0.0018348871497989,8e-06,0.001899026833398,123060975,4675.093
chr8,123065528,123066028,intergenic|chr8:123065528-123066028,intergenic,MYC,127736068,False,2.9e-05,0.0019126911676351,5e-05,0.0019898752418297,123065778,4670.29
chr8,123072315,123072929,promoter|chr8:123072315-123072929,promoter,MYC,127736068,False,2.4e-05,0.0086491740763134,0.000437,0.0101147600721821,123072622,4663.446
chr8,123103508,123104008,genic|chr8:123103508-123104008,genic,MYC,127736068,False,2e-06,0.0015066402871327,4.2e-05,0.0016313820545891,123103758,4632.31
chr8,123115545,123116045,genic|chr8:123115545-123116045,genic,MYC,127736068,False,2e-06,0.0015060040874585,1e-06,0.0015550044885172,123115795,4620.273
chr8,123121220,123121720,genic|chr8:123121220-123121720,genic,MYC,127736068,False,1e-06,0.0015048534864374,1e-06,0.0015541474714744,123121470,4614.598
chr8,123129872,123130556,genic|chr8:123129872-123130556,genic,MYC,127736068,False,2e-06,0.0017644618848953,6.6e-05,0.0019975621102375,123130214,4605.854
chr8,123131458,123131958,genic|chr8:123131458-123131958,genic,MYC,127736068,False,1e-06,0.0017927978804186,2.8e-05,0.0020171663215628,123131708,4604.36
chr8,123133934,123134434,genic|chr8:123133934-123134434,genic,MYC,127736068,False,1e-06,0.0018340086121489,3.5e-05,0.0020369131814704,123134184,4601.884
chr8,123137237,123137737,genic|chr8:123137237-123137737,genic,MYC,127736068,False,1e-06,0.0016909633751196,1.7e-05,0.0018571285534636,123137487,4598.581
chr8,123148983,123149483,genic|chr8:123148983-123149483,genic,MYC,127736068,False,1.4e-05,0.0018779849131693,0.00037,0.002181875721527,123149233,4586.835
chr8,123149498,123149998,genic|chr8:123149498-123149998,genic,MYC,127736068,False,8e-06,0.0019371799454234,0.000171,0.0021695372508031,123149748,4586.32
chr8,123154674,123155174,intergenic|chr8:123154674-123155174,intergenic,MYC,127736068,False,4e-06,0.0019511825884415,4e-06,0.0020034907583883,123154924,4581.144
chr8,123157128,123158098,intergenic|chr8:123157128-123158098,intergenic,MYC,127736068,False,1.5e-05,0.0018785344694224,0.000466,0.0023138960106586,123157613,4578.455
chr8,123160362,123160862,intergenic|chr8:123160362-123160862,intergenic,MYC,127736068,False,4e-06,0.0019180526052121,8e-06,0.001962698969197,123160612,4575.456
chr8,123165993,123166493,intergenic|chr8:123165993-123166493,intergenic,MYC,127736068,False,4.9e-05,0.0019725314648355,4e-06,0.0019350972679766,123166243,4569.825
chr8,123167086,123168377,intergenic|chr8:123167086-123168377,intergenic,MYC,127736068,False,0.000123,0.0019337197756698,1.1e-05,0.0018592588475625,123167731,4568.337
chr8,123173485,123173985,intergenic|chr8:123173485-123173985,intergenic,MYC,127736068,False,1e-06,0.0017758934140917,7.2e-05,0.0020539523615956,123173735,4562.333
chr8,123174415,123174915,intergenic|chr8:123174415-123174915,intergenic,MYC,127736068,False,2e-06,0.0018373977437558,0.000126,0.002140975325723,123174665,4561.403
chr8,123178795,123179295,intergenic|chr8:123178795-123179295,intergenic,MYC,127736068,False,4e-06,0.001889086359349,6e-06,0.0019541378435501,123179045,4557.023
chr8,123181148,123181648,intergenic|chr8:123181148-123181648,intergenic,MYC,127736068,False,2e-06,0.0018834712842492,9.1e-05,0.0021711709521104,123181398,4554.67
chr8,123182001,123182787,promoter|chr8:123182001-123182787,promoter,MYC,127736068,False,7e-06,0.0106706240061504,0.000295,0.0128029059043943,123182394,4553.674
chr8,123190744,123191244,genic|chr8:123190744-123191244,genic,MYC,127736068,False,1e-06,0.0017613583000171,2e-06,0.0017959594935106,123190994,4545.074
chr8,123192547,123193047,genic|chr8:123192547-123193047,genic,MYC,127736068,False,1e-06,0.0018119697549396,1e-06,0.0018904117725127,123192797,4543.271
chr8,123196480,123196980,genic|chr8:123196480-123196980,genic,MYC,127736068,False,1e-06,0.0017591660576923,2.3e-05,0.0018719626368292,123196730,4539.338
chr8,123202734,123203234,genic|chr8:123202734-123203234,genic,MYC,127736068,False,2e-06,0.0018415884791029,2.8e-05,0.0020101986784917,123202984,4533.084
chr8,123203471,123203971,genic|chr8:123203471-123203971,genic,MYC,127736068,False,1e-06,0.0019000537376035,2.1e-05,0.0020540899988905,123203721,4532.347
chr8,123205175,123205675,genic|chr8:123205175-123205675,genic,MYC,127736068,False,2e-06,0.0018829861801845,3e-06,0.0019584376538032,123205425,4530.643
chr8,123206302,123206802,genic|chr8:123206302-123206802,genic,MYC,127736068,False,1e-06,0.0019011476113898,3e-06,0.0019715816623821,123206552,4529.516
chr8,123211224,123211724,intergenic|chr8:123211224-123211724,intergenic,MYC,127736068,False,1e-06,0.0018731518532205,1.8e-05,0.0020323361459184,123211474,4524.594
chr8,123213774,123214274,intergenic|chr8:123213774-123214274,intergenic,MYC,127736068,False,1e-06,0.0018322995575007,2.2e-05,0.0019838791815609,123214024,4522.044
chr8,123215172,123215672,intergenic|chr8:123215172-123215672,intergenic,MYC,127736068,False,1e-06,0.0019001788817289,2e-06,0.0019716443089761,123215422,4520.646
chr8,123220306,123221042,genic|chr8:123220306-123221042,genic,MYC,127736068,False,4.4e-05,0.0016137538118452,5e-06,0.0015973465586954,123220674,4515.394
chr8,123226088,123226588,genic|chr8:123226088-123226588,genic,MYC,127736068,False,1e-06,0.0018427835800405,2.4e-05,0.0019796072249158,123226338,4509.73
chr8,123227440,123227940,genic|chr8:123227440-123227940,genic,MYC,127736068,False,1e-06,0.0018147487427992,2e-05,0.0019831153893195,123227690,4508.378
chr8,123228812,123229312,genic|chr8:123228812-123229312,genic,MYC,127736068,False,1e-06,0.0018246267000918,2.2e-05,0.0019781263709136,123229062,4507.006
chr8,123235488,123235988,genic|chr8:123235488-123235988,genic,MYC,127736068,False,1e-06,0.0020210078007565,2.8e-05,0.0021868338144417,123235738,4500.33
chr8,123240714,123241684,promoter|chr8:123240714-123241684,promoter,MYC,127736068,False,2.8e-05,0.0086869339605802,4.4e-05,0.0089996592445533,123241199,4494.869
chr8,123249485,123249985,genic|chr8:123249485-123249985,genic,MYC,127736068,False,1e-06,0.0017992845294027,1e-06,0.0018582051455483,123249735,4486.333
chr8,123254380,123254880,genic|chr8:123254380-123254880,genic,MYC,127736068,False,1e-06,0.0018107513788862,1.4e-05,0.0019447498645264,123254630,4481.438
chr8,123268111,123268611,genic|chr8:123268111-123268611,genic,MYC,127736068,False,1e-06,0.0015734725817382,2.8e-05,0.0017012994604864,123268361,4467.707
chr8,123274002,123275015,promoter|chr8:123274002-123275015,promoter,MYC,127736068,False,0.000843,0.0137661015494425,0.000601,0.0130075668085523,123274508,4461.56
chr8,123275045,123275545,intergenic|chr8:123275045-123275545,intergenic,MYC,127736068,False,7e-06,0.0021614970564611,1e-05,0.0022395936935339,123275295,4460.773
chr8,123284996,123285496,intergenic|chr8:123284996-123285496,intergenic,MYC,127736068,False,3e-06,0.0020662118894742,5.3e-05,0.002243823073693,123285246,4450.822
chr8,123285728,123286228,intergenic|chr8:123285728-123286228,intergenic,MYC,127736068,False,9e-06,0.0019849683995273,0.000184,0.0021983888146676,123285978,4450.09
chr8,123306776,123307276,intergenic|chr8:123306776-123307276,intergenic,MYC,127736068,False,1e-06,0.0019495866451843,1e-06,0.0020149536095427,123307026,4429.042
chr8,123307791,123308291,intergenic|chr8:123307791-123308291,intergenic,MYC,127736068,False,1e-06,0.0019437935226999,2e-06,0.0019859859775645,123308041,4428.027
chr8,123310659,123311159,intergenic|chr8:123310659-123311159,intergenic,MYC,127736068,False,2.1e-05,0.0020749067601113,1.4e-05,0.0021374592513725,123310909,4425.159
chr8,123313998,123314498,intergenic|chr8:123313998-123314498,intergenic,MYC,127736068,False,1.7e-05,0.0020077030874468,2e-05,0.0020163674271907,123314248,4421.82
chr8,123327701,123328201,genic|chr8:123327701-123328201,genic,MYC,127736068,False,1e-06,0.0016394151449522,2e-06,0.0016934700288655,123327951,4408.117
chr8,123333459,123333959,genic|chr8:123333459-123333959,genic,MYC,127736068,False,1e-06,0.0016384593875106,3.4e-05,0.0017774308885281,123333709,4402.359
chr8,123361871,123362371,genic|chr8:123361871-123362371,genic,MYC,127736068,False,2.2e-05,0.0020552297184876,2.2e-05,0.0020942054581846,123362121,4373.947
chr8,123362477,123362977,genic|chr8:123362477-123362977,genic,MYC,127736068,False,4.1e-05,0.0020148126871018,4e-05,0.0020531652784884,123362727,4373.341
chr8,123379181,123379681,genic|chr8:123379181-123379681,genic,MYC,127736068,False,1e-06,0.0019397129052239,1e-06,0.0019947492337908,123379431,4356.637
chr8,123384222,123384722,genic|chr8:123384222-123384722,genic,MYC,127736068,False,2e-06,0.0019810399092837,4.2e-05,0.0021345300261686,123384472,4351.596
chr8,123386572,123387072,genic|chr8:123386572-123387072,genic,MYC,127736068,False,2e-06,0.0019961812202825,3e-06,0.0020543776730957,123386822,4349.246
chr8,123390217,123390717,genic|chr8:123390217-123390717,genic,MYC,127736068,False,3e-06,0.0019470529281517,3e-06,0.001998658705837,123390467,4345.601
chr8,123396215,123396956,promoter|chr8:123396215-123396956,promoter,MYC,127736068,False,5.9e-05,0.0087737044776035,0.002388,0.0153189373333432,123396585,4339.483
chr8,123408915,123409415,intergenic|chr8:123408915-123409415,intergenic,MYC,127736068,False,1e-06,0.0016720277616352,2e-06,0.0017271560902222,123409165,4326.903
chr8,123416336,123417219,promoter|chr8:123416336-123417219,promoter,MYC,127736068,False,6.6e-05,0.0087904170193542,0.001089,0.0115784632295862,123416777,4319.291
chr8,123434628,123435128,genic|chr8:123434628-123435128,genic,MYC,127736068,False,1e-06,0.0020875721990009,4.6e-05,0.002408787411203,123434878,4301.19
chr8,123436355,123436855,genic|chr8:123436355-123436855,genic,MYC,127736068,False,2e-06,0.0020771965117253,7.1e-05,0.0022838784169859,123436605,4299.463
chr8,123436922,123437422,genic|chr8:123436922-123437422,genic,MYC,127736068,False,3e-06,0.0020619295096926,6.9e-05,0.0022829994981723,123437172,4298.896
chr8,123447692,123448192,intergenic|chr8:123447692-123448192,intergenic,MYC,127736068,False,8.8e-05,0.0019231328761408,7.1e-05,0.0018756892754794,123447942,4288.126
chr8,123453507,123454177,intergenic|chr8:123453507-123454177,intergenic,MYC,127736068,False,3e-06,0.0020425410306405,7.8e-05,0.0022212329055216,123453842,4282.226
chr8,123454887,123455387,intergenic|chr8:123454887-123455387,intergenic,MYC,127736068,False,2e-06,0.002066250704213,1e-06,0.0021664667585001,123455137,4280.931
chr8,123455885,123456385,intergenic|chr8:123455885-123456385,intergenic,MYC,127736068,False,1e-06,0.002073593436164,2e-06,0.002151806152896,123456135,4279.933
chr8,123461473,123461973,intergenic|chr8:123461473-123461973,intergenic,MYC,127736068,False,2e-06,0.0020712103945955,2e-06,0.002110895947233,123461723,4274.345
chr8,123462752,123463252,intergenic|chr8:123462752-123463252,intergenic,MYC,127736068,False,4e-06,0.0019970423132077,4e-06,0.0020564217166852,123463002,4273.066
chr8,123472052,123472552,intergenic|chr8:123472052-123472552,intergenic,MYC,127736068,False,1e-06,0.0019638033342725,4.6e-05,0.0021567113713258,123472302,4263.766
chr8,123475153,123475653,intergenic|chr8:123475153-123475653,intergenic,MYC,127736068,False,1e-06,0.0019605608649347,2.6e-05,0.0021861473282506,123475403,4260.665
chr8,123486213,123486963,intergenic|chr8:123486213-123486963,intergenic,MYC,127736068,False,2e-06,0.0020055161329085,4.5e-05,0.0021610620306131,123486588,4249.48
chr8,123490321,123490821,intergenic|chr8:123490321-123490821,intergenic,MYC,127736068,False,2e-06,0.0020238962277932,2e-06,0.0020901567326051,123490571,4245.497
chr8,123506327,123506827,genic|chr8:123506327-123506827,genic,MYC,127736068,False,1e-06,0.0020186576896985,2e-06,0.0020715319779831,123506577,4229.491
chr8,123509745,123510245,genic|chr8:123509745-123510245,genic,MYC,127736068,False,1e-06,0.0020143771355598,2e-06,0.0020650124178844,123509995,4226.073
chr8,123510684,123511184,genic|chr8:123510684-123511184,genic,MYC,127736068,False,2.2e-05,0.0021003871258527,1e-06,0.002087352923536,123510934,4225.134
chr8,123516893,123517393,genic|chr8:123516893-123517393,genic,MYC,127736068,False,8e-06,0.0016987620391347,1e-05,0.0017551434029089,123517143,4218.925
chr8,123528124,123528624,genic|chr8:123528124-123528624,genic,MYC,127736068,False,6e-06,0.0020619201728521,7e-06,0.0021296157525325,123528374,4207.694
chr8,123529308,123529808,genic|chr8:123529308-123529808,genic,MYC,127736068,False,2e-06,0.0021080068886918,2e-06,0.002178029964497,123529558,4206.51
chr8,123530119,123530619,genic|chr8:123530119-123530619,genic,MYC,127736068,False,2e-06,0.0021287016924499,9e-05,0.0024211030420767,123530369,4205.699
chr8,123534614,123535114,genic|chr8:123534614-123535114,genic,MYC,127736068,False,3e-06,0.0021440196030987,9.2e-05,0.0024368090353769,123534864,4201.204
chr8,123537582,123538082,genic|chr8:123537582-123538082,genic,MYC,127736068,False,5e-06,0.0022020516663616,7e-05,0.002382068441859,123537832,4198.236
chr8,123538216,123538983,genic|chr8:123538216-123538983,genic,MYC,127736068,False,5e-06,0.0021988845439361,7.8e-05,0.002382427237487,123538599,4197.469
chr8,123540145,123540645,genic|chr8:123540145-123540645,genic,MYC,127736068,False,7.6e-05,0.0023356498397645,7e-06,0.0022538063171892,123540395,4195.673
chr8,123541003,123541547,promoter|chr8:123541003-123541547,promoter,MYC,127736068,False,0.000125,0.0120546624398105,9e-06,0.0115553732078407,123541275,4194.793
chr8,123541676,123542176,promoter|chr8:123541676-123542176,promoter,MYC,127736068,False,8.4e-05,0.0120053969443504,6e-06,0.011594237333962,123541926,4194.142
chr8,123548167,123548667,intergenic|chr8:123548167-123548667,intergenic,MYC,127736068,False,1e-05,0.0017334306510968,1.6e-05,0.0017924845530174,123548417,4187.651
chr8,123561670,123562170,intergenic|chr8:123561670-123562170,intergenic,MYC,127736068,False,1e-06,0.0020263660057157,1.8e-05,0.0021401497125029,123561920,4174.148
chr8,123566034,123566534,intergenic|chr8:123566034-123566534,intergenic,MYC,127736068,False,2e-06,0.0019852912160842,1e-06,0.0020498540234815,123566284,4169.784
chr8,123579356,123580441,intergenic|chr8:123579356-123580441,intergenic,MYC,127736068,False,2e-06,0.0017278583581352,3e-06,0.0017848241450437,123579898,4156.17
chr8,123585493,123585993,intergenic|chr8:123585493-123585993,intergenic,MYC,127736068,False,1e-06,0.0020676285899173,6.4e-05,0.0024358525062332,123585743,4150.325
chr8,123587484,123588297,intergenic|chr8:123587484-123588297,intergenic,MYC,127736068,False,1e-06,0.0020773128714313,6.6e-05,0.0024342225328904,123587890,4148.178
chr8,123589158,123589658,intergenic|chr8:123589158-123589658,intergenic,MYC,127736068,False,1e-06,0.0020934589626435,7.2e-05,0.002461987103009,123589408,4146.66
chr8,123590651,123591151,intergenic|chr8:123590651-123591151,intergenic,MYC,127736068,False,1e-06,0.0021058811177504,1e-06,0.0021793105053055,123590901,4145.167
chr8,123593795,123594295,intergenic|chr8:123593795-123594295,intergenic,MYC,127736068,False,1e-06,0.0020328543149129,2e-06,0.0021159013191575,123594045,4142.023
chr8,123601393,123601893,intergenic|chr8:123601393-123601893,intergenic,MYC,127736068,False,2e-05,0.0018055601380082,1.8e-05,0.0018469431888948,123601643,4134.425
chr8,123608131,123608631,intergenic|chr8:123608131-123608631,intergenic,MYC,127736068,False,1e-06,0.0021346334276513,2e-06,0.0022254803167363,123608381,4127.687
chr8,123610768,123611268,intergenic|chr8:123610768-123611268,intergenic,MYC,127736068,False,1e-06,0.002137740523329,5.1e-05,0.0024404384399932,123611018,4125.05
chr8,123612134,123612724,intergenic|chr8:123612134-123612724,intergenic,MYC,127736068,False,3e-06,0.0021345023769385,0.000102,0.0024643901965739,123612429,4123.639
chr8,123612759,123614299,intergenic|chr8:123612759-123614299,intergenic,MYC,127736068,False,4e-06,0.0021266130826116,0.000201,0.002495762254719,123613529,4122.539
chr8,123616313,123617029,intergenic|chr8:123616313-123617029,intergenic,MYC,127736068,False,2.5e-05,0.0022460597532571,2e-06,0.0022151539856668,123616671,4119.397
chr8,123617485,123617985,intergenic|chr8:123617485-123617985,intergenic,MYC,127736068,False,1.8e-05,0.0022150737524395,1e-06,0.0021872993421915,123617735,4118.333
chr8,123630273,123630773,intergenic|chr8:123630273-123630773,intergenic,MYC,127736068,False,4e-06,0.0019843957994354,6.9e-05,0.0021991886564906,123630523,4105.545
chr8,123635161,123635661,intergenic|chr8:123635161-123635661,intergenic,MYC,127736068,False,1e-06,0.0020698900213522,3e-06,0.0021455929182432,123635411,4100.657
chr8,123646407,123646907,genic|chr8:123646407-123646907,genic,MYC,127736068,False,1e-06,0.0017108279351516,2e-06,0.0017672332773987,123646657,4089.411
chr8,123652700,123653200,promoter|chr8:123652700-123653200,promoter,MYC,127736068,False,2e-06,0.0087197079441341,2.5e-05,0.009429531004212,123652950,4083.118
chr8,123662448,123662948,intergenic|chr8:123662448-123662948,intergenic,MYC,127736068,False,1e-06,0.0017546409136022,1e-06,0.0018121022529585,123662698,4073.37
chr8,123670043,123670780,intergenic|chr8:123670043-123670780,intergenic,MYC,127736068,False,4e-06,0.002250804052006,0.000101,0.002493640027862,123670411,4065.657
chr8,123670922,123671678,intergenic|chr8:123670922-123671678,intergenic,MYC,127736068,False,1.8e-05,0.0021373460812202,0.000417,0.0025196660742865,123671300,4064.768
chr8,123677724,123678224,intergenic|chr8:123677724-123678224,intergenic,MYC,127736068,False,2e-06,0.0021499590699665,6.4e-05,0.0024372378570318,123677974,4058.094
chr8,123680362,123680862,genic|chr8:123680362-123680862,genic,MYC,127736068,False,6e-06,0.0020560226502825,0.000109,0.0022628361618622,123680612,4055.456
chr8,123687505,123688005,genic|chr8:123687505-123688005,genic,MYC,127736068,False,1e-06,0.002054429284225,2e-06,0.0021502599806444,123687755,4048.313
chr8,123690198,123690698,genic|chr8:123690198-123690698,genic,MYC,127736068,False,2e-06,0.0021443782502716,0.000115,0.0024924680880502,123690448,4045.62
chr8,123693679,123694179,genic|chr8:123693679-123694179,genic,MYC,127736068,False,5e-06,0.0020533212789084,0.000171,0.002456630541754,123693929,4042.139
chr8,123701357,123701857,genic|chr8:123701357-123701857,genic,MYC,127736068,False,1e-06,0.0017455044787491,1.8e-05,0.0018820682168826,123701607,4034.461
chr8,123708619,123709119,genic|chr8:123708619-123709119,genic,MYC,127736068,False,1e-06,0.0017445441283292,2e-06,0.0018020590739416,123708869,4027.199
chr8,123718532,123719444,genic|chr8:123718532-123719444,genic,MYC,127736068,False,1e-06,0.0017436088515511,3e-06,0.0018014765170819,123718988,4017.08
chr8,123724312,123724812,genic|chr8:123724312-123724812,genic,MYC,127736068,False,1e-06,0.0017424887864944,2.5e-05,0.0019542353413731,123724562,4011.506
chr8,123730930,123731430,genic|chr8:123730930-123731430,genic,MYC,127736068,False,1e-06,0.0020102296766308,1.8e-05,0.0021242479447898,123731180,4004.888
chr8,123733531,123734031,genic|chr8:123733531-123734031,genic,MYC,127736068,False,1e-06,0.0021025149531564,1.2e-05,0.0022755868658854,123733781,4002.287
chr8,123737176,123737676,promoter|chr8:123737176-123737676,promoter,MYC,127736068,False,3e-06,0.0103772836614693,5e-06,0.0108406552526655,123737426,3998.642
chr8,123739447,123739947,intergenic|chr8:123739447-123739947,intergenic,MYC,127736068,False,1e-06,0.0021560405171492,4e-06,0.0022422984105101,123739697,3996.371
chr8,123744003,123744503,intergenic|chr8:123744003-123744503,intergenic,MYC,127736068,False,1e-06,0.0020731190950884,2e-05,0.0023007551837138,123744253,3991.815
chr8,123749421,123750203,intergenic|chr8:123749421-123750203,intergenic,MYC,127736068,False,2e-06,0.0020398632681354,4e-06,0.0021350988762329,123749812,3986.256
chr8,123754323,123754962,intergenic|chr8:123754323-123754962,intergenic,MYC,127736068,False,1e-06,0.0021372532237279,2e-06,0.002236119116907,123754642,3981.426
chr8,123758004,123758504,intergenic|chr8:123758004-123758504,intergenic,MYC,127736068,False,1e-06,0.0020366540327985,2.2e-05,0.0022268568175874,123758254,3977.814
chr8,123763339,123763839,intergenic|chr8:123763339-123763839,intergenic,MYC,127736068,False,4e-06,0.0023243255688843,8e-06,0.0024073067297232,123763589,3972.479
chr8,123766140,123766640,intergenic|chr8:123766140-123766640,intergenic,MYC,127736068,False,6e-06,0.002316301661633,0.000233,0.0027021471927036,123766390,3969.678
chr8,123768172,123768688,promoter|chr8:123768172-123768688,promoter,MYC,127736068,False,2.3e-05,0.010987386814578,0.000722,0.0141710780305734,123768430,3967.638
chr8,123776857,123777357,genic|chr8:123776857-123777357,genic,MYC,127736068,False,1.8e-05,0.0022484842664147,2e-06,0.0021971310147289,123777107,3958.961
chr8,123779037,123779537,genic|chr8:123779037-123779537,genic,MYC,127736068,False,2.6e-05,0.0022195675838226,2e-06,0.0021985893774182,123779287,3956.781
chr8,123804378,123804878,genic|chr8:123804378-123804878,genic,MYC,127736068,False,1e-06,0.0021075416418644,5.3e-05,0.0025066127118312,123804628,3931.44
chr8,123806873,123807373,genic|chr8:123806873-123807373,genic,MYC,127736068,False,1e-06,0.0020789988809184,1e-06,0.0021470595148437,123807123,3928.945
chr8,123822878,123823835,intergenic|chr8:123822878-123823835,intergenic,MYC,127736068,False,1.2e-05,0.0021614135557702,0.000242,0.0024230508114703,123823356,3912.712
chr8,123827930,123828430,intergenic|chr8:123827930-123828430,intergenic,MYC,127736068,False,2e-06,0.0023162664334698,3e-06,0.0023951156504059,123828180,3907.888
chr8,123831234,123831734,intergenic|chr8:123831234-123831734,intergenic,MYC,127736068,False,1e-06,0.0022041969755916,1.1e-05,0.002336804038932,123831484,3904.584
chr8,123832644,123833144,intergenic|chr8:123832644-123833144,intergenic,MYC,127736068,False,2e-06,0.0021817878872167,1.8e-05,0.0023251376465688,123832894,3903.174
chr8,123839232,123839732,intergenic|chr8:123839232-123839732,intergenic,MYC,127736068,False,2e-06,0.0022426764611314,3.9e-05,0.0024198664148678,123839482,3896.586
chr8,123839945,123840445,intergenic|chr8:123839945-123840445,intergenic,MYC,127736068,False,7e-05,0.0024898532408016,4.9e-05,0.0024463444394567,123840195,3895.873
chr8,123842270,123842770,intergenic|chr8:123842270-123842770,intergenic,MYC,127736068,False,5.3e-05,0.002496816384236,3e-05,0.0024583009555699,123842520,3893.548
chr8,123843058,123843558,intergenic|chr8:123843058-123843558,intergenic,MYC,127736068,False,1.6e-05,0.0024878864723857,1e-05,0.0024561926959931,123843308,3892.76
chr8,123843639,123844139,intergenic|chr8:123843639-123844139,intergenic,MYC,127736068,False,3.9e-05,0.0024905654176561,1.5e-05,0.0024541073251495,123843889,3892.179
chr8,123844727,123845227,intergenic|chr8:123844727-123845227,intergenic,MYC,127736068,False,5.5e-05,0.0024688781788112,4.2e-05,0.0024265907911932,123844977,3891.091
chr8,123847291,123847791,intergenic|chr8:123847291-123847791,intergenic,MYC,127736068,False,1e-06,0.0022505955059719,2.1e-05,0.002428584039484,123847541,3888.527
chr8,123851736,123852236,promoter|chr8:123851736-123852236,promoter,MYC,127736068,False,2e-06,0.010062818552152,4e-05,0.0109751299842641,123851986,3884.082
chr8,123858435,123858935,genic|chr8:123858435-123858935,genic,MYC,127736068,False,0.000133,0.0020328084585604,1.1e-05,0.0019249516482918,123858685,3877.383
chr8,123876502,123877371,genic|chr8:123876502-123877371,genic,MYC,127736068,False,5e-06,0.0023638700995927,0.000147,0.0027236039257887,123876936,3859.132
chr8,123877866,123878366,genic|chr8:123877866-123878366,genic,MYC,127736068,False,1.5e-05,0.0022746473665359,0.000521,0.0028004380986407,123878116,3857.952
chr8,123886375,123886875,genic|chr8:123886375-123886875,genic,MYC,127736068,False,2e-06,0.0018572101047529,1e-06,0.0019176156443308,123886625,3849.443
chr8,123897110,123897610,genic|chr8:123897110-123897610,genic,MYC,127736068,False,2e-06,0.0018561934998392,3e-06,0.0019173822432237,123897360,3838.708
chr8,123903772,123904569,genic|chr8:123903772-123904569,genic,MYC,127736068,False,1e-06,0.0018546041965075,4.7e-05,0.0021041748313597,123904170,3831.898
chr8,123911767,123912267,genic|chr8:123911767-123912267,genic,MYC,127736068,False,1e-06,0.0021486924455097,1e-06,0.0022007066758573,123912017,3824.051
chr8,123912729,123913229,genic|chr8:123912729-123913229,genic,MYC,127736068,False,1e-06,0.0021437142288586,1e-06,0.0021689402890704,123912979,3823.089
chr8,123922056,123922808,genic|chr8:123922056-123922808,genic,MYC,127736068,False,1.8e-05,0.0021583707144649,2.9e-05,0.0022514105108383,123922432,3813.636
chr8,123924563,123925063,genic|chr8:123924563-123925063,genic,MYC,127736068,False,1e-06,0.0023732618193073,2e-06,0.002465421076032,123924813,3811.255
chr8,123928118,123928618,genic|chr8:123928118-123928618,genic,MYC,127736068,False,1e-06,0.0021473906275222,2e-06,0.0022352073975411,123928368,3807.7
chr8,123942419,123942919,genic|chr8:123942419-123942919,genic,MYC,127736068,False,1e-06,0.0021589823426443,2e-06,0.0022440353770932,123942669,3793.399
chr8,123944623,123945123,genic|chr8:123944623-123945123,genic,MYC,127736068,False,1e-06,0.0021872846015201,1e-06,0.0022549565144434,123944873,3791.195
chr8,123945953,123946453,genic|chr8:123945953-123946453,genic,MYC,127736068,False,1e-06,0.002177181222376,1e-06,0.002255641700278,123946203,3789.865
chr8,123951835,123952335,genic|chr8:123951835-123952335,genic,MYC,127736068,False,2e-06,0.0022606291336796,2.6e-05,0.0025044995115425,123952085,3783.983
chr8,123952976,123953476,genic|chr8:123952976-123953476,genic,MYC,127736068,False,4e-06,0.0022248516247455,0.0001,0.0024765177047922,123953226,3782.842
chr8,123956629,123957129,genic|chr8:123956629-123957129,genic,MYC,127736068,False,2e-06,0.0022649375099932,0.0001,0.0027082875102714,123956879,3779.189
chr8,123971622,123972122,genic|chr8:123971622-123972122,genic,MYC,127736068,False,1e-06,0.001839641530078,1e-06,0.0018998811891617,123971872,3764.196
chr8,123980537,123981037,genic|chr8:123980537-123981037,genic,MYC,127736068,False,4e-06,0.0021600137683566,5e-06,0.0022247065929601,123980787,3755.281
chr8,123981704,123982204,genic|chr8:123981704-123982204,genic,MYC,127736068,False,2e-06,0.0022087855818342,2e-06,0.0022743897296715,123981954,3754.114
chr8,123994528,123995028,genic|chr8:123994528-123995028,genic,MYC,127736068,False,1e-06,0.0018362170263071,1.9e-05,0.0019829685367899,123994778,3741.29
chr8,124005430,124005930,genic|chr8:124005430-124005930,genic,MYC,127736068,False,1e-06,0.0022112091565988,1.3e-05,0.0023497529810701,124005680,3730.388
chr8,124006552,124007052,genic|chr8:124006552-124007052,genic,MYC,127736068,False,2e-06,0.0021979852398961,2.3e-05,0.0023323391927485,124006802,3729.266
chr8,124010101,124010601,genic|chr8:124010101-124010601,genic,MYC,127736068,False,2e-06,0.0022100489758813,1.9e-05,0.0023590340939809,124010351,3725.717
chr8,124015022,124015522,genic|chr8:124015022-124015522,genic,MYC,127736068,False,1e-06,0.002216491550763,2e-06,0.0023042081627751,124015272,3720.796
chr8,124015657,124016157,genic|chr8:124015657-124016157,genic,MYC,127736068,False,1e-06,0.0021470408801849,3e-06,0.0022515819280147,124015907,3720.161
chr8,124017617,124018117,genic|chr8:124017617-124018117,genic,MYC,127736068,False,1e-06,0.002201339102469,2e-06,0.0022801357950027,124017867,3718.201
chr8,124022022,124022522,genic|chr8:124022022-124022522,genic,MYC,127736068,False,1e-06,0.0020692009151589,1e-06,0.0022022877233673,124022272,3713.796
chr8,124030315,124030815,genic|chr8:124030315-124030815,genic,MYC,127736068,False,3.5e-05,0.0019205975879526,4e-06,0.0018866059422201,124030565,3705.503
chr8,124037673,124038173,genic|chr8:124037673-124038173,genic,MYC,127736068,False,3.2e-05,0.0022414250834449,4.6e-05,0.0023385672950598,124037923,3698.145
chr8,124041225,124041725,genic|chr8:124041225-124041725,genic,MYC,127736068,False,2e-06,0.0022229091967669,3.6e-05,0.0024115989995151,124041475,3694.593
chr8,124049715,124050215,genic|chr8:124049715-124050215,genic,MYC,127736068,False,1e-06,0.0018755767152074,1e-06,0.0019369908001175,124049965,3686.103
chr8,124057734,124058234,genic|chr8:124057734-124058234,genic,MYC,127736068,False,1e-06,0.0021460640963808,1e-06,0.0022163153825815,124057984,3678.084
chr8,124059307,124059807,genic|chr8:124059307-124059807,genic,MYC,127736068,False,1e-06,0.0021565566712443,1e-06,0.0021821302939656,124059557,3676.511
chr8,124068023,124068523,genic|chr8:124068023-124068523,genic,MYC,127736068,False,1e-06,0.0018716833507205,5.4e-05,0.002176259403186,124068273,3667.795
chr8,124081684,124082184,genic|chr8:124081684-124082184,genic,MYC,127736068,False,1e-06,0.0018708394392121,1e-06,0.0019320987065157,124081934,3654.134
chr8,124098403,124098903,genic|chr8:124098403-124098903,genic,MYC,127736068,False,1e-06,0.0021687598067268,2.2e-05,0.0023440454743325,124098653,3637.415
chr8,124103135,124103635,genic|chr8:124103135-124103635,genic,MYC,127736068,False,1e-06,0.002329168276652,2e-06,0.0024143147758755,124103385,3632.683
chr8,124104091,124104591,genic|chr8:124104091-124104591,genic,MYC,127736068,False,4e-06,0.0022930154498396,5e-06,0.0023724682789927,124104341,3631.727
chr8,124104774,124105274,genic|chr8:124104774-124105274,genic,MYC,127736068,False,3e-06,0.0023052595791923,0.000103,0.0026390826819533,124105024,3631.044
chr8,124106256,124106756,genic|chr8:124106256-124106756,genic,MYC,127736068,False,2e-06,0.0023208346787124,5.2e-05,0.0026262056494461,124106506,3629.562
chr8,124109585,124110085,genic|chr8:124109585-124110085,genic,MYC,127736068,False,1e-06,0.0022637247651977,3.9e-05,0.0025464077103819,124109835,3626.233
chr8,124129364,124129864,intergenic|chr8:124129364-124129864,intergenic,MYC,127736068,False,1e-06,0.0018619406966595,2e-06,0.0019233185701745,124129614,3606.454
chr8,124136819,124137319,intergenic|chr8:124136819-124137319,intergenic,MYC,127736068,False,2e-06,0.0023412705769357,2e-06,0.0024028265111216,124137069,3598.999
chr8,124138099,124139086,intergenic|chr8:124138099-124139086,intergenic,MYC,127736068,False,6e-06,0.0022996658296568,6e-06,0.0023786300323991,124138592,3597.476
chr8,124139838,124140338,intergenic|chr8:124139838-124140338,intergenic,MYC,127736068,False,2.1e-05,0.0024624310438886,6.9e-05,0.002609573350901,124140088,3595.98
chr8,124140532,124141032,intergenic|chr8:124140532-124141032,intergenic,MYC,127736068,False,6.3e-05,0.0024657097098498,0.000115,0.0026373606085589,124140782,3595.286
chr8,124145427,124145927,intergenic|chr8:124145427-124145927,intergenic,MYC,127736068,False,1e-06,0.0022863534394368,2.8e-05,0.002441850688465,124145677,3590.391
chr8,124147556,124148309,intergenic|chr8:124147556-124148309,intergenic,MYC,127736068,False,3e-06,0.0021215341816791,3e-05,0.0023403685118339,124147932,3588.136
chr8,124161228,124161728,intergenic|chr8:124161228-124161728,intergenic,MYC,127736068,False,1e-06,0.0018523093728483,1e-06,0.001912963049572,124161478,3574.59
chr8,124171766,124172266,intergenic|chr8:124171766-124172266,intergenic,MYC,127736068,False,1e-06,0.0022056744427882,2.9e-05,0.0024994906930494,124172016,3564.052
chr8,124173847,124174347,intergenic|chr8:124173847-124174347,intergenic,MYC,127736068,False,1e-06,0.0023132660508065,4.1e-05,0.0026102282294135,124174097,3561.971
chr8,124175067,124175567,intergenic|chr8:124175067-124175567,intergenic,MYC,127736068,False,2e-06,0.0023020004714203,6.5e-05,0.0025833862307582,124175317,3560.751
chr8,124177424,124177924,intergenic|chr8:124177424-124177924,intergenic,MYC,127736068,False,2e-06,0.0023297115881399,4.8e-05,0.0026488575344846,124177674,3558.394
chr8,124181367,124181867,intergenic|chr8:124181367-124181867,intergenic,MYC,127736068,False,3e-06,0.0023325996312582,6.6e-05,0.0025242772790052,124181617,3554.451
chr8,124185401,124185901,intergenic|chr8:124185401-124185901,intergenic,MYC,127736068,False,1e-06,0.0023258686147461,2.4e-05,0.0025265928393952,124185651,3550.417
chr8,124186346,124186846,intergenic|chr8:124186346-124186846,intergenic,MYC,127736068,False,3e-06,0.0022919257372256,4.3e-05,0.002516934959,124186596,3549.472
chr8,124192882,124193382,intergenic|chr8:124192882-124193382,intergenic,MYC,127736068,False,2e-06,0.0018973755051211,2.4e-05,0.0020500333827488,124193132,3542.936
chr8,124199994,124200799,intergenic|chr8:124199994-124200799,intergenic,MYC,127736068,False,2.1e-05,0.0019037382750768,0.000393,0.0022060882456825,124200396,3535.672
chr8,124207360,124207860,intergenic|chr8:124207360-124207860,intergenic,MYC,127736068,False,1e-06,0.0018943384053315,2e-06,0.001956782158197,124207610,3528.458
chr8,124213846,124214346,intergenic|chr8:124213846-124214346,intergenic,MYC,127736068,False,1e-06,0.0021680391690519,3.7e-05,0.0024277099801532,124214096,3521.972
chr8,124214773,124215273,intergenic|chr8:124214773-124215273,intergenic,MYC,127736068,False,1e-06,0.0021375838267347,3.2e-05,0.0024469862058065,124215023,3521.045
chr8,124222288,124222788,intergenic|chr8:124222288-124222788,intergenic,MYC,127736068,False,1e-06,0.0022800299701786,1e-06,0.0023076632742547,124222538,3513.53
chr8,124223935,124224435,intergenic|chr8:124223935-124224435,intergenic,MYC,127736068,False,2e-06,0.0022796682170651,1e-06,0.0023455975616623,124224185,3511.883
chr8,124225699,124226606,intergenic|chr8:124225699-124226606,intergenic,MYC,127736068,False,2e-06,0.002280913977612,2.4e-05,0.0024222390818133,124226152,3509.916
chr8,124228783,124229283,intergenic|chr8:124228783-124229283,intergenic,MYC,127736068,False,1e-06,0.0022997070178291,1.7e-05,0.0024390089090255,124229033,3507.035
chr8,124232613,124233113,intergenic|chr8:124232613-124233113,intergenic,MYC,127736068,False,1e-06,0.0021647120437716,2.1e-05,0.0023319459434146,124232863,3503.205
chr8,124246675,124247175,intergenic|chr8:124246675-124247175,intergenic,MYC,127736068,False,2e-06,0.0022831147217526,2e-06,0.0023424142631016,124246925,3489.143
chr8,124247394,124247894,intergenic|chr8:124247394-124247894,intergenic,MYC,127736068,False,3e-06,0.0022556512915821,2e-06,0.0023415125203923,124247644,3488.424
chr8,124248420,124248920,intergenic|chr8:124248420-124248920,intergenic,MYC,127736068,False,2e-06,0.0023791629336132,3e-06,0.0024309071863885,124248670,3487.398
chr8,124253066,124253566,intergenic|chr8:124253066-124253566,intergenic,MYC,127736068,False,2e-06,0.0023405717761049,2e-06,0.002457776192318,124253316,3482.752
chr8,124254667,124255167,intergenic|chr8:124254667-124255167,intergenic,MYC,127736068,False,2e-06,0.0022944311729742,4e-06,0.0023729329260986,124254917,3481.151
chr8,124256251,124256751,intergenic|chr8:124256251-124256751,intergenic,MYC,127736068,False,1e-06,0.002312086050806,2e-06,0.0024146337277737,124256501,3479.567
chr8,124261728,124262538,intergenic|chr8:124261728-124262538,intergenic,MYC,127736068,False,7e-06,0.0023606009315131,0.000198,0.0027149135045018,124262133,3473.935
chr8,124262651,124263151,intergenic|chr8:124262651-124263151,intergenic,MYC,127736068,False,6e-06,0.0023764877012944,0.000138,0.0027160300403264,124262901,3473.167
chr8,124271383,124272471,intergenic|chr8:124271383-124272471,intergenic,MYC,127736068,False,0.000429,0.0021960736061619,5.8e-05,0.0020170308850105,124271927,3464.141
chr8,124280278,124280778,intergenic|chr8:124280278-124280778,intergenic,MYC,127736068,False,1.7e-05,0.0020253634964267,3.3e-05,0.0020791982125394,124280528,3455.54
chr8,124299681,124300181,intergenic|chr8:124299681-124300181,intergenic,MYC,127736068,False,2e-06,0.0023041315783015,3e-05,0.0024607357263876,124299931,3436.137
chr8,124300932,124301432,intergenic|chr8:124300932-124301432,intergenic,MYC,127736068,False,1e-06,0.0023029004952355,2e-06,0.0023780569912876,124301182,3434.886
chr8,124304138,124304638,intergenic|chr8:124304138-124304638,intergenic,MYC,127736068,False,2e-06,0.0022896700028589,2e-06,0.0023818842402937,124304388,3431.68
chr8,124333794,124334294,genic|chr8:124333794-124334294,genic,MYC,127736068,False,1e-06,0.0019241081993405,2e-06,0.0019875313104589,124334044,3402.024
chr8,124339087,124339587,genic|chr8:124339087-124339587,genic,MYC,127736068,False,1e-06,0.0019226142055735,3.8e-05,0.0020738970478003,124339337,3396.731
chr8,124344909,124345409,genic|chr8:124344909-124345409,genic,MYC,127736068,False,2.6e-05,0.0020228666417901,2.8e-05,0.0020744438390847,124345159,3390.909
chr8,124351822,124352322,genic|chr8:124351822-124352322,genic,MYC,127736068,False,1e-06,0.0022685844452617,4e-05,0.0024887797864992,124352072,3383.996
chr8,124355536,124356601,genic|chr8:124355536-124356601,genic,MYC,127736068,False,3e-06,0.0021956736799253,4.8e-05,0.0024529428154365,124356068,3380.0
chr8,124372366,124373027,promoter|chr8:124372366-124373027,promoter,MYC,127736068,False,0.000352,0.0099201908387691,0.001824,0.0148692592497026,124372696,3363.372
chr8,124384636,124385136,intergenic|chr8:124384636-124385136,intergenic,MYC,127736068,False,2e-06,0.0019810910563945,1e-06,0.0020455175521495,124384886,3351.182
chr8,124408156,124408656,intergenic|chr8:124408156-124408656,intergenic,MYC,127736068,False,1e-06,0.0019802289448013,1.7e-05,0.0021414275515613,124408406,3327.662
chr8,124414052,124414552,intergenic|chr8:124414052-124414552,intergenic,MYC,127736068,False,1e-06,0.0019787110924745,2e-06,0.002043930356953,124414302,3321.766
chr8,124419827,124420327,intergenic|chr8:124419827-124420327,intergenic,MYC,127736068,False,1e-06,0.0019771848315828,2.2e-05,0.0021351487038186,124420077,3315.991
chr8,124425208,124426445,intergenic|chr8:124425208-124426445,intergenic,MYC,127736068,False,1.8e-05,0.0019828127033994,2.1e-05,0.0020490367091926,124425826,3310.242
chr8,124435240,124435740,intergenic|chr8:124435240-124435740,intergenic,MYC,127736068,False,2e-06,0.002477078573647,2e-06,0.0025777183669663,124435490,3300.578
chr8,124440294,124441067,intergenic|chr8:124440294-124441067,intergenic,MYC,127736068,False,1.2e-05,0.0023170329501064,2.1e-05,0.0023483844514645,124440680,3295.388
chr8,124447112,124447612,intergenic|chr8:124447112-124447612,intergenic,MYC,127736068,False,5e-06,0.0026200227486001,8.8e-05,0.0029828608278925,124447362,3288.706
chr8,124450141,124451056,promoter|chr8:124450141-124451056,promoter,MYC,127736068,False,0.00076,0.0131773415591729,0.001803,0.0167748726833595,124450598,3285.47
chr8,124455804,124456304,intergenic|chr8:124455804-124456304,intergenic,MYC,127736068,False,2e-06,0.0027052168517313,3.2e-05,0.0029495382870025,124456054,3280.014
chr8,124461072,124461572,intergenic|chr8:124461072-124461572,intergenic,MYC,127736068,False,2e-06,0.0025099388661199,3e-06,0.0025932610252675,124461322,3274.746
chr8,124463236,124463736,genic|chr8:124463236-124463736,genic,MYC,127736068,False,3e-06,0.0025245576209808,3e-06,0.0026124281698486,124463486,3272.582
chr8,124465297,124466135,genic|chr8:124465297-124466135,genic,MYC,127736068,False,5e-06,0.0024898299725271,0.000151,0.0028243081309143,124465716,3270.352
chr8,124467309,124467809,genic|chr8:124467309-124467809,genic,MYC,127736068,False,2e-06,0.0025032593513284,4.1e-05,0.0027906969701052,124467559,3268.509
chr8,124474055,124475016,promoter|chr8:124474055-124475016,promoter,MYC,127736068,False,0.000146,0.0115140002040779,0.002124,0.0179690451631465,124474535,3261.533
chr8,124476121,124476621,genic|chr8:124476121-124476621,genic,MYC,127736068,False,0.000162,0.0032520396735157,1.7e-05,0.0031060876804607,124476371,3259.697
chr8,124483860,124484360,genic|chr8:124483860-124484360,genic,MYC,127736068,False,2e-06,0.0026055207977338,2e-06,0.0026914107437085,124484110,3251.958
chr8,124487022,124487522,genic|chr8:124487022-124487522,genic,MYC,127736068,False,2e-06,0.0026468305668626,3e-06,0.0027327288194157,124487272,3248.796
chr8,124488832,124489332,genic|chr8:124488832-124489332,genic,MYC,127736068,False,1e-06,0.0026636678018223,2e-06,0.0027338571169932,124489082,3246.986
chr8,124491276,124491776,genic|chr8:124491276-124491776,genic,MYC,127736068,False,3e-06,0.002645437950581,4.2e-05,0.0028637115460651,124491526,3244.542
chr8,124496309,124496809,genic|chr8:124496309-124496809,genic,MYC,127736068,False,2e-06,0.0025689781389661,3e-06,0.0026536011018643,124496559,3239.509
chr8,124506425,124506925,genic|chr8:124506425-124506925,genic,MYC,127736068,False,1e-06,0.0025495089921378,3.6e-05,0.0028031191698208,124506675,3229.393
chr8,124509146,124509646,genic|chr8:124509146-124509646,genic,MYC,127736068,False,2e-06,0.002486455338124,3.6e-05,0.0027983898498794,124509396,3226.672
chr8,124525544,124526647,genic|chr8:124525544-124526647,genic,MYC,127736068,False,1.5e-05,0.0021701810160303,0.000402,0.0026201301301367,124526095,3209.973
chr8,124531222,124531722,genic|chr8:124531222-124531722,genic,MYC,127736068,False,2e-06,0.0027270459782574,2e-06,0.0028172033075637,124531472,3204.596
chr8,124538300,124538800,promoter|chr8:124538300-124538800,promoter,MYC,127736068,False,2.6e-05,0.0119152102817549,0.000362,0.0136571508428817,124538550,3197.518
chr8,124538838,124539643,promoter|chr8:124538838-124539643,promoter,MYC,127736068,False,6e-05,0.0116263378598244,0.000775,0.0144053814626706,124539240,3196.828
chr8,124548762,124549262,genic|chr8:124548762-124549262,genic,MYC,127736068,False,2e-06,0.0027473511138927,2.7e-05,0.0029178759787931,124549012,3187.056
chr8,124549508,124550008,genic|chr8:124549508-124550008,genic,MYC,127736068,False,2e-06,0.0027628877583145,2.2e-05,0.002988230292995,124549758,3186.31
chr8,124554486,124554986,genic|chr8:124554486-124554986,genic,MYC,127736068,False,1e-06,0.0028221859454721,2e-06,0.0028902586835806,124554736,3181.332
chr8,124556410,124556910,genic|chr8:124556410-124556910,genic,MYC,127736068,False,3e-06,0.0026702318159431,3e-06,0.0027575942844257,124556660,3179.408
chr8,124561769,124562269,genic|chr8:124561769-124562269,genic,MYC,127736068,False,2e-06,0.0023260881369103,2.3e-05,0.0025166938901059,124562019,3174.049
chr8,124577630,124578130,genic|chr8:124577630-124578130,genic,MYC,127736068,False,1e-06,0.0026963013901948,3.7e-05,0.0030222199294335,124577880,3158.188
chr8,124582797,124583297,genic|chr8:124582797-124583297,genic,MYC,127736068,False,2e-05,0.0027919688864233,2e-06,0.0027655271694627,124583047,3153.021
chr8,124592645,124593375,genic|chr8:124592645-124593375,genic,MYC,127736068,False,6e-06,0.0023234706844753,8e-06,0.0024005362734692,124593010,3143.058
chr8,124613524,124614024,genic|chr8:124613524-124614024,genic,MYC,127736068,False,2e-06,0.0026294782878276,2e-06,0.0027155110459844,124613774,3122.294
chr8,124618700,124619200,genic|chr8:124618700-124619200,genic,MYC,127736068,False,1.1e-05,0.0030173849262386,1e-06,0.002948890006621,124618950,3117.118
chr8,124620927,124621427,genic|chr8:124620927-124621427,genic,MYC,127736068,False,5e-06,0.0027589775608785,6.9e-05,0.0030041419593065,124621177,3114.891
chr8,124622108,124622608,genic|chr8:124622108-124622608,genic,MYC,127736068,False,2e-06,0.0028816217567459,3.3e-05,0.0031016107522302,124622358,3113.71
chr8,124626692,124627192,genic|chr8:124626692-124627192,genic,MYC,127736068,False,5e-06,0.002902153623498,8.8e-05,0.0032713411634802,124626942,3109.126
chr8,124629482,124630192,genic|chr8:124629482-124630192,genic,MYC,127736068,False,9e-06,0.0028285120541975,0.000211,0.0032428178917904,124629837,3106.231
chr8,124630681,124631181,genic|chr8:124630681-124631181,genic,MYC,127736068,False,2e-06,0.0028992413131036,2e-06,0.0029754908143736,124630931,3105.137
chr8,124642094,124642594,genic|chr8:124642094-124642594,genic,MYC,127736068,False,2.1e-05,0.0029014122324639,3e-06,0.0027724439182492,124642344,3093.724
chr8,124644018,124644518,genic|chr8:124644018-124644518,genic,MYC,127736068,False,4.6e-05,0.0029196931571489,3e-06,0.0028733796269853,124644268,3091.8
chr8,124647624,124648124,genic|chr8:124647624-124648124,genic,MYC,127736068,False,2e-06,0.0027566398159823,3e-06,0.0027673602766696,124647874,3088.194
chr8,124655274,124655774,genic|chr8:124655274-124655774,genic,MYC,127736068,False,2e-06,0.0026356316748925,3e-06,0.0027580615283643,124655524,3080.544
chr8,124660274,124660774,genic|chr8:124660274-124660774,genic,MYC,127736068,False,1e-06,0.0027400493148959,2e-06,0.0028302914871554,124660524,3075.544
chr8,124661295,124661795,genic|chr8:124661295-124661795,genic,MYC,127736068,False,1e-06,0.002630247956506,2e-06,0.0027524284752224,124661545,3074.523
chr8,124688390,124688890,genic|chr8:124688390-124688890,genic,MYC,127736068,False,1e-06,0.0022957656003884,3e-06,0.0023719149477199,124688640,3047.428
chr8,124704528,124705282,genic|chr8:124704528-124705282,genic,MYC,127736068,False,2e-06,0.002295074972643,2e-05,0.0024661352057182,124704905,3031.163
chr8,124716580,124717080,genic|chr8:124716580-124717080,genic,MYC,127736068,False,1e-06,0.002581825706813,2e-06,0.002666870797898,124716830,3019.238
chr8,124721015,124721515,genic|chr8:124721015-124721515,genic,MYC,127736068,False,1e-06,0.0025943710407864,1e-06,0.0027346876544358,124721265,3014.803
chr8,124727543,124729163,promoter|chr8:124727543-124729163,promoter,MYC,127736068,False,0.000258,0.0099176475300732,0.000233,0.0101215370359892,124728353,3007.715
chr8,124738206,124738706,intergenic|chr8:124738206-124738706,intergenic,MYC,127736068,False,2e-06,0.0026900422454515,1e-06,0.0027774601769815,124738456,2997.612
chr8,124741675,124742175,intergenic|chr8:124741675-124742175,intergenic,MYC,127736068,False,1e-06,0.002765034867489,2.1e-05,0.0030357877289666,124741925,2994.143
chr8,124751474,124751974,intergenic|chr8:124751474-124751974,intergenic,MYC,127736068,False,4e-06,0.0023838013515412,7.6e-05,0.0026948811547321,124751724,2984.344
chr8,124765515,124766015,intergenic|chr8:124765515-124766015,intergenic,MYC,127736068,False,1e-06,0.0027818047194826,2.8e-05,0.0031450971107122,124765765,2970.303
chr8,124767888,124768770,intergenic|chr8:124767888-124768770,intergenic,MYC,127736068,False,2e-06,0.002754830784056,7.3e-05,0.0031663574206196,124768329,2967.739
chr8,124772040,124772540,intergenic|chr8:124772040-124772540,intergenic,MYC,127736068,False,9e-06,0.0029588177645715,2e-06,0.0029601272771515,124772290,2963.778
chr8,124774852,124775352,intergenic|chr8:124774852-124775352,intergenic,MYC,127736068,False,1e-06,0.0026811044530058,3e-06,0.0028424795446542,124775102,2960.966
chr8,124781302,124781802,intergenic|chr8:124781302-124781802,intergenic,MYC,127736068,False,3.9e-05,0.0030690585627705,3e-05,0.0030349724769686,124781552,2954.516
chr8,124784434,124784934,intergenic|chr8:124784434-124784934,intergenic,MYC,127736068,False,2.4e-05,0.0030835231788542,2.4e-05,0.0030424888451482,124784684,2951.384
chr8,124785583,124786083,intergenic|chr8:124785583-124786083,intergenic,MYC,127736068,False,2e-06,0.0028402204796903,2e-06,0.0029701556736414,124785833,2950.235
chr8,124790675,124791175,intergenic|chr8:124790675-124791175,intergenic,MYC,127736068,False,1e-06,0.0027358732051444,2e-06,0.0028045854709185,124790925,2945.143
chr8,124802819,124803319,intergenic|chr8:124802819-124803319,intergenic,MYC,127736068,False,1e-06,0.002738776216647,3e-06,0.0027850970302641,124803069,2932.999
chr8,124804818,124805318,intergenic|chr8:124804818-124805318,intergenic,MYC,127736068,False,3.9e-05,0.0029692603904432,2e-06,0.0028479972505716,124805068,2931.0
chr8,124810389,124810889,intergenic|chr8:124810389-124810889,intergenic,MYC,127736068,False,1e-06,0.0027621992043741,2.3e-05,0.0029306488152857,124810639,2925.429
chr8,124815173,124815921,intergenic|chr8:124815173-124815921,intergenic,MYC,127736068,False,2e-06,0.0026876695304741,2e-06,0.0028117763964637,124815547,2920.521
chr8,124828906,124829406,intergenic|chr8:124828906-124829406,intergenic,MYC,127736068,False,1e-06,0.0026737436745029,2e-05,0.002924971991056,124829156,2906.912
chr8,124832717,124833217,intergenic|chr8:124832717-124833217,intergenic,MYC,127736068,False,1e-06,0.0026754547919886,2e-06,0.0027995128945935,124832967,2903.101
chr8,124842003,124842503,intergenic|chr8:124842003-124842503,intergenic,MYC,127736068,False,2e-06,0.0026988843295129,2e-06,0.0028084335656453,124842253,2893.815
chr8,124843235,124843735,intergenic|chr8:124843235-124843735,intergenic,MYC,127736068,False,1e-06,0.0027104690345562,2e-06,0.0027637465445802,124843485,2892.583
chr8,124856589,124857089,intergenic|chr8:124856589-124857089,intergenic,MYC,127736068,False,1e-06,0.0023487692797452,1.8e-05,0.0025274567616713,124856839,2879.229
chr8,124866454,124866954,intergenic|chr8:124866454-124866954,intergenic,MYC,127736068,False,4e-06,0.0023485264027399,5e-06,0.0024259051733293,124866704,2869.364
chr8,124872412,124872912,intergenic|chr8:124872412-124872912,intergenic,MYC,127736068,False,1e-06,0.0023449861919783,2e-06,0.0024222487581853,124872662,2863.406
chr8,124883021,124883521,intergenic|chr8:124883021-124883521,intergenic,MYC,127736068,False,1e-06,0.0023434178936846,1.8e-05,0.0025297190808184,124883271,2852.797
chr8,124888678,124889178,intergenic|chr8:124888678-124889178,intergenic,MYC,127736068,False,2.4e-05,0.0024538752363762,9.1e-05,0.0026355419358807,124888928,2847.14
chr8,124895438,124895938,intergenic|chr8:124895438-124895938,intergenic,MYC,127736068,False,3e-06,0.0023403569973588,2.7e-05,0.0025281357069325,124895688,2840.38
chr8,124921347,124921847,intergenic|chr8:124921347-124921847,intergenic,MYC,127736068,False,1e-06,0.0027877964798362,1e-06,0.0028943687940726,124921597,2814.471
chr8,124923955,124924455,intergenic|chr8:124923955-124924455,intergenic,MYC,127736068,False,2e-06,0.0028084814476475,2e-06,0.0029097076110694,124924205,2811.863
chr8,124924521,124925021,intergenic|chr8:124924521-124925021,intergenic,MYC,127736068,False,2e-06,0.0027949889490698,4e-06,0.0028658010307739,124924771,2811.297
chr8,124926788,124927288,intergenic|chr8:124926788-124927288,intergenic,MYC,127736068,False,2e-06,0.0027798945646456,1.4e-05,0.0030024688818636,124927038,2809.03
chr8,124941726,124942257,promoter|chr8:124941726-124942257,promoter,MYC,127736068,False,5e-06,0.0109537236141429,4e-06,0.0111896012160082,124941991,2794.077
chr8,124942398,124942898,promoter|chr8:124942398-124942898,promoter,MYC,127736068,False,3e-06,0.0110424657135982,3e-06,0.0112712460923617,124942648,2793.42
chr8,124944472,124944972,genic|chr8:124944472-124944972,genic,MYC,127736068,False,1e-06,0.0030032469418586,1e-06,0.0030604786302846,124944722,2791.346
chr8,124946842,124947342,genic|chr8:124946842-124947342,genic,MYC,127736068,False,2e-06,0.0029893606549084,1.7e-05,0.0031856055067483,124947092,2788.976
chr8,124953635,124954135,intergenic|chr8:124953635-124954135,intergenic,MYC,127736068,False,2e-06,0.0029162465600883,4e-06,0.0030072294612385,124953885,2782.183
chr8,124955762,124956262,intergenic|chr8:124955762-124956262,intergenic,MYC,127736068,False,2e-06,0.0029157663514975,2e-06,0.003030724515899,124956012,2780.056
chr8,124956843,124957545,intergenic|chr8:124956843-124957545,intergenic,MYC,127736068,False,3e-06,0.0028844140482816,4e-06,0.0029926718946004,124957194,2778.874
chr8,124966955,124967455,intergenic|chr8:124966955-124967455,intergenic,MYC,127736068,False,1e-06,0.002422192807869,3.8e-05,0.0026350019539873,124967205,2768.863
chr8,124972995,124973783,promoter|chr8:124972995-124973783,promoter,MYC,127736068,False,4.9e-05,0.0091458771333381,0.000645,0.0110846127504469,124973389,2762.679
chr8,124983890,124984390,intergenic|chr8:124983890-124984390,intergenic,MYC,127736068,False,2e-06,0.0025336639276318,5.3e-05,0.0028577060829595,124984140,2751.928
chr8,124997806,124998727,promoter|chr8:124997806-124998727,promoter,MYC,127736068,False,0.000573,0.0107296785463962,6.6e-05,0.0094853080365488,124998266,2737.802
chr8,125019602,125020102,genic|chr8:125019602-125020102,genic,MYC,127736068,False,2e-06,0.0027957634641988,2.4e-05,0.0030080445190829,125019852,2716.216
chr8,125030471,125030971,genic|chr8:125030471-125030971,genic,MYC,127736068,False,5e-06,0.0035482291468386,5e-06,0.003656931784385,125030721,2705.347
chr8,125031781,125032281,genic|chr8:125031781-125032281,genic,MYC,127736068,False,2.1e-05,0.0033590113645361,2.7e-05,0.0034482027795102,125032031,2704.037
chr8,125044493,125044993,genic|chr8:125044493-125044993,genic,MYC,127736068,False,2e-06,0.0027890600040852,2e-06,0.0028802989686023,125044743,2691.325
chr8,125052981,125053481,genic|chr8:125052981-125053481,genic,MYC,127736068,False,1e-06,0.0027861987077155,1.7e-05,0.0029946442075281,125053231,2682.837
chr8,125085360,125086118,genic|chr8:125085360-125086118,genic,MYC,127736068,False,4e-06,0.0027881905346936,5e-06,0.0028800134517596,125085739,2650.329
chr8,125091555,125092090,promoter|chr8:125091555-125092090,promoter,MYC,127736068,False,2.8e-05,0.0091443918996939,0.000391,0.0105875368557195,125091822,2644.246
chr8,125110527,125111290,genic|chr8:125110527-125111290,genic,MYC,127736068,False,4.4e-05,0.0031399053040132,0.001323,0.0046146394051269,125110908,2625.16
chr8,125118299,125119515,genic|chr8:125118299-125119515,genic,MYC,127736068,False,0.000912,0.0038718098966412,0.000166,0.0033241459003038,125118907,2617.161
chr8,125125188,125126291,genic|chr8:125125188-125126291,genic,MYC,127736068,False,0.00273,0.0069848743977514,0.012617,0.027167205057583,125125739,2610.329
chr8,125128471,125128971,genic|chr8:125128471-125128971,genic,MYC,127736068,False,0.0003,0.0048459413253316,0.001334,0.0069182662949544,125128721,2607.347
chr8,125141210,125142053,genic|chr8:125141210-125142053,genic,MYC,127736068,False,0.000341,0.0043145848024577,0.00034,0.0044094523211643,125141631,2594.437
chr8,125142184,125142684,genic|chr8:125142184-125142684,genic,MYC,127736068,False,0.0001,0.0042961002066598,0.000112,0.0043822223576395,125142434,2593.634
chr8,125150545,125151045,genic|chr8:125150545-125151045,genic,MYC,127736068,False,0.000184,0.0045141229611279,0.000208,0.004622168018979,125150795,2585.273
chr8,125151602,125152530,genic|chr8:125151602-125152530,genic,MYC,127736068,False,0.000659,0.0048029392074324,0.000673,0.0049165620620414,125152066,2584.002
chr8,125154154,125154654,genic|chr8:125154154-125154654,genic,MYC,127736068,False,0.000153,0.0044818461541506,0.000153,0.0045708422877908,125154404,2581.664
chr8,125162451,125163236,genic|chr8:125162451-125163236,genic,MYC,127736068,False,7e-06,0.0038329764533369,8.8e-05,0.0042643813390805,125162843,2573.225
chr8,125164028,125164528,genic|chr8:125164028-125164528,genic,MYC,127736068,False,6e-06,0.003973259702997,8.5e-05,0.0044091088451973,125164278,2571.79
chr8,125167695,125168195,genic|chr8:125167695-125168195,genic,MYC,127736068,False,6e-06,0.0039652232611095,4.8e-05,0.0042140038619084,125167945,2568.123
chr8,125168233,125169264,genic|chr8:125168233-125169264,genic,MYC,127736068,False,1.8e-05,0.0038298388464627,0.000133,0.0041414921320853,125168748,2567.32
chr8,125174607,125175869,genic|chr8:125174607-125175869,genic,MYC,127736068,False,0.001287,0.0042496396499506,0.000769,0.0038310464945359,125175238,2560.83
chr8,125181658,125182158,genic|chr8:125181658-125182158,genic,MYC,127736068,False,4e-06,0.0037074876822465,5e-06,0.0038232070936368,125181908,2554.16
chr8,125184765,125185265,genic|chr8:125184765-125185265,genic,MYC,127736068,False,6e-06,0.0036495870746311,6.2e-05,0.0039448507409421,125185015,2551.053
chr8,125191243,125191743,genic|chr8:125191243-125191743,genic,MYC,127736068,False,3.9e-05,0.0041297623141973,0.001023,0.0057029421313595,125191493,2544.575
chr8,125191787,125192287,genic|chr8:125191787-125192287,genic,MYC,127736068,False,6.3e-05,0.0040947284262413,0.001682,0.0063586347561079,125192037,2544.031
chr8,125192588,125193088,genic|chr8:125192588-125193088,genic,MYC,127736068,False,2.3e-05,0.0041340921382239,0.000585,0.0052565080669203,125192838,2543.23
chr8,125203993,125204493,genic|chr8:125203993-125204493,genic,MYC,127736068,False,8e-06,0.0037930000226948,7e-06,0.0039066972385611,125204243,2531.825
chr8,125204780,125205280,genic|chr8:125204780-125205280,genic,MYC,127736068,False,6e-06,0.0038084961975369,0.000157,0.004401599376238,125205030,2531.038
chr8,125207604,125208104,genic|chr8:125207604-125208104,genic,MYC,127736068,False,6e-06,0.0037976136197411,0.000143,0.0043924162605203,125207854,2528.214
chr8,125213694,125214645,genic|chr8:125213694-125214645,genic,MYC,127736068,False,7e-05,0.0030910517342416,0.000726,0.0037781448303754,125214169,2521.899
chr8,125219197,125219697,genic|chr8:125219197-125219697,genic,MYC,127736068,False,0.000704,0.0050394965594041,0.002459,0.0076474597199757,125219447,2516.621
chr8,125219836,125220336,genic|chr8:125219836-125220336,genic,MYC,127736068,False,5.7e-05,0.0041900780313873,7.6e-05,0.0043427763491941,125220086,2515.982
chr8,125220472,125220972,genic|chr8:125220472-125220972,genic,MYC,127736068,False,6e-05,0.0041841386169962,7.9e-05,0.0043382706047028,125220722,2515.346
chr8,125228593,125229093,genic|chr8:125228593-125229093,genic,MYC,127736068,False,1.5e-05,0.0039931067491892,0.000224,0.0045667630100117,125228843,2507.225
chr8,125230606,125231106,genic|chr8:125230606-125231106,genic,MYC,127736068,False,2e-05,0.0039795721066262,0.000146,0.0043668361505035,125230856,2505.212
chr8,125231113,125231613,genic|chr8:125231113-125231613,genic,MYC,127736068,False,1.4e-05,0.0039869623747222,0.000116,0.0043443317887051,125231363,2504.705
chr8,125232770,125233270,genic|chr8:125232770-125233270,genic,MYC,127736068,False,2e-05,0.0039689023121204,0.000247,0.0044110134444451,125233020,2503.048
chr8,125239687,125240187,genic|chr8:125239687-125240187,genic,MYC,127736068,False,9e-06,0.003750031464493,1.2e-05,0.0038231247594431,125239937,2496.131
chr8,125240472,125240972,genic|chr8:125240472-125240972,genic,MYC,127736068,False,6e-06,0.0037765063031125,8.1e-05,0.0041999541359402,125240722,2495.346
chr8,125242813,125243550,genic|chr8:125242813-125243550,genic,MYC,127736068,False,6e-06,0.0037675311926356,7.7e-05,0.0041939271616046,125243181,2492.887
chr8,125251654,125252154,genic|chr8:125251654-125252154,genic,MYC,127736068,False,3e-06,0.0036375115437766,6.8e-05,0.004137455618423,125251904,2484.164
chr8,125252893,125253609,genic|chr8:125252893-125253609,genic,MYC,127736068,False,6e-06,0.0035424034827528,0.00012,0.0040902291823663,125253251,2482.817
chr8,125259352,125260703,genic|chr8:125259352-125260703,genic,MYC,127736068,False,9.4e-05,0.0037530473007339,0.000138,0.0039103899150844,125260027,2476.041
chr8,125262519,125263019,genic|chr8:125262519-125263019,genic,MYC,127736068,False,9e-06,0.004029043456942,1.2e-05,0.0041761945248491,125262769,2473.299
chr8,125271334,125271834,genic|chr8:125271334-125271834,genic,MYC,127736068,False,8.3e-05,0.004156942425092,0.002357,0.0072611152373017,125271584,2464.484
chr8,125273155,125273655,genic|chr8:125273155-125273655,genic,MYC,127736068,False,6e-05,0.0041955300408294,0.001547,0.0063874723952952,125273405,2462.663
chr8,125273801,125274301,genic|chr8:125273801-125274301,genic,MYC,127736068,False,8.4e-05,0.0042177812237601,0.002213,0.0071993584308606,125274051,2462.017
chr8,125278210,125278710,genic|chr8:125278210-125278710,genic,MYC,127736068,False,4.8e-05,0.0041652803140166,0.000432,0.0048136142137804,125278460,2457.608
chr8,125278950,125279450,genic|chr8:125278950-125279450,genic,MYC,127736068,False,3.2e-05,0.004106776822966,0.000344,0.0046738134511947,125279200,2456.868
chr8,125279694,125280194,genic|chr8:125279694-125280194,genic,MYC,127736068,False,2.5e-05,0.0039901144940136,0.00027,0.0044852211404091,125279944,2456.124
chr8,125285672,125286376,genic|chr8:125285672-125286376,genic,MYC,127736068,False,1.1e-05,0.0038135698636952,0.00046,0.0049047008562743,125286024,2450.044
chr8,125288954,125289454,genic|chr8:125288954-125289454,genic,MYC,127736068,False,2.7e-05,0.0038512350391307,0.001014,0.0055200020932148,125289204,2446.864
chr8,125291827,125292327,genic|chr8:125291827-125292327,genic,MYC,127736068,False,0.000175,0.0041519787910467,3.3e-05,0.0040088851230961,125292077,2443.991
chr8,125296467,125296967,genic|chr8:125296467-125296967,genic,MYC,127736068,False,1.3e-05,0.0038586828729527,0.000119,0.0042234402671304,125296717,2439.351
chr8,125300719,125301219,genic|chr8:125300719-125301219,genic,MYC,127736068,False,1.8e-05,0.0038286471646948,2.4e-05,0.0039493281731349,125300969,2435.099
chr8,125302177,125302677,genic|chr8:125302177-125302677,genic,MYC,127736068,False,1e-05,0.0037967154695127,1.3e-05,0.0039120324598733,125302427,2433.641
chr8,125302924,125303424,genic|chr8:125302924-125303424,genic,MYC,127736068,False,1e-05,0.0037911456021752,1.2e-05,0.003910461734912,125303174,2432.894
chr8,125308281,125308781,genic|chr8:125308281-125308781,genic,MYC,127736068,False,7.1e-05,0.0039258542752606,1.2e-05,0.0038685673298947,125308531,2427.537
chr8,125309165,125311336,genic|chr8:125309165-125311336,genic,MYC,127736068,False,1.9e-05,0.0037046988609132,2.9e-05,0.0038222767993281,125310250,2425.818
chr8,125314590,125315495,genic|chr8:125314590-125315495,genic,MYC,127736068,False,7e-06,0.0037672773134042,8e-06,0.0039019306831518,125315042,2421.026
chr8,125316081,125316581,genic|chr8:125316081-125316581,genic,MYC,127736068,False,3e-06,0.0037788345430484,4e-06,0.0039055513263235,125316331,2419.737
chr8,125319336,125319836,genic|chr8:125319336-125319836,genic,MYC,127736068,False,5e-06,0.0036354237553718,6e-06,0.0037530754365288,125319586,2416.482
chr8,125324126,125324626,genic|chr8:125324126-125324626,genic,MYC,127736068,False,2e-06,0.0037279951467661,2.5e-05,0.0040015353130832,125324376,2411.692
chr8,125327387,125327887,genic|chr8:125327387-125327887,genic,MYC,127736068,False,4e-06,0.003675771107492,5.4e-05,0.0039631705429167,125327637,2408.431
chr8,125328348,125328848,genic|chr8:125328348-125328848,genic,MYC,127736068,False,7e-06,0.0036480676026893,7.1e-05,0.0039552310387233,125328598,2407.47
chr8,125329092,125329592,genic|chr8:125329092-125329592,genic,MYC,127736068,False,7e-06,0.003869506427369,5.4e-05,0.0041614094642666,125329342,2406.726
chr8,125333762,125334773,genic|chr8:125333762-125334773,genic,MYC,127736068,False,5.2e-05,0.0036822442619507,0.000766,0.0046219997910125,125334267,2401.801
chr8,125337914,125338414,genic|chr8:125337914-125338414,genic,MYC,127736068,False,7e-06,0.003880179825891,2.7e-05,0.0041183347553861,125338164,2397.904
chr8,125339640,125340140,genic|chr8:125339640-125340140,genic,MYC,127736068,False,6e-06,0.0037009219499148,5.8e-05,0.0039407413905964,125339890,2396.178
chr8,125341285,125341785,genic|chr8:125341285-125341785,genic,MYC,127736068,False,8e-06,0.0036893645694066,0.000115,0.0041279776668809,125341535,2394.533
chr8,125342195,125342695,genic|chr8:125342195-125342695,genic,MYC,127736068,False,8e-06,0.0036852520501897,0.000128,0.0041273123993454,125342445,2393.623
chr8,125348909,125349409,genic|chr8:125348909-125349409,genic,MYC,127736068,False,3e-06,0.0035999717596786,5e-06,0.0037286357271326,125349159,2386.909
chr8,125349796,125350584,genic|chr8:125349796-125350584,genic,MYC,127736068,False,6e-06,0.0035616356128773,1.1e-05,0.0036772371741849,125350190,2385.878
chr8,125350941,125351441,genic|chr8:125350941-125351441,genic,MYC,127736068,False,3e-06,0.0035973252873192,4e-06,0.0037260496456972,125351191,2384.877
chr8,125352409,125352909,genic|chr8:125352409-125352909,genic,MYC,127736068,False,3e-06,0.0036368042976588,2e-06,0.0037545221437612,125352659,2383.409
chr8,125357299,125357799,genic|chr8:125357299-125357799,genic,MYC,127736068,False,6e-06,0.003693565044046,2.6e-05,0.0039965007804899,125357549,2378.519
chr8,125358487,125358987,genic|chr8:125358487-125358987,genic,MYC,127736068,False,6e-06,0.0036678571036695,5.1e-05,0.0039885132916413,125358737,2377.331
chr8,125362114,125363188,genic|chr8:125362114-125363188,genic,MYC,127736068,False,1.7e-05,0.0036150010513176,2.8e-05,0.0036822588218217,125362651,2373.417
chr8,125366512,125367012,genic|chr8:125366512-125367012,genic,MYC,127736068,False,4e-06,0.0036817551222613,4.2e-05,0.0040333951109416,125366762,2369.306
chr8,125368278,125368778,intergenic|chr8:125368278-125368778,intergenic,MYC,127736068,False,2e-06,0.0036816239372664,2.5e-05,0.0039877802355531,125368528,2367.54
chr8,125371285,125372025,intergenic|chr8:125371285-125372025,intergenic,MYC,127736068,False,7e-06,0.0036538534340415,8.2e-05,0.0039642935431663,125371655,2364.413
chr8,125372088,125372588,intergenic|chr8:125372088-125372588,intergenic,MYC,127736068,False,6e-06,0.0036351160812167,4.5e-05,0.0039290574816107,125372338,2363.73
chr8,125372693,125374419,intergenic|chr8:125372693-125374419,intergenic,MYC,127736068,False,1.2e-05,0.003590057403178,0.000117,0.0039240077735026,125373556,2362.512
chr8,125378872,125379372,intergenic|chr8:125378872-125379372,intergenic,MYC,127736068,False,0.000226,0.003977714112311,0.00045,0.0044489910915012,125379122,2356.946
chr8,125380185,125380685,intergenic|chr8:125380185-125380685,intergenic,MYC,127736068,False,1e-05,0.0036420264913808,0.000188,0.0041752283928425,125380435,2355.633
chr8,125385931,125387092,intergenic|chr8:125385931-125387092,intergenic,MYC,127736068,False,5e-05,0.0035372841740738,5.7e-05,0.0036724947076157,125386511,2349.557
chr8,125391236,125391945,intergenic|chr8:125391236-125391945,intergenic,MYC,127736068,False,9e-06,0.0037347723554688,0.000113,0.0040736701752255,125391590,2344.478
chr8,125397800,125398300,intergenic|chr8:125397800-125398300,intergenic,MYC,127736068,False,3e-06,0.0032848979065153,5e-06,0.0034264517017724,125398050,2338.018
chr8,125399405,125399905,intergenic|chr8:125399405-125399905,intergenic,MYC,127736068,False,2e-06,0.0033486637837557,3e-06,0.0034753854100899,125399655,2336.413
chr8,125405170,125405670,intergenic|chr8:125405170-125405670,intergenic,MYC,127736068,False,4e-06,0.0036811315844524,4e-06,0.0037895697468099,125405420,2330.648
chr8,125410077,125411032,intergenic|chr8:125410077-125411032,intergenic,MYC,127736068,False,0.000595,0.0041054637288234,4.9e-05,0.0034632722002383,125410554,2325.514
chr8,125418856,125419617,intergenic|chr8:125418856-125419617,intergenic,MYC,127736068,False,7e-06,0.002843827724834,7.6e-05,0.0031048037943689,125419236,2316.832
chr8,125425769,125426269,intergenic|chr8:125425769-125426269,intergenic,MYC,127736068,False,2.3e-05,0.0039500760438902,0.000639,0.0052669329936423,125426019,2310.049
chr8,125427030,125427530,intergenic|chr8:125427030-125427530,intergenic,MYC,127736068,False,3.2e-05,0.0039465279851883,0.000984,0.0056186364510383,125427280,2308.788
chr8,125429114,125429614,intergenic|chr8:125429114-125429614,intergenic,MYC,127736068,False,6.3e-05,0.0039456687611079,0.001996,0.0067262031858109,125429364,2306.704
chr8,125429755,125430570,promoter|chr8:125429755-125430570,promoter,MYC,127736068,False,0.001037,0.0157941005860866,0.002569,0.0221061973563683,125430162,2305.906
chr8,125439597,125440097,intergenic|chr8:125439597-125440097,intergenic,MYC,127736068,False,2.2e-05,0.0038146590052606,0.000132,0.0041379613789399,125439847,2296.221
chr8,125440193,125441072,intergenic|chr8:125440193-125441072,intergenic,MYC,127736068,False,2.2e-05,0.0038066229202532,2.1e-05,0.0038475021736848,125440632,2295.436
chr8,125446643,125447143,intergenic|chr8:125446643-125447143,intergenic,MYC,127736068,False,4e-06,0.0035866733564871,6.8e-05,0.0040715361244431,125446893,2289.175
chr8,125449298,125449798,intergenic|chr8:125449298-125449798,intergenic,MYC,127736068,False,5e-06,0.0038175041059042,8.7e-05,0.0044383372018031,125449548,2286.52
chr8,125451943,125452661,intergenic|chr8:125451943-125452661,intergenic,MYC,127736068,False,0.000218,0.0040214817650885,0.000319,0.0041807255400396,125452302,2283.766
chr8,125455059,125455559,intergenic|chr8:125455059-125455559,intergenic,MYC,127736068,False,5e-06,0.003787355031952,4.3e-05,0.004117854297619,125455309,2280.759
chr8,125463082,125463582,intergenic|chr8:125463082-125463582,intergenic,MYC,127736068,False,4.1e-05,0.0039355303811079,5.2e-05,0.0040698667502715,125463332,2272.736
chr8,125463636,125464514,intergenic|chr8:125463636-125464514,intergenic,MYC,127736068,False,4.6e-05,0.0039190234523407,6.3e-05,0.0040478558179792,125464075,2271.993
chr8,125465631,125466131,intergenic|chr8:125465631-125466131,intergenic,MYC,127736068,False,9e-06,0.0039779483006204,1e-05,0.0041015315870439,125465881,2270.187
chr8,125470165,125470851,intergenic|chr8:125470165-125470851,intergenic,MYC,127736068,False,6e-06,0.0037375678685556,0.000152,0.0045090755908401,125470508,2265.56
chr8,125472426,125472926,intergenic|chr8:125472426-125472926,intergenic,MYC,127736068,False,3e-06,0.0037032705351043,6.8e-05,0.0044002572632348,125472676,2263.392
chr8,125473117,125473814,intergenic|chr8:125473117-125473814,intergenic,MYC,127736068,False,6e-06,0.0036786704097209,0.000175,0.0044530317567003,125473465,2262.603
chr8,125473829,125474329,intergenic|chr8:125473829-125474329,intergenic,MYC,127736068,False,2e-06,0.0037199977773082,8.7e-05,0.0044213507937593,125474079,2261.989
chr8,125477099,125477599,intergenic|chr8:125477099-125477599,intergenic,MYC,127736068,False,3e-06,0.0037281175377271,2.7e-05,0.003969375043641,125477349,2258.719
chr8,125478969,125479469,intergenic|chr8:125478969-125479469,intergenic,MYC,127736068,False,2e-06,0.0036761034125599,2e-05,0.0039071592220098,125479219,2256.849
chr8,125480662,125481402,intergenic|chr8:125480662-125481402,intergenic,MYC,127736068,False,9e-06,0.0036316507032496,4.3e-05,0.0039448479200279,125481032,2255.036
chr8,125482430,125482930,intergenic|chr8:125482430-125482930,intergenic,MYC,127736068,False,2e-06,0.0036900104153819,2.4e-05,0.0039417181781297,125482680,2253.388
chr8,125484469,125484969,intergenic|chr8:125484469-125484969,intergenic,MYC,127736068,False,4e-06,0.0036508834195628,4.8e-05,0.0038960633688812,125484719,2251.349
chr8,125486516,125487016,intergenic|chr8:125486516-125487016,intergenic,MYC,127736068,False,3e-06,0.0035334013791939,2.5e-05,0.0038093199245146,125486766,2249.302
chr8,125498163,125498663,intergenic|chr8:125498163-125498663,intergenic,MYC,127736068,False,3.9e-05,0.0029558015410966,0.000641,0.0036870055222949,125498413,2237.655
chr8,125504440,125504940,intergenic|chr8:125504440-125504940,intergenic,MYC,127736068,False,7e-06,0.0037468541204889,7e-06,0.0038650941519759,125504690,2231.378
chr8,125505403,125505903,intergenic|chr8:125505403-125505903,intergenic,MYC,127736068,False,8e-06,0.0037349874175818,1e-05,0.0038533243955494,125505653,2230.415
chr8,125508211,125508711,intergenic|chr8:125508211-125508711,intergenic,MYC,127736068,False,5e-06,0.0038137442987277,8e-06,0.0039288970583013,125508461,2227.607
chr8,125509592,125510357,intergenic|chr8:125509592-125510357,intergenic,MYC,127736068,False,1.7e-05,0.0037922608042244,2.2e-05,0.0039054381863137,125509974,2226.094
chr8,125513029,125513529,intergenic|chr8:125513029-125513529,intergenic,MYC,127736068,False,2.1e-05,0.0037946508536734,2.6e-05,0.003904456607541,125513279,2222.789
chr8,125514732,125515232,intergenic|chr8:125514732-125515232,intergenic,MYC,127736068,False,9e-06,0.0038081672722625,1e-05,0.0039169073122447,125514982,2221.086
chr8,125516522,125517022,intergenic|chr8:125516522-125517022,intergenic,MYC,127736068,False,8e-06,0.0037550118154958,6e-06,0.0038603268515374,125516772,2219.296
chr8,125517759,125518259,intergenic|chr8:125517759-125518259,intergenic,MYC,127736068,False,6e-06,0.003768092380921,8e-06,0.0038615163624391,125518009,2218.059
chr8,125519358,125519858,intergenic|chr8:125519358-125519858,intergenic,MYC,127736068,False,4e-06,0.0036833515088446,4e-06,0.0037653378113705,125519608,2216.46
chr8,125522714,125523214,intergenic|chr8:125522714-125523214,intergenic,MYC,127736068,False,4e-06,0.0036163515589042,5.1e-05,0.0040315700902604,125522964,2213.104
chr8,125525263,125525763,intergenic|chr8:125525263-125525763,intergenic,MYC,127736068,False,5e-06,0.0036076027905982,4e-06,0.0036978956988348,125525513,2210.555
chr8,125526660,125527160,intergenic|chr8:125526660-125527160,intergenic,MYC,127736068,False,2e-06,0.003621645542217,4e-06,0.0036931848211578,125526910,2209.158
chr8,125528642,125529142,intergenic|chr8:125528642-125529142,intergenic,MYC,127736068,False,8e-06,0.0035374195924623,8e-06,0.0036068563602643,125528892,2207.176
chr8,125530215,125530715,intergenic|chr8:125530215-125530715,intergenic,MYC,127736068,False,3e-06,0.0036212679992503,1.8e-05,0.0038380470073028,125530465,2205.603
chr8,125535097,125536015,intergenic|chr8:125535097-125536015,intergenic,MYC,127736068,False,5e-06,0.0034572913710344,4.4e-05,0.0037975324193646,125535556,2200.512
chr8,125536117,125536617,intergenic|chr8:125536117-125536617,intergenic,MYC,127736068,False,3e-06,0.0034301730756407,3.6e-05,0.003718663496728,125536367,2199.701
chr8,125543914,125544414,intergenic|chr8:125543914-125544414,intergenic,MYC,127736068,False,1.4e-05,0.003867481005433,0.000221,0.0044261188125536,125544164,2191.904
chr8,125544550,125545050,intergenic|chr8:125544550-125545050,intergenic,MYC,127736068,False,2.8e-05,0.0038545241721131,0.000372,0.0045435913580884,125544800,2191.268
chr8,125545498,125546323,intergenic|chr8:125545498-125546323,intergenic,MYC,127736068,False,0.000361,0.004184671390278,0.00088,0.0048985129893366,125545910,2190.158
chr8,125547004,125547504,intergenic|chr8:125547004-125547504,intergenic,MYC,127736068,False,0.000173,0.0040772175083965,0.000367,0.0044915304324866,125547254,2188.814
chr8,125556245,125557656,intergenic|chr8:125556245-125557656,intergenic,MYC,127736068,False,0.000887,0.0043764675763225,0.002021,0.0056546198746081,125556950,2179.118
chr8,125558277,125558777,intergenic|chr8:125558277-125558777,intergenic,MYC,127736068,False,9.2e-05,0.0040830985069167,0.000156,0.0043809761842391,125558527,2177.541
chr8,125563396,125563896,intergenic|chr8:125563396-125563896,intergenic,MYC,127736068,False,2.6e-05,0.003545282967307,3.2e-05,0.003620940255899,125563646,2172.422
chr8,125569202,125569702,intergenic|chr8:125569202-125569702,intergenic,MYC,127736068,False,4e-06,0.0028384687749208,7.1e-05,0.0032802587197449,125569452,2166.616
chr8,125578246,125578746,intergenic|chr8:125578246-125578746,intergenic,MYC,127736068,False,2e-06,0.0032843488482575,3e-06,0.0033644791229657,125578496,2157.572
chr8,125580300,125580800,intergenic|chr8:125580300-125580800,intergenic,MYC,127736068,False,2e-06,0.0032834499883752,2.3e-05,0.0035739434439241,125580550,2155.518
chr8,125589357,125589857,intergenic|chr8:125589357-125589857,intergenic,MYC,127736068,False,5e-06,0.003639160988215,0.0002,0.005229085745608,125589607,2146.461
chr8,125589986,125590486,intergenic|chr8:125589986-125590486,intergenic,MYC,127736068,False,4e-06,0.0036372695435856,8.3e-05,0.0040481552719578,125590236,2145.832
chr8,125593924,125594424,intergenic|chr8:125593924-125594424,intergenic,MYC,127736068,False,3.4e-05,0.0034595793573585,0.000513,0.004166655346417,125594174,2141.894
chr8,125602494,125602994,intergenic|chr8:125602494-125602994,intergenic,MYC,127736068,False,2.2e-05,0.0036596525348566,0.000759,0.0051078689492928,125602744,2133.324
chr8,125606357,125606857,intergenic|chr8:125606357-125606857,intergenic,MYC,127736068,False,4.5e-05,0.0035750852607775,7e-05,0.0037026150664565,125606607,2129.461
chr8,125624846,125625517,intergenic|chr8:125624846-125625517,intergenic,MYC,127736068,False,5e-06,0.0033525011800451,4e-06,0.0034524291184847,125625181,2110.887
chr8,125627706,125628206,intergenic|chr8:125627706-125628206,intergenic,MYC,127736068,False,2e-06,0.0035055991349566,4e-06,0.0035916491529068,125627956,2108.112
chr8,125628321,125628821,intergenic|chr8:125628321-125628821,intergenic,MYC,127736068,False,3e-06,0.0034959008738444,3e-06,0.003594873688066,125628571,2107.497
chr8,125631210,125631970,intergenic|chr8:125631210-125631970,intergenic,MYC,127736068,False,6e-06,0.0034041822690155,5.1e-05,0.0036831943729997,125631590,2104.478
chr8,125632246,125632746,intergenic|chr8:125632246-125632746,intergenic,MYC,127736068,False,4e-06,0.0036929522749626,3.8e-05,0.0039996065574889,125632496,2103.572
chr8,125637342,125638201,intergenic|chr8:125637342-125638201,intergenic,MYC,127736068,False,0.000453,0.0031766756676646,0.001214,0.003920166032937,125637771,2098.297
chr8,125644357,125644857,intergenic|chr8:125644357-125644857,intergenic,MYC,127736068,False,0.000423,0.0040539011286451,0.003147,0.0078025982390711,125644607,2091.461
chr8,125647940,125648440,intergenic|chr8:125647940-125648440,intergenic,MYC,127736068,False,0.000319,0.0040743200275122,0.001016,0.0051560063509245,125648190,2087.878
chr8,125655606,125656106,intergenic|chr8:125655606-125656106,intergenic,MYC,127736068,False,0.000777,0.0044086708358936,0.004233,0.0089928532488269,125655856,2080.212
chr8,125659443,125659943,intergenic|chr8:125659443-125659943,intergenic,MYC,127736068,False,0.000384,0.0042961097472447,0.002064,0.0066983544265554,125659693,2076.375
chr8,125664134,125665338,intergenic|chr8:125664134-125665338,intergenic,MYC,127736068,False,0.001884,0.0057265975837658,0.003699,0.0081640339287991,125664736,2071.332
chr8,125665627,125666127,intergenic|chr8:125665627-125666127,intergenic,MYC,127736068,False,0.000755,0.0049658054951118,0.001269,0.00579644268122,125665877,2070.191
chr8,125680122,125680622,intergenic|chr8:125680122-125680622,intergenic,MYC,127736068,False,0.000701,0.0033052128030887,0.000819,0.0034838279867583,125680372,2055.696
chr8,125686185,125687002,intergenic|chr8:125686185-125687002,intergenic,MYC,127736068,False,0.00188,0.0042698039520038,0.006913,0.0103293277410761,125686593,2049.475
chr8,125696697,125697197,intergenic|chr8:125696697-125697197,intergenic,MYC,127736068,False,0.001759,0.0061155106305209,0.00246,0.0072748104228111,125696947,2039.121
chr8,125697260,125697760,intergenic|chr8:125697260-125697760,intergenic,MYC,127736068,False,0.001344,0.0056912339822876,0.002092,0.0068506817853099,125697510,2038.558
chr8,125698701,125699201,intergenic|chr8:125698701-125699201,intergenic,MYC,127736068,False,0.001605,0.0059548072984877,0.002556,0.0073963386172178,125698951,2037.117
chr8,125700151,125701043,intergenic|chr8:125700151-125701043,intergenic,MYC,127736068,False,0.000504,0.0043588699210523,0.000724,0.0047105660118006,125700597,2035.471
chr8,125701723,125702223,intergenic|chr8:125701723-125702223,intergenic,MYC,127736068,False,0.00035,0.0042316942126751,0.000566,0.004568290660151,125701973,2034.095
chr8,125702465,125702965,intergenic|chr8:125702465-125702965,intergenic,MYC,127736068,False,0.000164,0.0040425016437074,0.000247,0.004258326977929,125702715,2033.353
chr8,125707838,125708558,intergenic|chr8:125707838-125708558,intergenic,MYC,127736068,False,5.5e-05,0.0029942504470974,3.6e-05,0.0029410941954285,125708198,2027.87
chr8,125717253,125717753,intergenic|chr8:125717253-125717753,intergenic,MYC,127736068,False,3e-06,0.0032065998309939,3e-06,0.0033018226557836,125717503,2018.565
chr8,125721645,125722145,intergenic|chr8:125721645-125722145,intergenic,MYC,127736068,False,4e-06,0.003176548468325,2.9e-05,0.0033527621196483,125721895,2014.173
chr8,125729194,125729924,intergenic|chr8:125729194-125729924,intergenic,MYC,127736068,False,8e-06,0.0027198503500771,7e-05,0.0029352925920979,125729559,2006.509
chr8,125734978,125735651,intergenic|chr8:125734978-125735651,intergenic,MYC,127736068,False,2e-06,0.002712380723769,6e-05,0.0032352356310316,125735314,2000.754
chr8,125768756,125769256,intergenic|chr8:125768756-125769256,intergenic,MYC,127736068,False,4e-06,0.0033026244583171,6.1e-05,0.0036625367251962,125769006,1967.062
chr8,125769269,125769769,intergenic|chr8:125769269-125769769,intergenic,MYC,127736068,False,7e-06,0.003264900196376,9.6e-05,0.0036375743201185,125769519,1966.549
chr8,125770434,125770934,intergenic|chr8:125770434-125770934,intergenic,MYC,127736068,False,3e-06,0.0033405686297417,2.8e-05,0.003681013161115,125770684,1965.384
chr8,125775492,125775992,intergenic|chr8:125775492-125775992,intergenic,MYC,127736068,False,3e-06,0.0032587784680063,1.9e-05,0.0034523366656511,125775742,1960.326
chr8,125777470,125777970,intergenic|chr8:125777470-125777970,intergenic,MYC,127736068,False,5e-06,0.0031506888552923,3.2e-05,0.0033428988464839,125777720,1958.348
chr8,125786348,125786848,intergenic|chr8:125786348-125786848,intergenic,MYC,127736068,False,1.2e-05,0.0031866624220116,0.0001,0.0034476811075999,125786598,1949.47
chr8,125787673,125788173,intergenic|chr8:125787673-125788173,intergenic,MYC,127736068,False,4e-06,0.0033790206887533,3.1e-05,0.0036263203406212,125787923,1948.145
chr8,125792525,125793266,intergenic|chr8:125792525-125793266,intergenic,MYC,127736068,False,6.7e-05,0.0034005416990353,1.4e-05,0.0033528080697514,125792895,1943.173
chr8,125796082,125796582,intergenic|chr8:125796082-125796582,intergenic,MYC,127736068,False,2.3e-05,0.0034281493054487,8.6e-05,0.0037987471042799,125796332,1939.736
chr8,125802345,125802845,intergenic|chr8:125802345-125802845,intergenic,MYC,127736068,False,3e-06,0.0030579944836565,3.4e-05,0.0033874982583864,125802595,1933.473
chr8,125805663,125806163,intergenic|chr8:125805663-125806163,intergenic,MYC,127736068,False,2e-06,0.0031039875306724,1.4e-05,0.0032883153428838,125805913,1930.155
chr8,125828443,125829390,intergenic|chr8:125828443-125829390,intergenic,MYC,127736068,False,1.3e-05,0.0032095577923003,0.000218,0.0037585112965627,125828916,1907.152
chr8,125832974,125833474,intergenic|chr8:125832974-125833474,intergenic,MYC,127736068,False,7e-06,0.0032787287548345,4.8e-05,0.0035097007620782,125833224,1902.844
chr8,125839798,125840570,intergenic|chr8:125839798-125840570,intergenic,MYC,127736068,False,7e-06,0.0026625168626056,4e-06,0.0027478741558868,125840184,1895.884
chr8,125859983,125860483,intergenic|chr8:125859983-125860483,intergenic,MYC,127736068,False,2e-06,0.0030009395177799,5e-06,0.0031650398588374,125860233,1875.835
chr8,125864354,125864854,intergenic|chr8:125864354-125864854,intergenic,MYC,127736068,False,1e-06,0.0031318480087806,3e-06,0.0032509970656029,125864604,1871.464
chr8,125866712,125867212,intergenic|chr8:125866712-125867212,intergenic,MYC,127736068,False,1.4e-05,0.0032632723813286,1e-05,0.0033537008364223,125866962,1869.106
chr8,125870968,125871468,intergenic|chr8:125870968-125871468,intergenic,MYC,127736068,False,4e-06,0.0031931762165588,2.2e-05,0.0033569268070295,125871218,1864.85
chr8,125872261,125872761,intergenic|chr8:125872261-125872761,intergenic,MYC,127736068,False,4e-06,0.0031337921401148,1.6e-05,0.0033336855857227,125872511,1863.557
chr8,125873791,125874291,intergenic|chr8:125873791-125874291,intergenic,MYC,127736068,False,2e-06,0.0031766710583826,1.2e-05,0.0033395810362353,125874041,1862.027
chr8,125886123,125886623,intergenic|chr8:125886123-125886623,intergenic,MYC,127736068,False,3e-06,0.0026324562526951,6.2e-05,0.0030780715010073,125886373,1849.695
chr8,125911839,125912339,intergenic|chr8:125911839-125912339,intergenic,MYC,127736068,False,6e-06,0.0031315794568381,8e-06,0.0032083552561485,125912089,1823.979
chr8,125917018,125917518,intergenic|chr8:125917018-125917518,intergenic,MYC,127736068,False,6e-06,0.0032315959799935,3.4e-05,0.0034580803887522,125917268,1818.8
chr8,125921166,125921666,intergenic|chr8:125921166-125921666,intergenic,MYC,127736068,False,7e-06,0.003184294878893,7.9e-05,0.0035138874469113,125921416,1814.652
chr8,125923019,125923519,intergenic|chr8:125923019-125923519,intergenic,MYC,127736068,False,4e-06,0.0031453748450775,4e-05,0.0034506455861929,125923269,1812.799
chr8,125931487,125931987,intergenic|chr8:125931487-125931987,intergenic,MYC,127736068,False,3e-06,0.0026140046285664,5e-06,0.0027006809952311,125931737,1804.331
chr8,125946990,125947490,genic|chr8:125946990-125947490,genic,MYC,127736068,False,1.9e-05,0.0032270093536904,1.3e-05,0.0033084457842894,125947240,1788.828
chr8,125950947,125951447,promoter|chr8:125950947-125951447,promoter,MYC,127736068,False,5e-06,0.01097749724448,3.9e-05,0.0115605312510316,125951197,1784.871
chr8,125957442,125958193,intergenic|chr8:125957442-125958193,intergenic,MYC,127736068,False,5e-06,0.0027854065510634,8e-06,0.0028783614783454,125957817,1778.251
chr8,125968275,125969450,intergenic|chr8:125968275-125969450,intergenic,MYC,127736068,False,4e-05,0.0032356209900007,0.000728,0.004236795915069,125968862,1767.206
chr8,125971868,125972368,intergenic|chr8:125971868-125972368,intergenic,MYC,127736068,False,3e-06,0.0035540720457567,4e-06,0.0036696854294308,125972118,1763.95
chr8,125986543,125987043,intergenic|chr8:125986543-125987043,intergenic,MYC,127736068,False,2.9e-05,0.0033413600886992,4e-06,0.0032356904827026,125986793,1749.275
chr8,125990628,125991128,intergenic|chr8:125990628-125991128,intergenic,MYC,127736068,False,3e-06,0.0032641868946107,1.1e-05,0.0034303359212553,125990878,1745.19
chr8,125997419,125997919,intergenic|chr8:125997419-125997919,intergenic,MYC,127736068,False,3e-06,0.0027634379033654,2.2e-05,0.0029541315086718,125997669,1738.399
chr8,126006807,126007307,intergenic|chr8:126006807-126007307,intergenic,MYC,127736068,False,3e-06,0.0027595192210272,2e-06,0.0028491885466268,126007057,1729.011
chr8,126020681,126021181,intergenic|chr8:126020681-126021181,intergenic,MYC,127736068,False,2e-05,0.0032760498900853,1.9e-05,0.0034515430603541,126020931,1715.137
chr8,126023803,126024513,intergenic|chr8:126023803-126024513,intergenic,MYC,127736068,False,1.2e-05,0.0033305108875532,2.7e-05,0.003401942838957,126024158,1711.91
chr8,126035952,126036452,intergenic|chr8:126035952-126036452,intergenic,MYC,127736068,False,3e-06,0.0031896194184628,1.6e-05,0.0034456169349722,126036202,1699.866
chr8,126037118,126037618,intergenic|chr8:126037118-126037618,intergenic,MYC,127736068,False,3e-06,0.0031674237532688,2.9e-05,0.0033725019473027,126037368,1698.7
chr8,126042705,126043205,intergenic|chr8:126042705-126043205,intergenic,MYC,127736068,False,4e-06,0.0032474752021568,2.7e-05,0.0034988435872395,126042955,1693.113
chr8,126046655,126047791,intergenic|chr8:126046655-126047791,intergenic,MYC,127736068,False,6e-06,0.0032686105311912,8e-05,0.0036458130494463,126047223,1688.845
chr8,126048101,126048601,intergenic|chr8:126048101-126048601,intergenic,MYC,127736068,False,3e-06,0.0032346219561777,3.5e-05,0.0035976629695262,126048351,1687.717
chr8,126061556,126062056,intergenic|chr8:126061556-126062056,intergenic,MYC,127736068,False,2e-06,0.0027237633853017,1.9e-05,0.0029961101621702,126061806,1674.262
chr8,126066836,126067336,intergenic|chr8:126066836-126067336,intergenic,MYC,127736068,False,5e-06,0.0027208675966871,5.2e-05,0.0029225149384105,126067086,1668.982
chr8,126093360,126093860,intergenic|chr8:126093360-126093860,intergenic,MYC,127736068,False,4e-06,0.0031862482703476,1.8e-05,0.0033340173455671,126093610,1642.458
chr8,126095016,126095516,intergenic|chr8:126095016-126095516,intergenic,MYC,127736068,False,4.5e-05,0.0035127077173692,4.2e-05,0.0036568694652303,126095266,1640.802
chr8,126100111,126100611,intergenic|chr8:126100111-126100611,intergenic,MYC,127736068,False,2e-06,0.003213419770803,3.1e-05,0.0035134858229642,126100361,1635.707
chr8,126102515,126103015,intergenic|chr8:126102515-126103015,intergenic,MYC,127736068,False,2e-06,0.0030983479322501,3.1e-05,0.0034262475513583,126102765,1633.303
chr8,126116324,126116824,intergenic|chr8:126116324-126116824,intergenic,MYC,127736068,False,2e-06,0.003143615736027,5.6e-05,0.003605490978931,126116574,1619.494
chr8,126120436,126120936,intergenic|chr8:126120436-126120936,intergenic,MYC,127736068,False,4e-06,0.0031350722789957,3.4e-05,0.0034450221730623,126120686,1615.382
chr8,126121677,126122177,intergenic|chr8:126121677-126122177,intergenic,MYC,127736068,False,2e-06,0.0031315539261356,1.9e-05,0.0033953459514887,126121927,1614.141
chr8,126133318,126133818,intergenic|chr8:126133318-126133818,intergenic,MYC,127736068,False,1.8e-05,0.0032547880356518,4.8e-05,0.0034585441391329,126133568,1602.5
chr8,126134974,126135474,intergenic|chr8:126134974-126135474,intergenic,MYC,127736068,False,9e-06,0.0033037286353144,2e-06,0.0032979591866983,126135224,1600.844
chr8,126136323,126136823,intergenic|chr8:126136323-126136823,intergenic,MYC,127736068,False,1.3e-05,0.0032838146314313,3e-06,0.0032779842881055,126136573,1599.495
chr8,126142689,126143523,intergenic|chr8:126142689-126143523,intergenic,MYC,127736068,False,4.4e-05,0.0028085627850764,9e-06,0.0027611857863244,126143106,1592.962
chr8,126151036,126151850,intergenic|chr8:126151036-126151850,intergenic,MYC,127736068,False,3e-06,0.0026659984490047,5e-06,0.0027543940895424,126151443,1584.625
chr8,126177205,126177705,intergenic|chr8:126177205-126177705,intergenic,MYC,127736068,False,3e-06,0.002664754258816,2e-05,0.0028456556703009,126177455,1558.613
chr8,126218632,126219132,intergenic|chr8:126218632-126219132,intergenic,MYC,127736068,False,3e-06,0.0031067676595528,1.2e-05,0.0033201310261722,126218882,1517.186
chr8,126221735,126222235,intergenic|chr8:126221735-126222235,intergenic,MYC,127736068,False,4e-06,0.0031232555296127,2.7e-05,0.0034031055149433,126221985,1514.083
chr8,126226787,126227287,intergenic|chr8:126226787-126227287,intergenic,MYC,127736068,False,2e-06,0.003094278815472,5.1e-05,0.0034184371978842,126227037,1509.031
chr8,126243602,126244102,intergenic|chr8:126243602-126244102,intergenic,MYC,127736068,False,2e-06,0.0026528159476086,4e-06,0.0027407758179533,126243852,1492.216
chr8,126257772,126258639,intergenic|chr8:126257772-126258639,intergenic,MYC,127736068,False,4e-06,0.0026507436923926,3.4e-05,0.0028533373237841,126258205,1477.863
chr8,126274510,126276176,intergenic|chr8:126274510-126276176,intergenic,MYC,127736068,False,1.5e-05,0.0026542128131648,1.6e-05,0.0027416349592121,126275343,1460.725
chr8,126288528,126289028,intergenic|chr8:126288528-126289028,intergenic,MYC,127736068,False,1.3e-05,0.0027453558453313,2.2e-05,0.002825636006856,126288778,1447.29
chr8,126300911,126301411,intergenic|chr8:126300911-126301411,intergenic,MYC,127736068,False,2.7e-05,0.0027490525704005,1.4e-05,0.0027332094314666,126301161,1434.907
chr8,126327183,126327683,intergenic|chr8:126327183-126327683,intergenic,MYC,127736068,False,2e-06,0.0032971707578283,3.3e-05,0.0036418668664897,126327433,1408.635
chr8,126330745,126331245,intergenic|chr8:126330745-126331245,intergenic,MYC,127736068,False,4e-06,0.0032159474590202,4.2e-05,0.003596538928203,126330995,1405.073
chr8,126361327,126361827,intergenic|chr8:126361327-126361827,intergenic,MYC,127736068,False,1.8e-05,0.0030331728979197,1.7e-05,0.0030178481951415,126361577,1374.491
chr8,126375407,126375907,intergenic|chr8:126375407-126375907,intergenic,MYC,127736068,False,7e-06,0.0028261756083443,6e-06,0.0029180048132847,126375657,1360.411
chr8,126383619,126384119,intergenic|chr8:126383619-126384119,intergenic,MYC,127736068,False,8.5e-05,0.0035807828293528,2.4e-05,0.0035280580219008,126383869,1352.199
chr8,126384209,126384709,intergenic|chr8:126384209-126384709,intergenic,MYC,127736068,False,5e-05,0.0036190241110242,1.5e-05,0.0035763724207081,126384459,1351.609
chr8,126393840,126394340,intergenic|chr8:126393840-126394340,intergenic,MYC,127736068,False,5e-06,0.0033835836939001,6.7e-05,0.0038060880827966,126394090,1341.978
chr8,126394664,126395384,intergenic|chr8:126394664-126395384,intergenic,MYC,127736068,False,5e-06,0.0033758354150429,6.3e-05,0.0037426762843726,126395024,1341.044
chr8,126396918,126397418,intergenic|chr8:126396918-126397418,intergenic,MYC,127736068,False,5e-06,0.0034017202734472,2.9e-05,0.0037860530153585,126397168,1338.9
chr8,126401777,126402277,intergenic|chr8:126401777-126402277,intergenic,MYC,127736068,False,3e-06,0.003273540375577,2.9e-05,0.0035454289632134,126402027,1334.041
chr8,126410127,126410627,intergenic|chr8:126410127-126410627,intergenic,MYC,127736068,False,2e-05,0.0029229010805408,4.1e-05,0.0031120404942776,126410377,1325.691
chr8,126419226,126419726,intergenic|chr8:126419226-126419726,intergenic,MYC,127736068,False,4e-06,0.0032203532519588,4e-06,0.0032581927194924,126419476,1316.592
chr8,126421696,126422196,intergenic|chr8:126421696-126422196,intergenic,MYC,127736068,False,1.9e-05,0.0034749779845581,1.2e-05,0.0035252073834571,126421946,1314.122
chr8,126424777,126425277,intergenic|chr8:126424777-126425277,intergenic,MYC,127736068,False,6e-06,0.0032078449592577,5.4e-05,0.0034904692051737,126425027,1311.041
chr8,126433661,126434161,intergenic|chr8:126433661-126434161,intergenic,MYC,127736068,False,0.001076,0.0049131154380896,0.001397,0.0053216072926014,126433911,1302.157
chr8,126434625,126435125,intergenic|chr8:126434625-126435125,intergenic,MYC,127736068,False,0.001195,0.0049940439952725,0.001332,0.0052546914042428,126434875,1301.193
chr8,126441198,126441698,intergenic|chr8:126441198-126441698,intergenic,MYC,127736068,False,6.5e-05,0.0032729285630391,4.6e-05,0.0030885799627536,126441448,1294.62
chr8,126449368,126449868,intergenic|chr8:126449368-126449868,intergenic,MYC,127736068,False,0.000137,0.0037842254638508,0.000174,0.0039598750187202,126449618,1286.45
chr8,126453659,126454531,intergenic|chr8:126453659-126454531,intergenic,MYC,127736068,False,0.000323,0.0038735113392293,0.000124,0.003708046274328,126454095,1281.973
chr8,126455151,126455651,intergenic|chr8:126455151-126455651,intergenic,MYC,127736068,False,1.5e-05,0.0035369524413758,0.000134,0.0039490699397844,126455401,1280.667
chr8,126467972,126468472,intergenic|chr8:126467972-126468472,intergenic,MYC,127736068,False,2.6e-05,0.0028602639431429,6.9e-05,0.0031403276099126,126468222,1267.846
chr8,126474420,126474920,intergenic|chr8:126474420-126474920,intergenic,MYC,127736068,False,3e-06,0.0027265358974463,2.2e-05,0.0029236045776761,126474670,1261.398
chr8,126480774,126481274,intergenic|chr8:126480774-126481274,intergenic,MYC,127736068,False,4e-06,0.0027218787873214,6e-06,0.0028121218902128,126481024,1255.044
chr8,126488050,126488550,intergenic|chr8:126488050-126488550,intergenic,MYC,127736068,False,1.9e-05,0.0032857106079899,0.000209,0.0037881349758962,126488300,1247.768
chr8,126488579,126489079,intergenic|chr8:126488579-126489079,intergenic,MYC,127736068,False,1.2e-05,0.0033288960947925,0.000124,0.0037870948691886,126488829,1247.239
chr8,126498233,126498733,intergenic|chr8:126498233-126498733,intergenic,MYC,127736068,False,1.2e-05,0.003496902620429,8.7e-05,0.0038582731261394,126498483,1237.585
chr8,126500679,126501611,intergenic|chr8:126500679-126501611,intergenic,MYC,127736068,False,2.7e-05,0.0036029839170677,0.000239,0.0041179499678667,126501145,1234.923
chr8,126505972,126506852,intergenic|chr8:126505972-126506852,intergenic,MYC,127736068,False,0.00015,0.0035695688021638,0.000201,0.0037134143808661,126506412,1229.656
chr8,126510251,126510751,intergenic|chr8:126510251-126510751,intergenic,MYC,127736068,False,0.000286,0.0040568932437341,0.00016,0.0039219348174046,126510501,1225.567
chr8,126525545,126526045,intergenic|chr8:126525545-126526045,intergenic,MYC,127736068,False,6e-06,0.0026851158957202,6e-06,0.0027729639754431,126525795,1210.273
chr8,126534345,126534845,intergenic|chr8:126534345-126534845,intergenic,MYC,127736068,False,5e-06,0.0031600121196286,7e-06,0.0032930175486002,126534595,1201.473
chr8,126536379,126536879,intergenic|chr8:126536379-126536879,intergenic,MYC,127736068,False,7e-06,0.003106824366876,0.000195,0.0039115953565666,126536629,1199.439
chr8,126547149,126547649,intergenic|chr8:126547149-126547649,intergenic,MYC,127736068,False,6.2e-05,0.0029138288430028,4.7e-05,0.0028719627278171,126547399,1188.669
chr8,126557715,126558215,promoter|chr8:126557715-126558215,promoter,MYC,127736068,False,0.000217,0.0137892185331225,0.001311,0.0202034217443908,126557965,1178.103
chr8,126558216,126558720,promoter|chr8:126558216-126558720,promoter,MYC,127736068,False,0.000318,0.0138754343974116,0.001767,0.0216975886691215,126558468,1177.6
chr8,126564208,126564708,intergenic|chr8:126564208-126564708,intergenic,MYC,127736068,False,3.7e-05,0.0036578925805187,4.1e-05,0.0038402533553426,126564458,1171.61
chr8,126565190,126565690,intergenic|chr8:126565190-126565690,intergenic,MYC,127736068,False,4e-06,0.0035075654586754,6e-06,0.0035756046454737,126565440,1170.628
chr8,126566802,126567302,intergenic|chr8:126566802-126567302,intergenic,MYC,127736068,False,1e-05,0.0035295603509557,1.1e-05,0.0036229876298014,126567052,1169.016
chr8,126571801,126572301,intergenic|chr8:126571801-126572301,intergenic,MYC,127736068,False,1e-05,0.0034201896340779,9.7e-05,0.0038146629461725,126572051,1164.017
chr8,126579428,126579928,intergenic|chr8:126579428-126579928,intergenic,MYC,127736068,False,2.9e-05,0.0034411069454626,3.5e-05,0.0035880142922089,126579678,1156.39
chr8,126582862,126583362,intergenic|chr8:126582862-126583362,intergenic,MYC,127736068,False,4e-06,0.0033412417519122,3.7e-05,0.0036175915571975,126583112,1152.956
chr8,126595845,126596345,intergenic|chr8:126595845-126596345,intergenic,MYC,127736068,False,4e-06,0.0033114712358861,2.5e-05,0.0035127174396131,126596095,1139.973
chr8,126598065,126598565,intergenic|chr8:126598065-126598565,intergenic,MYC,127736068,False,5e-06,0.0032553527166098,2.1e-05,0.0035212504208329,126598315,1137.753
chr8,126603788,126604288,intergenic|chr8:126603788-126604288,intergenic,MYC,127736068,False,2.1e-05,0.0028367652399841,0.000181,0.003358959272434,126604038,1132.03
chr8,126614515,126615015,intergenic|chr8:126614515-126615015,intergenic,MYC,127736068,False,4e-06,0.0032689308803578,2.5e-05,0.0034717875534164,126614765,1121.303
chr8,126617250,126617750,intergenic|chr8:126617250-126617750,intergenic,MYC,127736068,False,5e-06,0.0034189891658916,4.6e-05,0.0038948753668159,126617500,1118.568
chr8,126621061,126621561,intergenic|chr8:126621061-126621561,intergenic,MYC,127736068,False,1.2e-05,0.0032583740815262,5.2e-05,0.0034716911568173,126621311,1114.757
chr8,126629796,126630296,intergenic|chr8:126629796-126630296,intergenic,MYC,127736068,False,7e-06,0.0028038456684008,2.1e-05,0.0030099278864887,126630046,1106.022
chr8,126652329,126652829,intergenic|chr8:126652329-126652829,intergenic,MYC,127736068,False,1e-05,0.0028037800233342,1.6e-05,0.0029868594035278,126652579,1083.489
chr8,126664337,126664837,intergenic|chr8:126664337-126664837,intergenic,MYC,127736068,False,3e-06,0.0032600272935772,2.2e-05,0.0035303379718668,126664587,1071.481
chr8,126667275,126668012,intergenic|chr8:126667275-126668012,intergenic,MYC,127736068,False,6e-06,0.0031857007410008,3.9e-05,0.0034610579153081,126667643,1068.425
chr8,126690355,126690855,intergenic|chr8:126690355-126690855,intergenic,MYC,127736068,False,4e-06,0.0027869161224291,4.3e-05,0.0030704230167716,126690605,1045.463
chr8,126698637,126699389,intergenic|chr8:126698637-126699389,intergenic,MYC,127736068,False,1.2e-05,0.0027859617027112,5.6e-05,0.0031497873010191,126699013,1037.055
chr8,126711187,126711687,intergenic|chr8:126711187-126711687,intergenic,MYC,127736068,False,2e-06,0.0032237521142008,1.3e-05,0.0034083539327136,126711437,1024.631
chr8,126711817,126712317,intergenic|chr8:126711817-126712317,intergenic,MYC,127736068,False,5e-06,0.0031223397384653,1.9e-05,0.0033560733230073,126712067,1024.001
chr8,126719132,126719632,intergenic|chr8:126719132-126719632,intergenic,MYC,127736068,False,9e-06,0.0028651740301982,3e-06,0.0028524547428675,126719382,1016.686
chr8,126726376,126726876,intergenic|chr8:126726376-126726876,intergenic,MYC,127736068,False,4e-06,0.0031406198229992,7e-06,0.0032876592470408,126726626,1009.442
chr8,126730700,126731200,intergenic|chr8:126730700-126731200,intergenic,MYC,127736068,False,3e-06,0.0033057674204075,3.9e-05,0.0036655846836577,126730950,1005.118
chr8,126732882,126733539,intergenic|chr8:126732882-126733539,intergenic,MYC,127736068,False,5e-06,0.0032650065661822,4.4e-05,0.0036523340113372,126733210,1002.858
chr8,126734474,126734974,intergenic|chr8:126734474-126734974,intergenic,MYC,127736068,False,4e-06,0.0032648355747674,2.1e-05,0.0036517344039571,126734724,1001.344
chr8,126736093,126736593,intergenic|chr8:126736093-126736593,intergenic,MYC,127736068,False,3e-06,0.0032324857079895,3.5e-05,0.003510128456532,126736343,999.725
chr8,126796589,126797089,intergenic|chr8:126796589-126797089,intergenic,MYC,127736068,False,9e-06,0.0027395645409789,3.3e-05,0.0029356691871994,126796839,939.229
chr8,126809831,126810331,intergenic|chr8:126809831-126810331,intergenic,MYC,127736068,False,0.000108,0.0029627503476774,0.000304,0.003412209419678,126810081,925.987
chr8,126816709,126817484,intergenic|chr8:126816709-126817484,intergenic,MYC,127736068,False,0.000158,0.0032066712875575,9e-05,0.0029623511156092,126817096,918.972
chr8,126824332,126825152,intergenic|chr8:126824332-126825152,intergenic,MYC,127736068,False,0.001919,0.0065476271648802,6.6e-05,0.0034011689443236,126824742,911.326
chr8,126826678,126827178,intergenic|chr8:126826678-126827178,intergenic,MYC,127736068,False,0.000297,0.0048085883974992,8.6e-05,0.0038020813690916,126826928,909.14
chr8,126831731,126832231,intergenic|chr8:126831731-126832231,intergenic,MYC,127736068,False,9.4e-05,0.0038844117278217,4.1e-05,0.0036309702184878,126831981,904.087
chr8,126833939,126834439,intergenic|chr8:126833939-126834439,intergenic,MYC,127736068,False,6.5e-05,0.0038362222965479,5.5e-05,0.0035348484768685,126834189,901.879
chr8,126837721,126838221,intergenic|chr8:126837721-126838221,intergenic,MYC,127736068,False,9e-06,0.0032899284599409,1.9e-05,0.0035215317281726,126837971,898.097
chr8,126841731,126842231,intergenic|chr8:126841731-126842231,intergenic,MYC,127736068,False,0.000196,0.0040736156741109,4e-05,0.0034766244403417,126841981,894.087
chr8,126842324,126842824,intergenic|chr8:126842324-126842824,intergenic,MYC,127736068,False,7.8e-05,0.0040076830970982,3e-05,0.0034759322337978,126842574,893.494
chr8,126844060,126844560,intergenic|chr8:126844060-126844560,intergenic,MYC,127736068,False,0.00013,0.0039623331862401,2.5e-05,0.0034384352131545,126844310,891.758
chr8,126857879,126858379,intergenic|chr8:126857879-126858379,intergenic,MYC,127736068,False,4.5e-05,0.0033238305483983,2.8e-05,0.0034301967324622,126858129,877.939
chr8,126862661,126863161,intergenic|chr8:126862661-126863161,intergenic,MYC,127736068,False,6.3e-05,0.0035803698445565,1.8e-05,0.0032040012967881,126862911,873.157
chr8,126869319,126869819,intergenic|chr8:126869319-126869819,intergenic,MYC,127736068,False,0.000586,0.0039046917410591,0.000148,0.0029912109754631,126869569,866.499
chr8,126876542,126877042,intergenic|chr8:126876542-126877042,intergenic,MYC,127736068,False,0.001709,0.005695747588976,0.000424,0.0032922885694053,126876792,859.276
chr8,126883443,126883943,intergenic|chr8:126883443-126883943,intergenic,MYC,127736068,False,0.000308,0.0039022279923329,1.1e-05,0.0027257977738427,126883693,852.375
chr8,126892593,126893093,intergenic|chr8:126892593-126893093,intergenic,MYC,127736068,False,1.7e-05,0.0028352580672199,3.3e-05,0.0029024022329141,126892843,843.225
chr8,126918675,126919175,intergenic|chr8:126918675-126919175,intergenic,MYC,127736068,False,6e-06,0.0026310844173926,2.5e-05,0.0028767084382221,126918925,817.143
chr8,126926559,126927059,intergenic|chr8:126926559-126927059,intergenic,MYC,127736068,False,4.1e-05,0.0028214846722151,1.7e-05,0.0027952401752176,126926809,809.259
chr8,126934489,126934989,intergenic|chr8:126934489-126934989,intergenic,MYC,127736068,False,1.4e-05,0.0026231685723758,0.00015,0.0031199740050848,126934739,801.329
chr8,126945394,126945894,intergenic|chr8:126945394-126945894,intergenic,MYC,127736068,False,2.5e-05,0.0033485514698251,1.5e-05,0.0034322389852151,126945644,790.424
chr8,126947042,126947843,intergenic|chr8:126947042-126947843,intergenic,MYC,127736068,False,0.000105,0.0033666835802577,0.000126,0.0034083115020709,126947442,788.626
chr8,126951391,126951891,intergenic|chr8:126951391-126951891,intergenic,MYC,127736068,False,3.2e-05,0.0033587857884751,5.5e-05,0.003630114846741,126951641,784.427
chr8,126952040,126952540,intergenic|chr8:126952040-126952540,intergenic,MYC,127736068,False,2.6e-05,0.0033480007754495,4.6e-05,0.00361463523957,126952290,783.778
chr8,126968458,126968958,intergenic|chr8:126968458-126968958,intergenic,MYC,127736068,False,4.6e-05,0.0032676851096578,5.1e-05,0.0032872627459538,126968708,767.36
chr8,126969335,126969835,intergenic|chr8:126969335-126969835,intergenic,MYC,127736068,False,3.7e-05,0.0032654633794721,1.7e-05,0.003322897576218,126969585,766.483
chr8,126970035,126970535,intergenic|chr8:126970035-126970535,intergenic,MYC,127736068,False,1e-05,0.0031799004039715,2.7e-05,0.0033249707149856,126970285,765.783
chr8,126974915,126975415,intergenic|chr8:126974915-126975415,intergenic,MYC,127736068,False,2.8e-05,0.0031121371628371,1.6e-05,0.0031637079006752,126975165,760.903
chr8,126991043,126991543,intergenic|chr8:126991043-126991543,intergenic,MYC,127736068,False,4.8e-05,0.0032924264743993,2.2e-05,0.0031565718052814,126991293,744.775
chr8,126992845,126993345,intergenic|chr8:126992845-126993345,intergenic,MYC,127736068,False,3.2e-05,0.0033201471431125,2e-05,0.0031519245650127,126993095,742.973
chr8,127010633,127011133,intergenic|chr8:127010633-127011133,intergenic,MYC,127736068,False,7.3e-05,0.0034910054025596,4.4e-05,0.0033072181800937,127010883,725.185
chr8,127011419,127011919,intergenic|chr8:127011419-127011919,intergenic,MYC,127736068,False,4.9e-05,0.0034925685495069,3.6e-05,0.0033026107680822,127011669,724.399
chr8,127013670,127014170,intergenic|chr8:127013670-127014170,intergenic,MYC,127736068,False,3.8e-05,0.0037906785129254,3.4e-05,0.0035820986309971,127013920,722.148
chr8,127029441,127029941,intergenic|chr8:127029441-127029941,intergenic,MYC,127736068,False,7.4e-05,0.0030605873390957,2.6e-05,0.0029281127260729,127029691,706.377
chr8,127034870,127035370,intergenic|chr8:127034870-127035370,intergenic,MYC,127736068,False,0.000978,0.0055797350331558,0.000332,0.0042318965804789,127035120,700.948
chr8,127035536,127036036,intergenic|chr8:127035536-127036036,intergenic,MYC,127736068,False,0.002701,0.0074048252191494,0.00084,0.0045735354238123,127035786,700.282
chr8,127038558,127039058,intergenic|chr8:127038558-127039058,intergenic,MYC,127736068,False,0.001208,0.0057926691534532,0.000387,0.004255678214316,127038808,697.26
chr8,127041735,127042235,intergenic|chr8:127041735-127042235,intergenic,MYC,127736068,False,0.000233,0.0042983443922832,9.8e-05,0.0037926524519164,127041985,694.083
chr8,127056684,127057184,intergenic|chr8:127056684-127057184,intergenic,MYC,127736068,False,7.7e-05,0.0029149317683972,2.9e-05,0.002806423515785,127056934,679.134
chr8,127074461,127074961,genic|chr8:127074461-127074961,genic,MYC,127736068,False,4.6e-05,0.0034101133791872,5.5e-05,0.0034737478129622,127074711,661.357
chr8,127079623,127080123,promoter|chr8:127079623-127080123,promoter,MYC,127736068,False,0.000141,0.0150541143101482,9.2e-05,0.0146552190091764,127079873,656.195
chr8,127080737,127081546,genic|chr8:127080737-127081546,genic,MYC,127736068,False,0.000532,0.0046783713185574,6.5e-05,0.0038020582674207,127081141,654.927
chr8,127081971,127082471,promoter|chr8:127081971-127082471,promoter,MYC,127736068,False,0.000217,0.0158935400284292,2.6e-05,0.0136835621388211,127082221,653.847
chr8,127090439,127090939,genic|chr8:127090439-127090939,genic,MYC,127736068,False,2e-05,0.0033882271725896,6e-06,0.0033791168359556,127090689,645.379
chr8,127113012,127113512,intergenic|chr8:127113012-127113512,intergenic,MYC,127736068,False,3e-05,0.0042136134294516,3.6e-05,0.004345333131923,127113262,622.806
chr8,127114283,127115024,intergenic|chr8:127114283-127115024,intergenic,MYC,127736068,False,4.5e-05,0.0042221448282151,6.8e-05,0.0043620654678494,127114653,621.415
chr8,127116050,127116550,intergenic|chr8:127116050-127116550,intergenic,MYC,127736068,False,2.9e-05,0.0043671961074335,4.8e-05,0.0044781960621973,127116300,619.768
chr8,127116861,127117361,intergenic|chr8:127116861-127117361,intergenic,MYC,127736068,False,4.4e-05,0.0043497057263704,5e-05,0.0044601838492665,127117111,618.957
chr8,127118379,127118879,intergenic|chr8:127118379-127118879,intergenic,MYC,127736068,False,3.1e-05,0.0043338741657938,5e-05,0.0044278896635245,127118629,617.439
chr8,127122685,127123185,intergenic|chr8:127122685-127123185,intergenic,MYC,127736068,False,2e-05,0.0037844029400306,6e-06,0.0038261152159,127122935,613.133
chr8,127129035,127129535,intergenic|chr8:127129035-127129535,intergenic,MYC,127736068,False,2.3e-05,0.0033096494611239,8e-06,0.0033060040238757,127129285,606.783
chr8,127135258,127135758,intergenic|chr8:127135258-127135758,intergenic,MYC,127736068,False,0.000261,0.0045745468791354,6.7e-05,0.0040199979342262,127135508,600.56
chr8,127136968,127137468,intergenic|chr8:127136968-127137468,intergenic,MYC,127736068,False,0.000117,0.0045941690858565,3.7e-05,0.0041159615024314,127137218,598.85
chr8,127141749,127142249,intergenic|chr8:127141749-127142249,intergenic,MYC,127736068,False,8e-06,0.0038500968004235,2.2e-05,0.0040578706610584,127141999,594.069
chr8,127146339,127147160,intergenic|chr8:127146339-127147160,intergenic,MYC,127736068,False,7.2e-05,0.0041235398370597,9e-05,0.0043271071720204,127146749,589.319
chr8,127149677,127150577,intergenic|chr8:127149677-127150577,intergenic,MYC,127736068,False,8.3e-05,0.0041489024918833,5.7e-05,0.0040539777396795,127150127,585.941
chr8,127158023,127158523,intergenic|chr8:127158023-127158523,intergenic,MYC,127736068,False,2.9e-05,0.0032603458658413,3.6e-05,0.0034455251385246,127158273,577.795
chr8,127163636,127164136,intergenic|chr8:127163636-127164136,intergenic,MYC,127736068,False,0.000266,0.0043201179331728,4.5e-05,0.0034920258171445,127163886,572.182
chr8,127178452,127178952,intergenic|chr8:127178452-127178952,intergenic,MYC,127736068,False,0.000623,0.0057204845384348,0.000239,0.0043098684948247,127178702,557.366
chr8,127180529,127181029,intergenic|chr8:127180529-127181029,intergenic,MYC,127736068,False,0.000168,0.0049329054804474,4.6e-05,0.0043890489005392,127180779,555.289
chr8,127190113,127190613,genic|chr8:127190113-127190613,genic,MYC,127736068,False,0.000118,0.004251533783254,5.9e-05,0.0039916639252944,127190363,545.705
chr8,127190843,127191343,genic|chr8:127190843-127191343,genic,MYC,127736068,False,3.6e-05,0.004252944644706,3.4e-05,0.004003618988299,127191093,544.975
chr8,127191498,127191998,genic|chr8:127191498-127191998,genic,MYC,127736068,False,6.7e-05,0.0042304448023443,3e-05,0.0039876157758463,127191748,544.32
chr8,127197377,127197877,promoter|chr8:127197377-127197877,promoter,MYC,127736068,False,0.000252,0.0163361301072082,0.000138,0.0150001303008227,127197627,538.441
chr8,127199846,127200346,intergenic|chr8:127199846-127200346,intergenic,MYC,127736068,False,0.000212,0.0054014814307865,0.000146,0.0050787888293031,127200096,535.972
chr8,127200593,127201093,intergenic|chr8:127200593-127201093,intergenic,MYC,127736068,False,0.000286,0.005431023697704,0.000183,0.0050749722235523,127200843,535.225
chr8,127206119,127207397,intergenic|chr8:127206119-127207397,intergenic,MYC,127736068,False,0.010437,0.0333160747917181,0.004715,0.0126675798476042,127206758,529.31
chr8,127210283,127210783,intergenic|chr8:127210283-127210783,intergenic,MYC,127736068,False,0.00832,0.0330098461434756,0.003258,0.0114320218517346,127210533,525.535
chr8,127214973,127215652,intergenic|chr8:127214973-127215652,intergenic,MYC,127736068,False,0.053961,0.376753959982114,0.017201,0.0559440634481698,127215312,520.756
chr8,127216170,127216670,intergenic|chr8:127216170-127216670,intergenic,MYC,127736068,False,0.017179,0.0889706958706538,0.006445,0.0198804410926174,127216420,519.648
chr8,127218691,127219191,intergenic|chr8:127218691-127219191,intergenic,MYC,127736068,False,0.039686,0.2622811665839535,0.012357,0.0378630090079123,127218941,517.127
chr8,127219630,127220130,intergenic|chr8:127219630-127220130,intergenic,MYC,127736068,False,0.030566,0.2085857953175715,0.009045,0.0309583639644967,127219880,516.188
chr8,127222564,127223338,intergenic|chr8:127222564-127223338,intergenic,MYC,127736068,False,0.033826,0.1944414216051599,0.013239,0.0410942460743938,127222951,513.117
chr8,127225040,127225955,intergenic|chr8:127225040-127225955,intergenic,MYC,127736068,False,0.016035,0.0637392347310701,0.002094,0.0083794307408164,127225497,510.571
chr8,127230505,127232082,intergenic|chr8:127230505-127232082,intergenic,MYC,127736068,False,0.002189,0.0092877014803536,0.001078,0.0063481074432249,127231293,504.775
chr8,127234437,127234937,intergenic|chr8:127234437-127234937,intergenic,MYC,127736068,False,0.000487,0.007191405102787,0.000156,0.0057085714307009,127234687,501.381
chr8,127237090,127237590,intergenic|chr8:127237090-127237590,intergenic,MYC,127736068,False,0.000146,0.0056483331423116,7.9e-05,0.0050884450736332,127237340,498.728
chr8,127239447,127239947,intergenic|chr8:127239447-127239947,intergenic,MYC,127736068,False,0.000216,0.0056678956372902,0.000111,0.0050654351409741,127239697,496.371
chr8,127247253,127247753,intergenic|chr8:127247253-127247753,intergenic,MYC,127736068,False,0.004637,0.0191365791153153,0.0007,0.0068792288837892,127247503,488.565
chr8,127251930,127252430,intergenic|chr8:127251930-127252430,intergenic,MYC,127736068,False,0.00157,0.0105720060636172,0.000898,0.0081413663052746,127252180,483.888
chr8,127253109,127254299,intergenic|chr8:127253109-127254299,intergenic,MYC,127736068,False,0.005932,0.0193205745502403,0.003421,0.0117879165252308,127253704,482.364
chr8,127259452,127259952,intergenic|chr8:127259452-127259952,intergenic,MYC,127736068,False,0.00019,0.0051241679578301,6.8e-05,0.004712822013265,127259702,476.366
chr8,127264946,127265446,intergenic|chr8:127264946-127265446,intergenic,MYC,127736068,False,0.001196,0.0088729110436681,0.000915,0.0079947216963176,127265196,470.872
chr8,127265535,127266035,intergenic|chr8:127265535-127266035,intergenic,MYC,127736068,False,0.003053,0.01197038433653,0.002302,0.0100387310655024,127265785,470.283
chr8,127266262,127266954,intergenic|chr8:127266262-127266954,intergenic,MYC,127736068,False,0.001721,0.0096196099343529,0.001167,0.0082698301569283,127266608,469.46
chr8,127272447,127272947,intergenic|chr8:127272447-127272947,intergenic,MYC,127736068,False,0.000167,0.00581883544272,7.1e-05,0.0053800786266919,127272697,463.371
chr8,127273198,127273698,intergenic|chr8:127273198-127273698,intergenic,MYC,127736068,False,0.000153,0.00578536394539,6.4e-05,0.005360651461467,127273448,462.62
chr8,127283293,127283793,intergenic|chr8:127283293-127283793,intergenic,MYC,127736068,False,0.000558,0.005428691092699,0.000184,0.0046758479829465,127283543,452.525
chr8,127293938,127294438,intergenic|chr8:127293938-127294438,intergenic,MYC,127736068,False,0.004555,0.018173669185391,0.000978,0.0074861010469632,127294188,441.88
chr8,127294618,127295118,intergenic|chr8:127294618-127295118,intergenic,MYC,127736068,False,0.009729,0.0333785105910437,0.002123,0.0089786572817564,127294868,441.2
chr8,127297521,127298021,intergenic|chr8:127297521-127298021,intergenic,MYC,127736068,False,0.003679,0.0160481370791705,0.001109,0.0084535102081213,127297771,438.297
chr8,127300680,127301180,intergenic|chr8:127300680-127301180,intergenic,MYC,127736068,False,0.0004,0.0068931488938317,9.7e-05,0.0056236936144787,127300930,435.138
chr8,127301294,127301794,intergenic|chr8:127301294-127301794,intergenic,MYC,127736068,False,0.000308,0.0067320918007422,6.4e-05,0.0055651932376367,127301544,434.524
chr8,127305802,127306302,intergenic|chr8:127305802-127306302,intergenic,MYC,127736068,False,0.000303,0.0068198042278878,0.000127,0.005855524085163,127306052,430.016
chr8,127307000,127308079,intergenic|chr8:127307000-127308079,intergenic,MYC,127736068,False,0.001169,0.0074814398345566,0.000536,0.0058904824858449,127307539,428.529
chr8,127321022,127321896,intergenic|chr8:127321022-127321896,intergenic,MYC,127736068,False,0.000509,0.006803582716455,5.8e-05,0.0050204591284428,127321459,414.609
chr8,127324754,127325254,intergenic|chr8:127324754-127325254,intergenic,MYC,127736068,False,0.000148,0.0059594126294635,4e-05,0.0049995812830451,127325004,411.064
chr8,127330088,127330588,intergenic|chr8:127330088-127330588,intergenic,MYC,127736068,False,0.001154,0.0075105844956804,0.000664,0.0064918038250694,127330338,405.73
chr8,127331980,127332480,intergenic|chr8:127331980-127332480,intergenic,MYC,127736068,False,0.001469,0.0078405533040922,0.000909,0.0066862325713247,127332230,403.838
chr8,127339991,127340491,intergenic|chr8:127339991-127340491,intergenic,MYC,127736068,False,0.001205,0.0076004513187614,0.000534,0.005977952081643,127340241,395.827
chr8,127341904,127342592,intergenic|chr8:127341904-127342592,intergenic,MYC,127736068,False,0.000691,0.0069798757477629,0.000273,0.0057755321963475,127342248,393.82
chr8,127348640,127349140,intergenic|chr8:127348640-127349140,intergenic,MYC,127736068,False,9.2e-05,0.0051064854644596,6e-05,0.0048274629283025,127348890,387.178
chr8,127349160,127349660,intergenic|chr8:127349160-127349660,intergenic,MYC,127736068,False,0.000124,0.0050458973664563,4.3e-05,0.0048361304417556,127349410,386.658
chr8,127354563,127355063,intergenic|chr8:127354563-127355063,intergenic,MYC,127736068,False,3.2e-05,0.0044908546634282,2.2e-05,0.0044380092484213,127354813,381.255
chr8,127355294,127355794,intergenic|chr8:127355294-127355794,intergenic,MYC,127736068,False,1.7e-05,0.0045501085033536,2.7e-05,0.0048719773352875,127355544,380.524
chr8,127363317,127363817,intergenic|chr8:127363317-127363817,intergenic,MYC,127736068,False,6.4e-05,0.0043168726979139,7.3e-05,0.0042942025403464,127363567,372.501
chr8,127370520,127371615,intergenic|chr8:127370520-127371615,intergenic,MYC,127736068,False,0.000152,0.0051154267811999,0.000103,0.0049778677251067,127371067,365.001
chr8,127372168,127372890,intergenic|chr8:127372168-127372890,intergenic,MYC,127736068,False,0.000116,0.0050895256504471,9.1e-05,0.0049504285511648,127372529,363.539
chr8,127378872,127379372,intergenic|chr8:127378872-127379372,intergenic,MYC,127736068,False,4.3e-05,0.0038227527473792,2.8e-05,0.0039127194050393,127379122,356.946
chr8,127386267,127386767,intergenic|chr8:127386267-127386767,intergenic,MYC,127736068,False,3.3e-05,0.0039001279875796,2.9e-05,0.0040663626367505,127386517,349.551
chr8,127393697,127394664,intergenic|chr8:127393697-127394664,intergenic,MYC,127736068,False,0.00017,0.0043187910522844,0.0001,0.0041101183059506,127394180,341.888
chr8,127400148,127401128,promoter|chr8:127400148-127401128,promoter,MYC,127736068,False,0.001279,0.0248980923139732,0.000279,0.0155683314111855,127400638,335.43
chr8,127401837,127402337,genic|chr8:127401837-127402337,genic,MYC,127736068,False,0.000738,0.0090606218165292,8.8e-05,0.0061232440632985,127402087,333.981
chr8,127406332,127406832,intergenic|chr8:127406332-127406832,intergenic,MYC,127736068,False,0.000217,0.0061538985378329,0.000156,0.0059805022688695,127406582,329.486
chr8,127415361,127415861,promoter|chr8:127415361-127415861,promoter,MYC,127736068,False,7.1e-05,0.0151416521714436,3.7e-05,0.0138717064426398,127415611,320.457
chr8,127420166,127420666,intergenic|chr8:127420166-127420666,intergenic,MYC,127736068,False,5.3e-05,0.0074042489267169,2.5e-05,0.0070207585802053,127420416,315.652
chr8,127425456,127425956,intergenic|chr8:127425456-127425956,intergenic,MYC,127736068,False,7.5e-05,0.0076245835828239,6.7e-05,0.0077509988697741,127425706,310.362
chr8,127425973,127426473,intergenic|chr8:127425973-127426473,intergenic,MYC,127736068,False,7.9e-05,0.0075448839732877,9.9e-05,0.0076169997953195,127426223,309.845
chr8,127443619,127444119,intergenic|chr8:127443619-127444119,intergenic,MYC,127736068,False,6.8e-05,0.0062245692518446,3.9e-05,0.0058688751831581,127443869,292.199
chr8,127451127,127451627,intergenic|chr8:127451127-127451627,intergenic,MYC,127736068,False,6.4e-05,0.0074862231525059,4.1e-05,0.0067260210873066,127451377,284.691
chr8,127455172,127455672,intergenic|chr8:127455172-127455672,intergenic,MYC,127736068,False,4.1e-05,0.0067872639776323,3.5e-05,0.0069502372555469,127455422,280.646
chr8,127464015,127464515,intergenic|chr8:127464015-127464515,intergenic,MYC,127736068,False,2e-05,0.0062880348000458,2.6e-05,0.006554411381079,127464265,271.803
chr8,127468533,127469033,intergenic|chr8:127468533-127469033,intergenic,MYC,127736068,False,3.4e-05,0.006808334388329,6.4e-05,0.0070601906278363,127468783,267.285
chr8,127478320,127479098,intergenic|chr8:127478320-127479098,intergenic,MYC,127736068,False,0.001503,0.0111115826864237,0.000583,0.0078611309551419,127478709,257.359
chr8,127479301,127479801,intergenic|chr8:127479301-127479801,intergenic,MYC,127736068,False,0.000401,0.0093453702867051,0.000133,0.0075060583536851,127479551,256.517
chr8,127486937,127487437,intergenic|chr8:127486937-127487437,intergenic,MYC,127736068,False,5.8e-05,0.0087861709778348,4.9e-05,0.0081391360078511,127487187,248.881
chr8,127496324,127496824,intergenic|chr8:127496324-127496824,intergenic,MYC,127736068,False,0.000221,0.0087264692123306,0.000338,0.0093444204559449,127496574,239.494
chr8,127506466,127506966,intergenic|chr8:127506466-127506966,intergenic,MYC,127736068,False,4.9e-05,0.0099852919024772,2.3e-05,0.0091961468185569,127506716,229.352
chr8,127509395,127509895,intergenic|chr8:127509395-127509895,intergenic,MYC,127736068,False,0.000165,0.0100977677302351,5.6e-05,0.009248430595674,127509645,226.423
chr8,127510538,127511038,intergenic|chr8:127510538-127511038,intergenic,MYC,127736068,False,9.1e-05,0.0101745479136348,7.5e-05,0.0100110574386851,127510788,225.28
chr8,127512806,127513306,intergenic|chr8:127512806-127513306,intergenic,MYC,127736068,False,7.4e-05,0.0099795242700576,7.5e-05,0.0098274056944692,127513056,223.012
chr8,127513992,127514492,intergenic|chr8:127513992-127514492,intergenic,MYC,127736068,False,4.3e-05,0.0098277976660476,6.1e-05,0.0096971220847611,127514242,221.826
chr8,127523927,127524427,intergenic|chr8:127523927-127524427,intergenic,MYC,127736068,False,0.000101,0.0082958516777228,4.9e-05,0.0081256807088824,127524177,211.891
chr8,127530030,127530530,intergenic|chr8:127530030-127530530,intergenic,MYC,127736068,False,4.2e-05,0.0092233568890813,2.5e-05,0.008611308502407,127530280,205.788
chr8,127530752,127531252,intergenic|chr8:127530752-127531252,intergenic,MYC,127736068,False,4.1e-05,0.0090986264477275,2.5e-05,0.0084973764149544,127531002,205.066
chr8,127533007,127533507,intergenic|chr8:127533007-127533507,intergenic,MYC,127736068,False,7.8e-05,0.0089276810276673,3.9e-05,0.008339405865301,127533257,202.811
chr8,127553035,127553535,intergenic|chr8:127553035-127553535,intergenic,MYC,127736068,False,2.8e-05,0.0085202100538308,3.5e-05,0.0086975130702865,127553285,182.783
chr8,127554539,127555291,intergenic|chr8:127554539-127555291,intergenic,MYC,127736068,False,5e-05,0.0083668977308593,7.6e-05,0.0085171780035393,127554915,181.153
chr8,127557072,127557572,intergenic|chr8:127557072-127557572,intergenic,MYC,127736068,False,8.6e-05,0.0087512544951859,5.7e-05,0.0086723351665069,127557322,178.746
chr8,127563324,127563824,intergenic|chr8:127563324-127563824,intergenic,MYC,127736068,False,0.000303,0.0103844022586357,0.000174,0.0090805462940463,127563574,172.494
chr8,127564958,127565458,intergenic|chr8:127564958-127565458,intergenic,MYC,127736068,False,0.000259,0.0090331150502261,0.000181,0.0089407781219813,127565208,170.86
chr8,127573235,127573735,intergenic|chr8:127573235-127573735,intergenic,MYC,127736068,False,0.00015,0.0092578846811924,8e-05,0.0080120140390638,127573485,162.583
chr8,127576383,127576883,intergenic|chr8:127576383-127576883,intergenic,MYC,127736068,False,3.7e-05,0.0082005078807575,3.9e-05,0.0081581099153457,127576633,159.435
chr8,127578657,127579157,intergenic|chr8:127578657-127579157,intergenic,MYC,127736068,False,4.7e-05,0.0081131719107167,3.5e-05,0.0079937560391056,127578907,157.161
chr8,127579748,127580474,intergenic|chr8:127579748-127580474,intergenic,MYC,127736068,False,0.000125,0.0090005257089109,0.000102,0.0082990084751823,127580111,155.957
chr8,127582521,127583021,intergenic|chr8:127582521-127583021,intergenic,MYC,127736068,False,0.000187,0.0091826242497033,8.1e-05,0.0084380107535378,127582771,153.297
chr8,127585794,127586528,intergenic|chr8:127585794-127586528,intergenic,MYC,127736068,False,0.000286,0.0081910222466394,0.00064,0.0097356176546435,127586161,149.907
chr8,127588788,127589288,intergenic|chr8:127588788-127589288,intergenic,MYC,127736068,False,8.6e-05,0.0078103882023514,0.000111,0.0088819715190801,127589038,147.03
chr8,127596156,127596656,intergenic|chr8:127596156-127596656,intergenic,MYC,127736068,False,0.002359,0.0116825259097672,0.001447,0.0086613840939484,127596406,139.662
chr8,127605675,127606175,intergenic|chr8:127605675-127606175,intergenic,MYC,127736068,False,0.00016,0.0074584759916727,0.000121,0.0067103665526979,127605925,130.143
chr8,127618377,127618877,intergenic|chr8:127618377-127618877,intergenic,MYC,127736068,False,0.000163,0.0061495810061557,0.000195,0.0065020961854354,127618627,117.441
chr8,127625129,127625896,intergenic|chr8:127625129-127625896,intergenic,MYC,127736068,False,0.000438,0.0066158468376312,0.000655,0.007026545168124,127625512,110.556
chr8,127631493,127631993,intergenic|chr8:127631493-127631993,intergenic,MYC,127736068,False,0.000115,0.0075238985325172,0.000143,0.0072360952413957,127631743,104.325
chr8,127632050,127632895,intergenic|chr8:127632050-127632895,intergenic,MYC,127736068,False,0.000229,0.0072925261742649,0.000134,0.0070330599996586,127632472,103.596
chr8,127646088,127646588,intergenic|chr8:127646088-127646588,intergenic,MYC,127736068,False,0.000532,0.0069191383455901,0.000589,0.0068789926216986,127646338,89.73
chr8,127653935,127654435,intergenic|chr8:127653935-127654435,intergenic,MYC,127736068,False,0.000177,0.0071812209844435,0.000138,0.0067553190601284,127654185,81.883
chr8,127655629,127656129,intergenic|chr8:127655629-127656129,intergenic,MYC,127736068,False,8.3e-05,0.0062760995934642,0.000107,0.0068453150349917,127655879,80.189
chr8,127661130,127661630,intergenic|chr8:127661130-127661630,intergenic,MYC,127736068,False,7.5e-05,0.0054827954825261,0.000193,0.0059127568691145,127661380,74.688
chr8,127667951,127668451,intergenic|chr8:127667951-127668451,intergenic,MYC,127736068,False,0.001256,0.010111570625943,0.001203,0.0096373456273046,127668201,67.867
chr8,127668545,127669045,intergenic|chr8:127668545-127669045,intergenic,MYC,127736068,False,0.004038,0.0149511733702394,0.003765,0.0138503611709462,127668795,67.273
chr8,127670750,127671250,intergenic|chr8:127670750-127671250,intergenic,MYC,127736068,False,0.00132,0.00944327519081,0.001757,0.0102350190118556,127671000,65.068
chr8,127683829,127684329,intergenic|chr8:127683829-127684329,intergenic,MYC,127736068,False,0.000237,0.0062145654248123,0.000393,0.0065995905018064,127684079,51.989
chr8,127684496,127684996,intergenic|chr8:127684496-127684996,intergenic,MYC,127736068,False,0.000283,0.0059397092753851,0.000332,0.0062242603655277,127684746,51.322
chr8,127687805,127688599,intergenic|chr8:127687805-127688599,intergenic,MYC,127736068,False,0.000382,0.0056211089822624,0.000241,0.0059194410631904,127688202,47.866
chr8,127689158,127689658,intergenic|chr8:127689158-127689658,intergenic,MYC,127736068,False,0.000224,0.0049782518364649,0.000298,0.0053764969309963,127689408,46.66
chr8,127706810,127707310,intergenic|chr8:127706810-127707310,intergenic,MYC,127736068,False,0.000504,0.0046486399945542,0.000325,0.0049786315889166,127707060,29.008
chr8,127719559,127720403,intergenic|chr8:127719559-127720403,intergenic,MYC,127736068,False,0.000738,0.0052887840760716,0.000779,0.0058666775959007,127719981,16.087
chr8,127725647,127726147,intergenic|chr8:127725647-127726147,intergenic,MYC,127736068,False,0.003467,0.0113930421023575,0.006321,0.019647088798035,127725897,10.171
chr8,127727249,127727749,intergenic|chr8:127727249-127727749,intergenic,MYC,127736068,False,0.002276,0.0071925741666531,0.004789,0.0120896401828589,127727499,8.569
chr8,127733717,127734429,promoter|chr8:127733717-127734429,promoter,MYC,127736068,False,0.053876,0.8450787735786378,0.076368,0.9194279688232596,127734073,1.995
chr8,127735095,127735595,promoter|chr8:127735095-127735595,promoter,MYC,127736068,True,1.0,0.9995394835617182,1.0,0.9995979291385394,127735345,0.723
chr8,127735677,127736449,promoter|chr8:127735677-127736449,promoter,MYC,127736068,True,1.0,0.9997078567779084,1.0,0.9997439557075176,127736063,0.005
chr8,127741841,127742851,intergenic|chr8:127741841-127742851,intergenic,MYC,127736068,False,0.08651,0.6582178797810596,0.150682,0.8686658583850865,127742346,6.278
chr8,127742867,127743367,intergenic|chr8:127742867-127743367,intergenic,MYC,127736068,False,0.070428,0.6456734112806182,0.119154,0.8536008342051403,127743117,7.049
chr8,127748017,127748869,intergenic|chr8:127748017-127748869,intergenic,MYC,127736068,False,0.001901,0.0185379743569201,0.003769,0.0281148172012999,127748443,12.375
chr8,127749139,127749639,intergenic|chr8:127749139-127749639,intergenic,MYC,127736068,False,0.001381,0.0193011725734672,0.002127,0.0248650926030111,127749389,13.321
chr8,127751465,127751965,intergenic|chr8:127751465-127751965,intergenic,MYC,127736068,False,0.000615,0.0164638776758173,0.00116,0.02041219472142,127751715,15.647
chr8,127753707,127754207,intergenic|chr8:127753707-127754207,intergenic,MYC,127736068,False,0.000355,0.0161550985324228,0.000589,0.019006818186427,127753957,17.889
chr8,127755683,127756183,intergenic|chr8:127755683-127756183,intergenic,MYC,127736068,False,0.000293,0.0164526330468356,0.000729,0.0180978366933388,127755933,19.865
chr8,127760038,127760936,intergenic|chr8:127760038-127760936,intergenic,MYC,127736068,False,0.000837,0.0174042135600619,0.001758,0.0219127680697972,127760487,24.419
chr8,127763581,127764081,intergenic|chr8:127763581-127764081,intergenic,MYC,127736068,False,0.000664,0.0171625373864862,0.000607,0.0183207578237101,127763831,27.763
chr8,127776048,127776548,intergenic|chr8:127776048-127776548,intergenic,MYC,127736068,False,0.000252,0.0135416601557269,0.000466,0.0154397876381938,127776298,40.23
chr8,127780475,127780975,intergenic|chr8:127780475-127780975,intergenic,MYC,127736068,False,0.000144,0.0132368547375624,0.000285,0.0148469922099426,127780725,44.657
chr8,127793550,127794050,promoter|chr8:127793550-127794050,promoter,MYC,127736068,False,0.00186,0.0415146583104237,0.002626,0.0484527864662315,127793800,57.732
chr8,127794249,127796214,promoter|chr8:127794249-127796214,promoter,MYC,127736068,False,0.023497,0.2880514082254383,0.020745,0.236094378208831,127795231,59.163
chr8,127800687,127801187,genic|chr8:127800687-127801187,genic,MYC,127736068,False,0.001075,0.0116241347066372,0.001688,0.0131525940938968,127800937,64.869
chr8,127801361,127801861,genic|chr8:127801361-127801861,genic,MYC,127736068,False,0.001019,0.0111891734189561,0.00172,0.0130383846808722,127801611,65.543
chr8,127802565,127803065,genic|chr8:127802565-127803065,genic,MYC,127736068,False,0.001486,0.0125663584095147,0.002718,0.0159102713547835,127802815,66.747
chr8,127803249,127803749,genic|chr8:127803249-127803749,genic,MYC,127736068,False,0.000841,0.0117496900813661,0.001713,0.0141011968252179,127803499,67.431
chr8,127807830,127808330,genic|chr8:127807830-127808330,genic,MYC,127736068,False,0.003012,0.0224879257022682,0.002061,0.0149931426115547,127808080,72.012
chr8,127809259,127810513,genic|chr8:127809259-127810513,genic,MYC,127736068,False,0.01445,0.0785322509638553,0.012277,0.0510511055371385,127809886,73.818
chr8,127818142,127818642,genic|chr8:127818142-127818642,genic,MYC,127736068,False,0.000475,0.0100950828798238,0.000311,0.0081154604289425,127818392,82.324
chr8,127821946,127822446,genic|chr8:127821946-127822446,genic,MYC,127736068,False,0.000314,0.0101873175311841,0.000292,0.0096346680466378,127822196,86.128
chr8,127825687,127826187,genic|chr8:127825687-127826187,genic,MYC,127736068,False,0.000652,0.0121123717402618,0.000227,0.0084613335701012,127825937,89.869
chr8,127831511,127832011,genic|chr8:127831511-127832011,genic,MYC,127736068,False,0.005993,0.0220263325632673,0.006526,0.02262709499217,127831761,95.693
chr8,127839786,127840286,genic|chr8:127839786-127840286,genic,MYC,127736068,False,0.000423,0.0113542567453387,0.000403,0.0105383347810026,127840036,103.968
chr8,127842680,127843180,genic|chr8:127842680-127843180,genic,MYC,127736068,False,0.00044,0.0118138632819429,0.000418,0.0109329112815423,127842930,106.862
chr8,127844362,127844862,genic|chr8:127844362-127844862,genic,MYC,127736068,False,0.000449,0.0120643616665434,0.000394,0.0110973128833651,127844612,108.544
chr8,127845616,127846116,genic|chr8:127845616-127846116,genic,MYC,127736068,False,0.000469,0.011712715422745,0.000289,0.0099835267491658,127845866,109.798
chr8,127851395,127851895,genic|chr8:127851395-127851895,genic,MYC,127736068,False,0.007527,0.0483735340892904,0.00574,0.0320908662592196,127851645,115.577
chr8,127851963,127852463,genic|chr8:127851963-127852463,genic,MYC,127736068,False,0.005696,0.0394283723014353,0.004057,0.0259370402493446,127852213,116.145
chr8,127853923,127854877,genic|chr8:127853923-127854877,genic,MYC,127736068,False,0.017515,0.1188651839418081,0.013316,0.0720415871460647,127854400,118.332
chr8,127859700,127860200,genic|chr8:127859700-127860200,genic,MYC,127736068,False,0.00778,0.047259498323225,0.00225,0.0144515159257864,127859950,123.882
chr8,127864669,127865351,genic|chr8:127864669-127865351,genic,MYC,127736068,False,0.000643,0.0140278045600345,0.000414,0.012584172760713,127865010,128.942
chr8,127865824,127866324,genic|chr8:127865824-127866324,genic,MYC,127736068,False,0.000443,0.0127413043664355,0.000337,0.0115451842125007,127866074,130.006
chr8,127874227,127874727,genic|chr8:127874227-127874727,genic,MYC,127736068,False,0.000178,0.0115477519683998,8e-05,0.0103187386642949,127874477,138.409
chr8,127875379,127876436,genic|chr8:127875379-127876436,genic,MYC,127736068,False,0.001177,0.0149653959276943,0.000574,0.0107434749513649,127875907,139.839
chr8,127877785,127878285,genic|chr8:127877785-127878285,genic,MYC,127736068,False,0.00028,0.0132069055129725,0.000109,0.0103854623182254,127878035,141.967
chr8,127889876,127890804,genic|chr8:127889876-127890804,genic,MYC,127736068,False,0.000745,0.0134241810810292,0.000492,0.0113020642072059,127890340,154.272
chr8,127894567,127895067,genic|chr8:127894567-127895067,genic,MYC,127736068,False,0.000428,0.0135764224010897,0.000296,0.0116874020453104,127894817,158.749
chr8,127898750,127899250,genic|chr8:127898750-127899250,genic,MYC,127736068,False,0.00102,0.0171089824671002,0.000512,0.0125018588103311,127899000,162.932
chr8,127899306,127899806,genic|chr8:127899306-127899806,genic,MYC,127736068,False,0.001316,0.0182091654273694,0.000754,0.0131610296292916,127899556,163.488
chr8,127907764,127908264,genic|chr8:127907764-127908264,genic,MYC,127736068,False,0.005354,0.0379266916057492,0.003971,0.0259881161960207,127908014,171.946
chr8,127911235,127911735,genic|chr8:127911235-127911735,genic,MYC,127736068,False,0.004158,0.0313120408708509,0.002084,0.0177227576010573,127911485,175.417
chr8,127914284,127914784,genic|chr8:127914284-127914784,genic,MYC,127736068,False,0.000481,0.0169381902398172,0.000293,0.0127410885179276,127914534,178.466
chr8,127918222,127919032,genic|chr8:127918222-127919032,genic,MYC,127736068,False,0.000444,0.0118858838263093,0.000235,0.010383113298019,127918627,182.559
chr8,127933766,127934266,genic|chr8:127933766-127934266,genic,MYC,127736068,False,0.00015,0.0094228140778178,2.2e-05,0.0079291765648504,127934016,197.948
chr8,127948473,127948973,promoter|chr8:127948473-127948973,promoter,MYC,127736068,False,0.000472,0.0213274995758958,0.000427,0.0195817296955701,127948723,212.655
chr8,127949077,127949577,promoter|chr8:127949077-127949577,promoter,MYC,127736068,False,0.00062,0.021849108704964,0.000454,0.019659500620793,127949327,213.259
chr8,127949617,127950117,genic|chr8:127949617-127950117,genic,MYC,127736068,False,0.000496,0.0094619811101601,0.000412,0.0086212462143371,127949867,213.799
chr8,127952131,127952631,genic|chr8:127952131-127952631,genic,MYC,127736068,False,7.1e-05,0.0080230505281132,5.7e-05,0.0076682882855987,127952381,216.313
chr8,127964137,127964637,genic|chr8:127964137-127964637,genic,MYC,127736068,False,5.5e-05,0.0079673670588242,3.2e-05,0.0069019891757155,127964387,228.319
chr8,127969314,127969814,genic|chr8:127969314-127969814,genic,MYC,127736068,False,0.000384,0.0085341238604861,0.000503,0.008811417380976,127969564,233.496
chr8,127969851,127970351,genic|chr8:127969851-127970351,genic,MYC,127736068,False,0.000482,0.0106094725570856,8e-05,0.0072169883933361,127970101,234.033
chr8,127970596,127971096,genic|chr8:127970596-127971096,genic,MYC,127736068,False,0.00037,0.0105111783775627,7.8e-05,0.0072878509073262,127970846,234.778
chr8,127975976,127976476,genic|chr8:127975976-127976476,genic,MYC,127736068,False,0.000128,0.009135217527381,3.6e-05,0.0071990733166531,127976226,240.158
chr8,127981144,127981644,genic|chr8:127981144-127981644,genic,MYC,127736068,False,0.000287,0.0081468463884387,0.000466,0.0093056361211882,127981394,245.326
chr8,127994817,127995317,genic|chr8:127994817-127995317,genic,MYC,127736068,False,9.4e-05,0.0084688921139224,0.000169,0.0081851177267811,127995067,258.999
chr8,127995986,127996486,genic|chr8:127995986-127996486,genic,MYC,127736068,False,0.000145,0.0084977604759356,0.000131,0.0082727712395244,127996236,260.168
chr8,128001764,128002264,genic|chr8:128001764-128002264,genic,MYC,127736068,False,0.000101,0.0066272125891941,7.8e-05,0.0066779815644181,128002014,265.946
chr8,128007622,128008122,genic|chr8:128007622-128008122,genic,MYC,127736068,False,0.000149,0.0071685909889975,9.4e-05,0.0065069306149825,128007872,271.804
chr8,128013410,128013910,genic|chr8:128013410-128013910,genic,MYC,127736068,False,0.000281,0.0105036969780242,6.5e-05,0.0079048727130966,128013660,277.592
chr8,128014628,128015128,genic|chr8:128014628-128015128,genic,MYC,127736068,False,0.000597,0.0109764363799482,0.000167,0.0078597890014572,128014878,278.81
chr8,128020430,128021415,genic|chr8:128020430-128021415,genic,MYC,127736068,False,0.000507,0.0108331888264632,0.000147,0.0081061676087034,128020922,284.854
chr8,128022173,128022673,genic|chr8:128022173-128022673,genic,MYC,127736068,False,0.000233,0.0107030877875865,8.8e-05,0.008233160464621,128022423,286.355
chr8,128025598,128026098,genic|chr8:128025598-128026098,genic,MYC,127736068,False,0.000138,0.0105692869810967,0.000168,0.0091679014014964,128025848,289.78
chr8,128027184,128027684,genic|chr8:128027184-128027684,genic,MYC,127736068,False,0.000302,0.0105963490221105,0.00012,0.0089695883035976,128027434,291.366
chr8,128033670,128034170,genic|chr8:128033670-128034170,genic,MYC,127736068,False,0.000154,0.0101713773435958,0.000127,0.0086740474811654,128033920,297.852
chr8,128035028,128035528,genic|chr8:128035028-128035528,genic,MYC,127736068,False,0.000359,0.0093694254846868,0.000228,0.0084719647855628,128035278,299.21
chr8,128040390,128042335,genic|chr8:128040390-128042335,genic,MYC,127736068,False,0.000746,0.0115265133297653,0.000174,0.0080451435466511,128041362,305.294
chr8,128043030,128043530,genic|chr8:128043030-128043530,genic,MYC,127736068,False,0.000316,0.0110719084714062,5.5e-05,0.0083515466548096,128043280,307.212
chr8,128047027,128047527,genic|chr8:128047027-128047527,genic,MYC,127736068,False,0.000151,0.0111965436721686,4.2e-05,0.0080937272632911,128047277,311.209
chr8,128054142,128054642,genic|chr8:128054142-128054642,genic,MYC,127736068,False,0.000227,0.0097891230432738,3.9e-05,0.0076393044621965,128054392,318.324
chr8,128055709,128056209,genic|chr8:128055709-128056209,genic,MYC,127736068,False,7.7e-05,0.0098508622994898,4.1e-05,0.007966094524307,128055959,319.891
chr8,128062680,128063180,genic|chr8:128062680-128063180,genic,MYC,127736068,False,0.000451,0.0115160655606665,0.000221,0.0094802291316646,128062930,326.862
chr8,128065482,128065982,genic|chr8:128065482-128065982,genic,MYC,127736068,False,0.000434,0.0108844457322437,0.000273,0.0092720472038336,128065732,329.664
chr8,128068838,128069338,genic|chr8:128068838-128069338,genic,MYC,127736068,False,0.000166,0.0103032762094829,0.00014,0.0090406538976728,128069088,333.02
chr8,128076505,128077570,genic|chr8:128076505-128077570,genic,MYC,127736068,False,0.003702,0.0212864199302294,0.001375,0.0114438820314852,128077037,340.969
chr8,128077626,128078126,genic|chr8:128077626-128078126,genic,MYC,127736068,False,0.000881,0.0139530767843966,0.00032,0.0099149459529225,128077876,341.808
chr8,128085628,128086128,genic|chr8:128085628-128086128,genic,MYC,127736068,False,0.000111,0.0099547724372169,6.7e-05,0.0084485832767448,128085878,349.81
chr8,128088486,128088986,genic|chr8:128088486-128088986,genic,MYC,127736068,False,0.000167,0.0099798497821418,6.6e-05,0.0085008976201196,128088736,352.668
chr8,128093880,128094380,genic|chr8:128093880-128094380,genic,MYC,127736068,False,0.000142,0.0104166195174489,3.9e-05,0.0082814082426588,128094130,358.062
chr8,128096068,128096568,genic|chr8:128096068-128096568,genic,MYC,127736068,False,6.1e-05,0.0098556729936034,3e-05,0.0083381915577885,128096318,360.25
chr8,128100187,128100687,genic|chr8:128100187-128100687,genic,MYC,127736068,False,0.000214,0.0116440649000369,5.5e-05,0.0085188850163436,128100437,364.369
chr8,128101497,128101997,intergenic|chr8:128101497-128101997,intergenic,MYC,127736068,False,0.000269,0.0116037225549427,2.8e-05,0.0084522351975877,128101747,365.679
chr8,128108809,128109309,intergenic|chr8:128108809-128109309,intergenic,MYC,127736068,False,0.002281,0.0147578031614626,0.000749,0.0087874877035244,128109059,372.991
chr8,128115952,128116452,intergenic|chr8:128115952-128116452,intergenic,MYC,127736068,False,8.2e-05,0.0100380886227239,6.8e-05,0.0092560753683073,128116202,380.134
chr8,128116699,128117199,intergenic|chr8:128116699-128117199,intergenic,MYC,127736068,False,0.00016,0.0101870834447779,9.3e-05,0.0093271652066117,128116949,380.881
chr8,128117387,128117887,intergenic|chr8:128117387-128117887,intergenic,MYC,127736068,False,9.4e-05,0.0101723460863102,7.8e-05,0.0093729076149867,128117637,381.569
chr8,128120690,128121190,intergenic|chr8:128120690-128121190,intergenic,MYC,127736068,False,0.000283,0.011601559249309,0.00015,0.0097582932370362,128120940,384.872
chr8,128127154,128127654,intergenic|chr8:128127154-128127654,intergenic,MYC,127736068,False,0.001553,0.0166814177830626,0.000722,0.0116429147724789,128127404,391.336
chr8,128127759,128128259,intergenic|chr8:128127759-128128259,intergenic,MYC,127736068,False,0.003209,0.0216045437280713,0.001253,0.01269563008278,128128009,391.941
chr8,128141001,128141501,intergenic|chr8:128141001-128141501,intergenic,MYC,127736068,False,8.9e-05,0.0093948779012147,5.3e-05,0.0090378180406296,128141251,405.183
chr8,128141762,128142262,intergenic|chr8:128141762-128142262,intergenic,MYC,127736068,False,6.5e-05,0.0094579004625701,5.5e-05,0.0090852332451605,128142012,405.944
chr8,128144848,128145348,intergenic|chr8:128144848-128145348,intergenic,MYC,127736068,False,8.5e-05,0.0101315155781395,5.9e-05,0.0096067781283032,128145098,409.03
chr8,128148469,128149449,intergenic|chr8:128148469-128149449,intergenic,MYC,127736068,False,0.000149,0.0099466632250144,0.000103,0.0094433606942949,128148959,412.891
chr8,128149955,128150455,intergenic|chr8:128149955-128150455,intergenic,MYC,127736068,False,0.000134,0.0113823464774146,8.3e-05,0.0096441777581357,128150205,414.137
chr8,128154807,128155307,intergenic|chr8:128154807-128155307,intergenic,MYC,127736068,False,4.4e-05,0.009773269292386,3.3e-05,0.0090904104064197,128155057,418.989
chr8,128167404,128168185,intergenic|chr8:128167404-128168185,intergenic,MYC,127736068,False,0.003679,0.0232376744029993,0.001669,0.0141160203341611,128167794,431.726
chr8,128168280,128168780,intergenic|chr8:128168280-128168780,intergenic,MYC,127736068,False,0.001702,0.0173518114109413,0.000809,0.0124137366112219,128168530,432.462
chr8,128176773,128177493,intergenic|chr8:128176773-128177493,intergenic,MYC,127736068,False,0.011751,0.064644568473776,0.008802,0.0429757098271287,128177133,441.065
chr8,128179299,128179799,intergenic|chr8:128179299-128179799,intergenic,MYC,127736068,False,0.001802,0.0199744666540636,0.001444,0.0166168708710728,128179549,443.481
chr8,128183118,128183618,intergenic|chr8:128183118-128183618,intergenic,MYC,127736068,False,0.001968,0.0190114707160082,0.000478,0.0107751902245277,128183368,447.3
chr8,128190285,128190785,intergenic|chr8:128190285-128190785,intergenic,MYC,127736068,False,0.00018,0.0118328163635049,3.8e-05,0.0090342569299482,128190535,454.467
chr8,128191046,128191546,intergenic|chr8:128191046-128191546,intergenic,MYC,127736068,False,0.000169,0.0118921324422259,4.4e-05,0.0090422516400299,128191296,455.228
chr8,128197152,128198425,intergenic|chr8:128197152-128198425,intergenic,MYC,127736068,False,0.000274,0.0111978310026731,0.000166,0.0099504448530691,128197788,461.72
chr8,128201614,128202235,intergenic|chr8:128201614-128202235,intergenic,MYC,127736068,False,0.000161,0.010207438066747,7e-05,0.0095254959155624,128201924,465.856
chr8,128204915,128205415,intergenic|chr8:128204915-128205415,intergenic,MYC,127736068,False,9.8e-05,0.0107223277036886,3.2e-05,0.0096233444421622,128205165,469.097
chr8,128212019,128212519,intergenic|chr8:128212019-128212519,intergenic,MYC,127736068,False,9.8e-05,0.0115588202682683,8e-06,0.0091662632625228,128212269,476.201
chr8,128212764,128213264,intergenic|chr8:128212764-128213264,intergenic,MYC,127736068,False,7.3e-05,0.0115820836115417,1.1e-05,0.0091842238145244,128213014,476.946
chr8,128215847,128216347,intergenic|chr8:128215847-128216347,intergenic,MYC,127736068,False,4.2e-05,0.0100234190826305,2.6e-05,0.0095357648090744,128216097,480.029
chr8,128216362,128216862,intergenic|chr8:128216362-128216862,intergenic,MYC,127736068,False,6.9e-05,0.010063899852483,3.7e-05,0.0095526984168855,128216612,480.544
chr8,128220667,128221167,intergenic|chr8:128220667-128221167,intergenic,MYC,127736068,False,3.5e-05,0.0097472587577193,1.1e-05,0.0092268309860051,128220917,484.849
chr8,128236144,128236644,intergenic|chr8:128236144-128236644,intergenic,MYC,127736068,False,3.7e-05,0.0095633167464916,8e-06,0.0090194361634425,128236394,500.326
chr8,128240342,128241046,intergenic|chr8:128240342-128241046,intergenic,MYC,127736068,False,0.000139,0.0109711353267028,7.2e-05,0.0096322368702329,128240694,504.626
chr8,128251736,128252603,intergenic|chr8:128251736-128252603,intergenic,MYC,127736068,False,0.000607,0.0113200940091537,0.000139,0.0083820167639733,128252169,516.101
chr8,128258096,128258985,intergenic|chr8:128258096-128258985,intergenic,MYC,127736068,False,0.000384,0.0097166992421775,0.000359,0.0091917865072541,128258540,522.472
chr8,128267124,128267624,intergenic|chr8:128267124-128267624,intergenic,MYC,127736068,False,0.000262,0.0120430494623803,6.1e-05,0.0097124002579082,128267374,531.306
chr8,128269431,128269931,intergenic|chr8:128269431-128269931,intergenic,MYC,127736068,False,0.000259,0.0120915785088158,6.9e-05,0.0097246827319778,128269681,533.613
chr8,128282982,128283795,intergenic|chr8:128282982-128283795,intergenic,MYC,127736068,False,0.00032,0.0100374421866032,0.000115,0.0084935197722868,128283388,547.32
chr8,128297573,128298073,intergenic|chr8:128297573-128298073,intergenic,MYC,127736068,False,4.8e-05,0.0092398071751093,9e-06,0.0078707849656541,128297823,561.755
chr8,128304167,128304667,intergenic|chr8:128304167-128304667,intergenic,MYC,127736068,False,5.8e-05,0.0090201293740603,2e-05,0.0082952768022957,128304417,568.349
chr8,128311857,128312357,intergenic|chr8:128311857-128312357,intergenic,MYC,127736068,False,9.7e-05,0.0109137520660387,1.5e-05,0.0099907637469737,128312107,576.039
chr8,128312997,128313497,intergenic|chr8:128312997-128313497,intergenic,MYC,127736068,False,3.6e-05,0.0109066611600551,2.7e-05,0.0100184696217876,128313247,577.179
chr8,128314230,128314730,intergenic|chr8:128314230-128314730,intergenic,MYC,127736068,False,9.8e-05,0.0110024015156926,5.2e-05,0.0100177425687493,128314480,578.412
chr8,128315357,128315857,intergenic|chr8:128315357-128315857,intergenic,MYC,127736068,False,0.000315,0.0138428821364693,7.5e-05,0.010369824950311,128315607,579.539
chr8,128322656,128323156,intergenic|chr8:128322656-128323156,intergenic,MYC,127736068,False,0.00045,0.0131257935444434,3.9e-05,0.0096188299937963,128322906,586.838
chr8,128326838,128327338,intergenic|chr8:128326838-128327338,intergenic,MYC,127736068,False,0.000333,0.0128665948780039,5.6e-05,0.0102791404109829,128327088,591.02
chr8,128329511,128330011,intergenic|chr8:128329511-128330011,intergenic,MYC,127736068,False,0.000169,0.0122993378849673,2.6e-05,0.0100416411723356,128329761,593.693
chr8,128330401,128330901,intergenic|chr8:128330401-128330901,intergenic,MYC,127736068,False,9.8e-05,0.0115601440554563,3.1e-05,0.0103609292289758,128330651,594.583
chr8,128343132,128343632,intergenic|chr8:128343132-128343632,intergenic,MYC,127736068,False,2.2e-05,0.008489273033233,2.4e-05,0.0084238993629321,128343382,607.314
chr8,128354051,128354551,intergenic|chr8:128354051-128354551,intergenic,MYC,127736068,False,4.2e-05,0.0093603594115944,3.4e-05,0.0086053355066337,128354301,618.233
chr8,128361883,128362383,intergenic|chr8:128361883-128362383,intergenic,MYC,127736068,False,6.6e-05,0.0096436402857373,8e-06,0.0081658435755619,128362133,626.065
chr8,128371231,128371731,intergenic|chr8:128371231-128371731,intergenic,MYC,127736068,False,7.3e-05,0.0094853226663166,4.5e-05,0.0087242132999261,128371481,635.413
chr8,128376907,128377407,intergenic|chr8:128376907-128377407,intergenic,MYC,127736068,False,0.000148,0.0100656950892716,2.8e-05,0.0087119980519096,128377157,641.089
chr8,128388242,128389174,intergenic|chr8:128388242-128389174,intergenic,MYC,127736068,False,0.000365,0.0120567095403318,0.000102,0.0099401597881285,128388708,652.64
chr8,128390555,128391055,intergenic|chr8:128390555-128391055,intergenic,MYC,127736068,False,3.4e-05,0.010136391256278,3.9e-05,0.0106844395658269,128390805,654.737
chr8,128396768,128397268,intergenic|chr8:128396768-128397268,intergenic,MYC,127736068,False,2.6e-05,0.0085598285988034,4.5e-05,0.00939107042827,128397018,660.95
chr8,128408073,128408573,genic|chr8:128408073-128408573,genic,MYC,127736068,False,4.8e-05,0.0097033154343066,4.7e-05,0.0091718848448422,128408323,672.255
chr8,128416962,128417462,genic|chr8:128416962-128417462,genic,MYC,127736068,False,5.6e-05,0.0094176836243339,1.9e-05,0.0085465056534694,128417212,681.144
chr8,128427577,128428537,genic|chr8:128427577-128428537,genic,MYC,127736068,False,0.000335,0.0099413874148071,8.1e-05,0.0086705296821219,128428057,691.989
chr8,128441976,128442476,genic|chr8:128441976-128442476,genic,MYC,127736068,False,0.000163,0.0095764318346376,6.4e-05,0.008874534190709,128442226,706.158
chr8,128460034,128460534,genic|chr8:128460034-128460534,genic,MYC,127736068,False,2.4e-05,0.0088293836117766,3.4e-05,0.0091897716576122,128460284,724.216
chr8,128469563,128470063,genic|chr8:128469563-128470063,genic,MYC,127736068,False,4.4e-05,0.0093583295411651,6e-06,0.0083564646929541,128469813,733.745
chr8,128479396,128479896,genic|chr8:128479396-128479896,genic,MYC,127736068,False,5.5e-05,0.0097853409564632,1e-05,0.008380925069447,128479646,743.578
chr8,128488641,128489141,genic|chr8:128488641-128489141,genic,MYC,127736068,False,2.8e-05,0.0101982086389298,4e-05,0.0102798673363713,128488891,752.823
chr8,128490423,128490923,genic|chr8:128490423-128490923,genic,MYC,127736068,False,2.2e-05,0.0099101637035698,9e-06,0.0097753239768928,128490673,754.605
chr8,128514384,128515164,genic|chr8:128514384-128515164,genic,MYC,127736068,False,0.001372,0.0129953192081362,0.000323,0.0092152939432966,128514774,778.706
chr8,128524260,128524760,genic|chr8:128524260-128524760,genic,MYC,127736068,False,4.5e-05,0.0106584204827588,2.8e-05,0.0098414535986255,128524510,788.442
chr8,128525572,128526072,genic|chr8:128525572-128526072,genic,MYC,127736068,False,0.000108,0.0125638887126354,2.1e-05,0.010449280352985,128525822,789.754
chr8,128540494,128540994,genic|chr8:128540494-128540994,genic,MYC,127736068,False,3.4e-05,0.0088204050212962,4e-05,0.0090282861809695,128540744,804.676
chr8,128554883,128555383,genic|chr8:128554883-128555383,genic,MYC,127736068,False,0.005108,0.0347343217920821,0.00296,0.0221088490209188,128555133,819.065
chr8,128556601,128557101,genic|chr8:128556601-128557101,genic,MYC,127736068,False,0.003538,0.0281594331807503,0.002329,0.020165370557371,128556851,820.783
chr8,128564429,128564929,promoter|chr8:128564429-128564929,promoter,MYC,127736068,False,9.4e-05,0.0118340713849556,0.00012,0.0117481480548358,128564679,828.611
chr8,128574377,128574877,intergenic|chr8:128574377-128574877,intergenic,MYC,127736068,False,3.7e-05,0.008295647682264,9e-06,0.0079791409952708,128574627,838.559
chr8,128576633,128577133,intergenic|chr8:128576633-128577133,intergenic,MYC,127736068,False,0.000205,0.0095046436586275,2.4e-05,0.0079763660265236,128576883,840.815
chr8,128581709,128582209,intergenic|chr8:128581709-128582209,intergenic,MYC,127736068,False,6.7e-05,0.0088318791708868,1.1e-05,0.008210216058196,128581959,845.891
chr8,128582804,128583304,intergenic|chr8:128582804-128583304,intergenic,MYC,127736068,False,3.6e-05,0.0086456574928492,1.1e-05,0.0079976346777021,128583054,846.986
chr8,128585473,128585973,intergenic|chr8:128585473-128585973,intergenic,MYC,127736068,False,0.000148,0.0096332234903922,3.6e-05,0.0085256228076821,128585723,849.655
chr8,128591186,128591686,intergenic|chr8:128591186-128591686,intergenic,MYC,127736068,False,0.000691,0.0097921901540719,0.000139,0.0071127141213909,128591436,855.368
chr8,128620256,128620756,intergenic|chr8:128620256-128620756,intergenic,MYC,127736068,False,1.3e-05,0.0067279085699439,6e-06,0.0067196187991986,128620506,884.438
chr8,128626266,128626766,intergenic|chr8:128626266-128626766,intergenic,MYC,127736068,False,3.1e-05,0.0084424606320112,4e-05,0.0082629911408627,128626516,890.448
chr8,128631293,128631793,intergenic|chr8:128631293-128631793,intergenic,MYC,127736068,False,3e-05,0.0086220654824496,3.4e-05,0.0086056286495217,128631543,895.475
chr8,128633100,128633600,intergenic|chr8:128633100-128633600,intergenic,MYC,127736068,False,5.9e-05,0.0088035127420704,4.9e-05,0.008554281851725,128633350,897.282
chr8,128638268,128638768,intergenic|chr8:128638268-128638768,intergenic,MYC,127736068,False,7.8e-05,0.008555806569499,3e-05,0.0084071901468199,128638518,902.45
chr8,128645936,128646436,intergenic|chr8:128645936-128646436,intergenic,MYC,127736068,False,0.000233,0.0114500394147628,5.3e-05,0.0091301646197327,128646186,910.118
chr8,128647375,128647875,intergenic|chr8:128647375-128647875,intergenic,MYC,127736068,False,0.00013,0.0113431300182214,6.2e-05,0.00916092881583,128647625,911.557
chr8,128648962,128649685,intergenic|chr8:128648962-128649685,intergenic,MYC,127736068,False,0.000255,0.0120870924627077,0.000166,0.009510903429902,128649323,913.255
chr8,128653071,128653796,intergenic|chr8:128653071-128653796,intergenic,MYC,127736068,False,0.001647,0.0180718565642878,2.7e-05,0.0083240043153124,128653433,917.365
chr8,128658826,128660171,intergenic|chr8:128658826-128660171,intergenic,MYC,127736068,False,0.00028,0.0088523860586372,3.5e-05,0.0071288116521338,128659498,923.43
chr8,128665981,128666481,intergenic|chr8:128665981-128666481,intergenic,MYC,127736068,False,0.002484,0.0149522285116496,0.000293,0.0075095196331717,128666231,930.163
chr8,128677943,128678443,intergenic|chr8:128677943-128678443,intergenic,MYC,127736068,False,5.3e-05,0.0074614897998906,7e-06,0.0069099219302174,128678193,942.125
chr8,128683430,128683930,intergenic|chr8:128683430-128683930,intergenic,MYC,127736068,False,6.4e-05,0.0089311253856427,0.000143,0.0090914221301644,128683680,947.612
chr8,128683976,128684476,intergenic|chr8:128683976-128684476,intergenic,MYC,127736068,False,6.4e-05,0.0091928497705742,5e-05,0.0094520608508082,128684226,948.158
chr8,128688958,128689458,intergenic|chr8:128688958-128689458,intergenic,MYC,127736068,False,9.3e-05,0.0095305613919412,4.1e-05,0.0084831442582431,128689208,953.14
chr8,128734402,128734902,intergenic|chr8:128734402-128734902,intergenic,MYC,127736068,False,8e-06,0.0067318195937961,8e-06,0.0069511396148933,128734652,998.584
chr8,128754132,128754632,intergenic|chr8:128754132-128754632,intergenic,MYC,127736068,False,4e-06,0.0079043428841047,4e-06,0.0081969491983176,128754382,1018.314
chr8,128754713,128755213,intergenic|chr8:128754713-128755213,intergenic,MYC,127736068,False,4e-06,0.0079249448231493,7e-06,0.0081353797011828,128754963,1018.895
chr8,128759247,128759747,intergenic|chr8:128759247-128759747,intergenic,MYC,127736068,False,2.3e-05,0.0085963454768861,1.5e-05,0.008491086098754,128759497,1023.429
chr8,128775750,128776250,intergenic|chr8:128775750-128776250,intergenic,MYC,127736068,False,1e-05,0.0083169257633918,2e-05,0.0087225888567343,128776000,1039.932
chr8,128776654,128777463,intergenic|chr8:128776654-128777463,intergenic,MYC,127736068,False,3.4e-05,0.0080129816561717,5.4e-05,0.0084920112896149,128777058,1040.99
chr8,128787608,128788108,intergenic|chr8:128787608-128788108,intergenic,MYC,127736068,False,0.000725,0.0111201204999666,0.000312,0.0094111986839193,128787858,1051.79
chr8,128788661,128789161,intergenic|chr8:128788661-128789161,intergenic,MYC,127736068,False,0.000155,0.0105350870449927,7.5e-05,0.009483730713179,128788911,1052.843
chr8,128840981,128841481,intergenic|chr8:128840981-128841481,intergenic,MYC,127736068,False,4.4e-05,0.007660918540973,2.5e-05,0.0072937093870172,128841231,1105.163
chr8,128850011,128850511,intergenic|chr8:128850011-128850511,intergenic,MYC,127736068,False,7.4e-05,0.0076482734994367,5.9e-05,0.0075812467143196,128850261,1114.193
chr8,128859106,128859606,intergenic|chr8:128859106-128859606,intergenic,MYC,127736068,False,0.000467,0.0089486156098487,0.000292,0.0081523129604746,128859356,1123.288
chr8,128866663,128867747,intergenic|chr8:128866663-128867747,intergenic,MYC,127736068,False,0.000134,0.0091947473965725,6.7e-05,0.0086807100814282,128867205,1131.137
chr8,128868614,128869114,intergenic|chr8:128868614-128869114,intergenic,MYC,127736068,False,4.8e-05,0.0093167124336925,1.3e-05,0.0089258003576837,128868864,1132.796
chr8,128869401,128869901,intergenic|chr8:128869401-128869901,intergenic,MYC,127736068,False,2.9e-05,0.0094022746195834,2e-05,0.0090208959355822,128869651,1133.583
chr8,128874323,128874823,intergenic|chr8:128874323-128874823,intergenic,MYC,127736068,False,3e-05,0.008661293463445,2.1e-05,0.0084797009506869,128874573,1138.505
chr8,128883204,128883704,intergenic|chr8:128883204-128883704,intergenic,MYC,127736068,False,5.5e-05,0.0072572563604529,6.1e-05,0.007451392325736,128883454,1147.386
chr8,128888590,128889090,intergenic|chr8:128888590-128889090,intergenic,MYC,127736068,False,3.9e-05,0.0077267408629709,4e-06,0.0071569978801738,128888840,1152.772
chr8,128897315,128897815,intergenic|chr8:128897315-128897815,intergenic,MYC,127736068,False,0.000446,0.0109995501043295,0.000355,0.0103379221293733,128897565,1161.497
chr8,128898310,128898810,intergenic|chr8:128898310-128898810,intergenic,MYC,127736068,False,0.000129,0.0105953820200566,9.4e-05,0.0101200070487283,128898560,1162.492
chr8,128900575,128901075,intergenic|chr8:128900575-128901075,intergenic,MYC,127736068,False,0.000125,0.0105902344432876,5e-06,0.0090381375575377,128900825,1164.757
chr8,128902420,128902920,intergenic|chr8:128902420-128902920,intergenic,MYC,127736068,False,8.2e-05,0.0105476094756406,7e-06,0.0090544899146768,128902670,1166.602
chr8,128932173,128932673,intergenic|chr8:128932173-128932673,intergenic,MYC,127736068,False,2.6e-05,0.0087353531170467,3.4e-05,0.0086119528402588,128932423,1196.355
chr8,128933705,128934205,intergenic|chr8:128933705-128934205,intergenic,MYC,127736068,False,3.4e-05,0.0086839789412352,1.8e-05,0.0088145368957464,128933955,1197.887
chr8,128946845,128947345,intergenic|chr8:128946845-128947345,intergenic,MYC,127736068,False,2e-06,0.0081031469224064,3.2e-05,0.0087068857616498,128947095,1211.027
chr8,128950024,128950524,intergenic|chr8:128950024-128950524,intergenic,MYC,127736068,False,4.3e-05,0.0088819847925011,3e-06,0.0083814434871616,128950274,1214.206
chr8,128978057,128978557,intergenic|chr8:128978057-128978557,intergenic,MYC,127736068,False,1.7e-05,0.0068330709077581,4.1e-05,0.0075933207586956,128978307,1242.239
chr8,128982764,128983264,intergenic|chr8:128982764-128983264,intergenic,MYC,127736068,False,2e-06,0.0067027208186859,6e-06,0.0068747415189923,128983014,1246.946
chr8,129005028,129005528,intergenic|chr8:129005028-129005528,intergenic,MYC,127736068,False,5.2e-05,0.006068707976782,0.00019,0.0069591029355314,129005278,1269.21
chr8,129023866,129024366,intergenic|chr8:129023866-129024366,intergenic,MYC,127736068,False,6e-06,0.0066879601104147,5e-06,0.0068161480855247,129024116,1288.048
chr8,129027208,129027708,intergenic|chr8:129027208-129027708,intergenic,MYC,127736068,False,9.6e-05,0.0089369308511781,1.4e-05,0.0072923535897339,129027458,1291.39
chr8,129032170,129032670,intergenic|chr8:129032170-129032670,intergenic,MYC,127736068,False,3e-06,0.0069116476338634,1e-05,0.0073086307220416,129032420,1296.352
chr8,129034927,129035710,intergenic|chr8:129034927-129035710,intergenic,MYC,127736068,False,5.2e-05,0.0075834149659258,2e-05,0.0070332574394942,129035318,1299.25
chr8,129045236,129045736,intergenic|chr8:129045236-129045736,intergenic,MYC,127736068,False,2.7e-05,0.0063598846433179,2.3e-05,0.0064995397103453,129045486,1309.418
chr8,129052952,129053452,intergenic|chr8:129052952-129053452,intergenic,MYC,127736068,False,1.4e-05,0.0071049123065516,2.3e-05,0.007424608457415,129053202,1317.134
chr8,129057025,129057760,intergenic|chr8:129057025-129057760,intergenic,MYC,127736068,False,5e-06,0.0067486284822392,2.6e-05,0.007221848611612,129057392,1321.324
chr8,129068906,129069406,intergenic|chr8:129068906-129069406,intergenic,MYC,127736068,False,2e-06,0.0058907139795307,1.9e-05,0.0062848089993447,129069156,1333.088
chr8,129088024,129088524,intergenic|chr8:129088024-129088524,intergenic,MYC,127736068,False,2e-06,0.0058964630699074,5e-06,0.006092607399668,129088274,1352.206
chr8,129094303,129094803,intergenic|chr8:129094303-129094803,intergenic,MYC,127736068,False,1.2e-05,0.0069190547179351,5e-06,0.0069806657247068,129094553,1358.485
chr8,129098792,129099292,intergenic|chr8:129098792-129099292,intergenic,MYC,127736068,False,1e-05,0.0072499589508891,4e-06,0.0072624201156591,129099042,1362.974
chr8,129103743,129104243,intergenic|chr8:129103743-129104243,intergenic,MYC,127736068,False,1.4e-05,0.0071634255002737,5e-06,0.0072585294191969,129103993,1367.925
chr8,129107445,129107945,intergenic|chr8:129107445-129107945,intergenic,MYC,127736068,False,1.1e-05,0.0071214902513521,2.5e-05,0.0073774331081293,129107695,1371.627
chr8,129115943,129116443,intergenic|chr8:129115943-129116443,intergenic,MYC,127736068,False,2e-06,0.0059555471637724,4e-06,0.0061523407256487,129116193,1380.125
chr8,129142864,129143364,intergenic|chr8:129142864-129143364,intergenic,MYC,127736068,False,2.7e-05,0.0064233898321477,2.1e-05,0.0063598772409036,129143114,1407.046
chr8,129148749,129149249,intergenic|chr8:129148749-129149249,intergenic,MYC,127736068,False,5e-06,0.0069230661374658,5e-06,0.0072174932579863,129148999,1412.931
chr8,129149263,129149763,intergenic|chr8:129149263-129149763,intergenic,MYC,127736068,False,4e-06,0.0070193249653413,7e-06,0.007138146101043,129149513,1413.445
chr8,129164169,129164669,intergenic|chr8:129164169-129164669,intergenic,MYC,127736068,False,2.4e-05,0.006410744906756,4e-06,0.0061887846278844,129164419,1428.351
chr8,129173563,129174245,intergenic|chr8:129173563-129174245,intergenic,MYC,127736068,False,6e-06,0.006005934636276,6e-06,0.0062017532719784,129173904,1437.836
chr8,129193110,129193610,intergenic|chr8:129193110-129193610,intergenic,MYC,127736068,False,3e-06,0.0069053809048049,5e-06,0.0071875835454222,129193360,1457.292
chr8,129195807,129196307,intergenic|chr8:129195807-129196307,intergenic,MYC,127736068,False,3e-06,0.006910872589555,5e-06,0.0071932500012173,129196057,1459.989
chr8,129202429,129202929,intergenic|chr8:129202429-129202929,intergenic,MYC,127736068,False,6.1e-05,0.0072642982616497,1.8e-05,0.0072925173024221,129202679,1466.611
chr8,129203783,129204283,intergenic|chr8:129203783-129204283,intergenic,MYC,127736068,False,1.4e-05,0.007623262251316,6e-06,0.0076069284772823,129204033,1467.965
chr8,129216502,129217002,intergenic|chr8:129216502-129217002,intergenic,MYC,127736068,False,2e-06,0.0060519717176002,2e-06,0.0062492819182018,129216752,1480.684
chr8,129227531,129228031,intergenic|chr8:129227531-129228031,intergenic,MYC,127736068,False,1.2e-05,0.0062926647946295,1.3e-05,0.0064560902907708,129227781,1491.713
chr8,129235601,129236101,intergenic|chr8:129235601-129236101,intergenic,MYC,127736068,False,2.4e-05,0.0075736717388608,1.8e-05,0.0076789681345297,129235851,1499.783
chr8,129236506,129237006,intergenic|chr8:129236506-129237006,intergenic,MYC,127736068,False,4.3e-05,0.0076371137012468,3.8e-05,0.007768451667533,129236756,1500.688
chr8,129241059,129241559,intergenic|chr8:129241059-129241559,intergenic,MYC,127736068,False,4e-06,0.0062315372484846,4.5e-05,0.0067952073521986,129241309,1505.241
chr8,129255809,129256309,intergenic|chr8:129255809-129256309,intergenic,MYC,127736068,False,1.2e-05,0.0053897438127817,1.7e-05,0.0055349363976754,129256059,1519.991
chr8,129263125,129263625,intergenic|chr8:129263125-129263625,intergenic,MYC,127736068,False,1.4e-05,0.0054182306630046,4e-06,0.0053814051417424,129263375,1527.307
chr8,129270515,129271015,intergenic|chr8:129270515-129271015,intergenic,MYC,127736068,False,2.1e-05,0.0061286198166486,2.2e-05,0.0062819118461984,129270765,1534.697
chr8,129272016,129272516,intergenic|chr8:129272016-129272516,intergenic,MYC,127736068,False,9e-06,0.0063322765772273,1e-05,0.0064721990626447,129272266,1536.198
chr8,129278148,129278648,intergenic|chr8:129278148-129278648,intergenic,MYC,127736068,False,3e-06,0.0062058883574457,3e-06,0.0062968163196488,129278398,1542.33
chr8,129280270,129280770,intergenic|chr8:129280270-129280770,intergenic,MYC,127736068,False,2.1e-05,0.0064505954428515,3e-06,0.0062946382269301,129280520,1544.452
chr8,129282837,129283337,intergenic|chr8:129282837-129283337,intergenic,MYC,127736068,False,1.3e-05,0.0065086892416108,2e-06,0.0063332672077452,129283087,1547.019
chr8,129295527,129296286,intergenic|chr8:129295527-129296286,intergenic,MYC,127736068,False,5.9e-05,0.0057118671624859,4e-06,0.0054407673165782,129295906,1559.838
chr8,129303307,129303807,intergenic|chr8:129303307-129303807,intergenic,MYC,127736068,False,0.000205,0.007358783423856,1e-05,0.006166776329847,129303557,1567.489
chr8,129306695,129307195,intergenic|chr8:129306695-129307195,intergenic,MYC,127736068,False,2.3e-05,0.0070305991157927,1e-05,0.0067024949092561,129306945,1570.877
chr8,129313567,129314067,intergenic|chr8:129313567-129314067,intergenic,MYC,127736068,False,3e-06,0.0061903349532856,2.1e-05,0.0066874128255038,129313817,1577.749
chr8,129314944,129315444,intergenic|chr8:129314944-129315444,intergenic,MYC,127736068,False,2.2e-05,0.0063974625239444,3e-05,0.006625015426519,129315194,1579.126
chr8,129346503,129347003,intergenic|chr8:129346503-129347003,intergenic,MYC,127736068,False,2.7e-05,0.0066506558818315,2.2e-05,0.0064841410319459,129346753,1610.685
chr8,129347275,129347775,intergenic|chr8:129347275-129347775,intergenic,MYC,127736068,False,3.1e-05,0.0066348944641188,1.4e-05,0.0065857832436349,129347525,1611.457
chr8,129364508,129365008,genic|chr8:129364508-129365008,genic,MYC,127736068,False,2.3e-05,0.0055467488639452,7.1e-05,0.0063731575260214,129364758,1628.69
chr8,129385180,129385680,genic|chr8:129385180-129385680,genic,MYC,127736068,False,2.7e-05,0.0057676044990021,1.6e-05,0.0056890080713225,129385430,1649.362
chr8,129414211,129414711,genic|chr8:129414211-129414711,genic,MYC,127736068,False,1.4e-05,0.0055386167055632,6e-06,0.0055066225103856,129414461,1678.393
chr8,129422317,129422817,genic|chr8:129422317-129422817,genic,MYC,127736068,False,1.8e-05,0.0055628211442166,3e-06,0.00551180349931,129422567,1686.499
chr8,129436816,129437316,genic|chr8:129436816-129437316,genic,MYC,127736068,False,2.4e-05,0.0068493997666541,2e-06,0.0063272023367317,129437066,1700.998
chr8,129439886,129440386,genic|chr8:129439886-129440386,genic,MYC,127736068,False,2e-06,0.0060448500167169,3e-06,0.0062432526421563,129440136,1704.068
chr8,129448071,129448571,genic|chr8:129448071-129448571,genic,MYC,127736068,False,1.2e-05,0.0055964641935993,4e-06,0.0055387466383877,129448321,1712.253
chr8,129459696,129460196,genic|chr8:129459696-129460196,genic,MYC,127736068,False,4.4e-05,0.0056199389104522,1.3e-05,0.0055568852150328,129459946,1723.878
chr8,129468646,129469146,genic|chr8:129468646-129469146,genic,MYC,127736068,False,2.9e-05,0.0068902538010899,1.8e-05,0.0065126911778206,129468896,1732.828
chr8,129470775,129471275,genic|chr8:129470775-129471275,genic,MYC,127736068,False,1.5e-05,0.006400619881048,2e-06,0.0064209288409416,129471025,1734.957
chr8,129477433,129477933,genic|chr8:129477433-129477933,genic,MYC,127736068,False,3.1e-05,0.0056359595666243,3.6e-05,0.0057912361221465,129477683,1741.615
chr8,129490379,129490879,genic|chr8:129490379-129490879,genic,MYC,127736068,False,3e-06,0.0063057161851137,2e-06,0.0065728646054963,129490629,1754.561
chr8,129491479,129492332,genic|chr8:129491479-129492332,genic,MYC,127736068,False,4e-06,0.0062901390451314,6e-06,0.0063145676891949,129491905,1755.837
chr8,129508364,129509238,genic|chr8:129508364-129509238,genic,MYC,127736068,False,5.9e-05,0.0061837667207982,4e-06,0.0055976936428614,129508801,1772.733
chr8,129527722,129528222,genic|chr8:129527722-129528222,genic,MYC,127736068,False,8e-06,0.0056449900131681,3e-06,0.0056017379541376,129527972,1791.904
chr8,129535703,129536203,genic|chr8:129535703-129536203,genic,MYC,127736068,False,0.000594,0.0071877028387392,2.8e-05,0.0056400062133961,129535953,1799.885
chr8,129547976,129548476,genic|chr8:129547976-129548476,genic,MYC,127736068,False,1.5e-05,0.0056599152431496,1.9e-05,0.0059862732746266,129548226,1812.158
chr8,129565311,129565811,genic|chr8:129565311-129565811,genic,MYC,127736068,False,3.1e-05,0.0069491525573053,3.4e-05,0.0069881371375954,129565561,1829.493
chr8,129566344,129566844,genic|chr8:129566344-129566844,genic,MYC,127736068,False,3e-05,0.0069744158061694,4e-05,0.0069709612217447,129566594,1830.526
chr8,129574768,129575268,promoter|chr8:129574768-129575268,promoter,MYC,127736068,False,8.5e-05,0.010823132222479,4e-06,0.0097381373242637,129575018,1838.95
chr8,129586982,129587482,intergenic|chr8:129586982-129587482,intergenic,MYC,127736068,False,2.3e-05,0.00560911891641,3.1e-05,0.0057703685917166,129587232,1851.164
chr8,129590336,129590836,intergenic|chr8:129590336-129590836,intergenic,MYC,127736068,False,2e-06,0.0057956307101371,2e-06,0.0059315089306892,129590586,1854.518
chr8,129593303,129594130,intergenic|chr8:129593303-129594130,intergenic,MYC,127736068,False,6e-06,0.0054227036594109,4e-06,0.0055972394636846,129593716,1857.648
chr8,129622115,129622615,intergenic|chr8:129622115-129622615,intergenic,MYC,127736068,False,1e-06,0.005641627904745,4e-06,0.0059016061220832,129622365,1886.297
chr8,129625663,129626163,intergenic|chr8:129625663-129626163,intergenic,MYC,127736068,False,9e-06,0.0059003836893531,3e-06,0.0059298537671601,129625913,1889.845
chr8,129627067,129627860,intergenic|chr8:129627067-129627860,intergenic,MYC,127736068,False,2.1e-05,0.0058261021903682,5e-06,0.0058943804930772,129627463,1891.395
chr8,129636039,129636539,intergenic|chr8:129636039-129636539,intergenic,MYC,127736068,False,4.5e-05,0.005234802378645,2.2e-05,0.0051467847560302,129636289,1900.221
chr8,129673501,129674001,intergenic|chr8:129673501-129674001,intergenic,MYC,127736068,False,5.8e-05,0.0063158589885503,5.2e-05,0.0065998503557947,129673751,1937.683
chr8,129676511,129677011,intergenic|chr8:129676511-129677011,intergenic,MYC,127736068,False,0.000445,0.0087052532831059,0.000107,0.0061666544896656,129676761,1940.693
chr8,129681955,129682455,intergenic|chr8:129681955-129682455,intergenic,MYC,127736068,False,0.004749,0.0276947418829573,0.00111,0.0099456737325236,129682205,1946.137
chr8,129682837,129683337,intergenic|chr8:129682837-129683337,intergenic,MYC,127736068,False,0.00346,0.023124778738318,0.000888,0.0096280971791152,129683087,1947.019
chr8,129684942,129685442,intergenic|chr8:129684942-129685442,intergenic,MYC,127736068,False,0.005015,0.0262678000271695,0.000883,0.0088129911917974,129685192,1949.124
chr8,129685510,129686010,intergenic|chr8:129685510-129686010,intergenic,MYC,127736068,False,0.00845,0.0399309841681251,0.001457,0.009762732373048,129685760,1949.692
chr8,129687339,129687839,intergenic|chr8:129687339-129687839,intergenic,MYC,127736068,False,0.00285,0.0189915456863845,0.000571,0.0082924336324064,129687589,1951.521
chr8,129697072,129697816,intergenic|chr8:129697072-129697816,intergenic,MYC,127736068,False,0.004336,0.0210800926387116,0.000998,0.0085582997949557,129697444,1961.376
chr8,129697900,129698663,intergenic|chr8:129697900-129698663,intergenic,MYC,127736068,False,0.002436,0.0160252722952759,0.000612,0.0080994545478774,129698281,1962.213
chr8,129707581,129708427,intergenic|chr8:129707581-129708427,intergenic,MYC,127736068,False,0.059571,0.4699925970086467,0.006317,0.0209499905734196,129708004,1971.936
chr8,129710402,129710902,intergenic|chr8:129710402-129710902,intergenic,MYC,127736068,False,0.015684,0.0880156583143912,0.004027,0.0169154824705016,129710652,1974.584
chr8,129715934,129716434,intergenic|chr8:129715934-129716434,intergenic,MYC,127736068,False,0.000466,0.0073596011274171,0.000198,0.0059833736750332,129716184,1980.116
chr8,129726230,129726991,intergenic|chr8:129726230-129726991,intergenic,MYC,127736068,False,0.000776,0.0079761951230494,0.000503,0.0070556219662835,129726610,1990.542
chr8,129728460,129728960,intergenic|chr8:129728460-129728960,intergenic,MYC,127736068,False,0.000145,0.0075269314472762,5.8e-05,0.0070374434995559,129728710,1992.642
chr8,129731712,129732212,intergenic|chr8:129731712-129732212,intergenic,MYC,127736068,False,4.9e-05,0.006947743170056,7e-06,0.0065129691781709,129731962,1995.894
chr8,129748273,129748773,genic|chr8:129748273-129748773,genic,MYC,127736068,False,1.7e-05,0.0051423727416389,2.6e-05,0.0054506546817343,129748523,2012.455
chr8,129776385,129776885,genic|chr8:129776385-129776885,genic,MYC,127736068,False,2e-06,0.0049265448038245,5e-06,0.0050905902689673,129776635,2040.567
chr8,129786359,129787412,promoter|chr8:129786359-129787412,promoter,MYC,127736068,False,0.000279,0.0131282994095324,0.000279,0.0132519986154169,129786885,2050.817
chr8,129787503,129788003,intergenic|chr8:129787503-129788003,intergenic,MYC,127736068,False,5.9e-05,0.0062661812509416,9.9e-05,0.0062570565816166,129787753,2051.685
chr8,129795714,129796214,intergenic|chr8:129795714-129796214,intergenic,MYC,127736068,False,3e-06,0.0049794236384108,4.9e-05,0.0058206489386353,129795964,2059.896
chr8,129798470,129798970,intergenic|chr8:129798470-129798970,intergenic,MYC,127736068,False,1e-06,0.0052217457315716,3.8e-05,0.0060426317739583,129798720,2062.652
chr8,129802959,129803459,intergenic|chr8:129802959-129803459,intergenic,MYC,127736068,False,2e-06,0.0049943455053221,3e-06,0.0051584476641547,129803209,2067.141
chr8,129820036,129820536,intergenic|chr8:129820036-129820536,intergenic,MYC,127736068,False,0.000157,0.0056983407959271,2.7e-05,0.0054598374266826,129820286,2084.218
chr8,129825283,129825783,intergenic|chr8:129825283-129825783,intergenic,MYC,127736068,False,7e-06,0.005652236944589,5e-05,0.0061186667666619,129825533,2089.465
chr8,129826117,129826617,intergenic|chr8:129826117-129826617,intergenic,MYC,127736068,False,1.1e-05,0.0053281808591559,0.00013,0.0058099600722769,129826367,2090.299
chr8,129838621,129840109,genic|chr8:129838621-129840109,genic,MYC,127736068,False,1.2e-05,0.0051623418084471,0.000151,0.0058115739301128,129839365,2103.297
chr8,129840417,129840917,genic|chr8:129840417-129840917,genic,MYC,127736068,False,6.4e-05,0.0062929973590856,1.7e-05,0.0057747619622778,129840667,2104.599
chr8,129848758,129849876,genic|chr8:129848758-129849876,genic,MYC,127736068,False,0.000126,0.0047336334823535,0.000153,0.0048946733336534,129849317,2113.249
chr8,129883742,129884242,genic|chr8:129883742-129884242,genic,MYC,127736068,False,0.000203,0.0047954176417969,0.00084,0.0059533401063296,129883992,2147.924
chr8,129891558,129892058,genic|chr8:129891558-129892058,genic,MYC,127736068,False,6e-06,0.0051358981419872,0.000136,0.006072634119477,129891808,2155.74
chr8,129896496,129896996,genic|chr8:129896496-129896996,genic,MYC,127736068,False,2.9e-05,0.005981548141119,4e-06,0.0056847440674809,129896746,2160.678
chr8,129898503,129899003,genic|chr8:129898503-129899003,genic,MYC,127736068,False,6.1e-05,0.0058189456879134,5e-06,0.0055559825296707,129898753,2162.685
chr8,129900168,129900668,genic|chr8:129900168-129900668,genic,MYC,127736068,False,3e-06,0.0053816389905294,5e-06,0.0055556539056945,129900418,2164.35
chr8,129912593,129913548,genic|chr8:129912593-129913548,genic,MYC,127736068,False,2.8e-05,0.0055727773535432,0.000495,0.0067710811701775,129913070,2177.002
chr8,129913836,129914761,genic|chr8:129913836-129914761,genic,MYC,127736068,False,1.4e-05,0.0057145371353844,0.000243,0.0066200740936915,129914298,2178.23
chr8,129923343,129924348,genic|chr8:129923343-129924348,genic,MYC,127736068,False,1.4e-05,0.0055897992364755,0.000255,0.0065283256586879,129923845,2187.777
chr8,129924823,129925323,genic|chr8:129924823-129925323,genic,MYC,127736068,False,1.5e-05,0.0055789501198352,2.1e-05,0.0057781199634105,129925073,2189.005
chr8,129930395,129930895,genic|chr8:129930395-129930895,genic,MYC,127736068,False,5e-06,0.0054250600217048,7e-06,0.0056100288623208,129930645,2194.577
chr8,129932956,129933456,genic|chr8:129932956-129933456,genic,MYC,127736068,False,4e-06,0.005466284801803,4e-06,0.0056842843298561,129933206,2197.138
chr8,129934007,129934507,genic|chr8:129934007-129934507,genic,MYC,127736068,False,3e-06,0.0055013999779991,6e-06,0.0056624140142515,129934257,2198.189
chr8,129939618,129940521,promoter|chr8:129939618-129940521,promoter,MYC,127736068,False,0.000691,0.0111294393942993,0.003592,0.0214654206465596,129940069,2204.001
chr8,129946546,129947046,intergenic|chr8:129946546-129947046,intergenic,MYC,127736068,False,4e-06,0.0047492318917403,1.9e-05,0.005152453586579,129946796,2210.728
chr8,129948287,129948787,intergenic|chr8:129948287-129948787,intergenic,MYC,127736068,False,3e-06,0.0048015107284728,3.4e-05,0.0050708028964198,129948537,2212.469
chr8,129953828,129954328,intergenic|chr8:129953828-129954328,intergenic,MYC,127736068,False,1.5e-05,0.00506158569034,2.8e-05,0.005193512224012,129954078,2218.01
chr8,129956317,129956817,intergenic|chr8:129956317-129956817,intergenic,MYC,127736068,False,4e-06,0.0046875500761007,5e-06,0.0049254331576175,129956567,2220.499
chr8,129962758,129963258,intergenic|chr8:129962758-129963258,intergenic,MYC,127736068,False,9e-06,0.0041045598430585,4e-05,0.0044326602874262,129963008,2226.94
chr8,129970060,129970560,intergenic|chr8:129970060-129970560,intergenic,MYC,127736068,False,4e-06,0.0050667582804656,5.9e-05,0.005652590087439,129970310,2234.242
chr8,129971488,129971988,intergenic|chr8:129971488-129971988,intergenic,MYC,127736068,False,1.2e-05,0.0048855713950293,0.000202,0.0055647818510103,129971738,2235.67
chr8,129977156,129977656,intergenic|chr8:129977156-129977656,intergenic,MYC,127736068,False,3e-06,0.0041166433024275,3.1e-05,0.0044506868782876,129977406,2241.338
chr8,129984215,129984715,intergenic|chr8:129984215-129984715,intergenic,MYC,127736068,False,1.7e-05,0.0041343409919969,0.000135,0.0045717655696592,129984465,2248.397
chr8,129991804,129992304,intergenic|chr8:129991804-129992304,intergenic,MYC,127736068,False,5e-05,0.0053282875938462,4.7e-05,0.0054567080146322,129992054,2255.986
chr8,129992674,129993174,intergenic|chr8:129992674-129993174,intergenic,MYC,127736068,False,4.8e-05,0.0053404000987129,5.8e-05,0.0054505021875503,129992924,2256.856
chr8,129993681,129994181,intergenic|chr8:129993681-129994181,intergenic,MYC,127736068,False,2.9e-05,0.005370139990997,3.4e-05,0.0054862823644666,129993931,2257.863
chr8,129999020,129999520,intergenic|chr8:129999020-129999520,intergenic,MYC,127736068,False,0.000198,0.0057830812931851,0.000242,0.0060422225977876,129999270,2263.202
chr8,129999833,130000333,intergenic|chr8:129999833-130000333,intergenic,MYC,127736068,False,3.4e-05,0.0052972208963186,0.000407,0.0061317391329315,130000083,2264.015
chr8,130008572,130009325,intergenic|chr8:130008572-130009325,intergenic,MYC,127736068,False,5.7e-05,0.0052273874115382,5e-06,0.0050001308391987,130008948,2272.88
chr8,130010064,130010564,intergenic|chr8:130010064-130010564,intergenic,MYC,127736068,False,4e-06,0.0053640539728095,2.9e-05,0.0057954040747851,130010314,2274.246
chr8,130014794,130016080,intergenic|chr8:130014794-130016080,intergenic,MYC,127736068,False,0.000479,0.006286027911913,0.000341,0.0060541460658067,130015437,2279.369
chr8,130016285,130016785,intergenic|chr8:130016285-130016785,intergenic,MYC,127736068,False,0.000265,0.0061187269327129,0.000189,0.0059786354691555,130016535,2280.467
chr8,130030176,130030913,intergenic|chr8:130030176-130030913,intergenic,MYC,127736068,False,6e-06,0.0050629438894899,9e-06,0.0052459990227509,130030544,2294.476
chr8,130031588,130032088,intergenic|chr8:130031588-130032088,intergenic,MYC,127736068,False,2e-06,0.005295536313269,3e-06,0.0054601072009024,130031838,2295.77
chr8,130034745,130035245,intergenic|chr8:130034745-130035245,intergenic,MYC,127736068,False,5e-06,0.0052719039859456,8e-06,0.0054364434133268,130034995,2298.927
chr8,130036828,130037615,intergenic|chr8:130036828-130037615,intergenic,MYC,127736068,False,0.000109,0.0057665499362253,0.000109,0.0059302019401,130037221,2301.153
chr8,130041911,130042682,intergenic|chr8:130041911-130042682,intergenic,MYC,127736068,False,2.7e-05,0.0052144413193658,0.000286,0.0058615339166212,130042296,2306.228
chr8,130052629,130053129,genic|chr8:130052629-130053129,genic,MYC,127736068,False,2.7e-05,0.0052773646256929,3e-06,0.0049535043803751,130052879,2316.811
chr8,130054410,130054910,genic|chr8:130054410-130054910,genic,MYC,127736068,False,2.9e-05,0.005274852279133,2e-06,0.0050505827386929,130054660,2318.592
chr8,130061924,130062836,genic|chr8:130061924-130062836,genic,MYC,127736068,False,9e-05,0.0054803172754555,6.2e-05,0.0053689431778787,130062380,2326.312
chr8,130065259,130065759,genic|chr8:130065259-130065759,genic,MYC,127736068,False,3e-06,0.0051781494143012,2.8e-05,0.0055399378930336,130065509,2329.441
chr8,130067795,130068295,genic|chr8:130067795-130068295,genic,MYC,127736068,False,4e-06,0.0049739302419111,2.8e-05,0.0053226958472275,130068045,2331.977
chr8,130074420,130074920,genic|chr8:130074420-130074920,genic,MYC,127736068,False,1.9e-05,0.0052160180470394,0.000117,0.0061345079994202,130074670,2338.602
chr8,130075138,130075638,genic|chr8:130075138-130075638,genic,MYC,127736068,False,2e-06,0.0051001143555368,2.2e-05,0.0055460738400947,130075388,2339.32
chr8,130077600,130078100,genic|chr8:130077600-130078100,genic,MYC,127736068,False,1e-06,0.0052117346918608,1.5e-05,0.0056863163476514,130077850,2341.782
chr8,130079912,130080628,genic|chr8:130079912-130080628,genic,MYC,127736068,False,3e-06,0.0051267132051162,6.3e-05,0.0058597926824662,130080270,2344.202
chr8,130081446,130081946,genic|chr8:130081446-130081946,genic,MYC,127736068,False,2e-06,0.0050972280985408,7.2e-05,0.0058122625414728,130081696,2345.628
chr8,130082712,130083212,genic|chr8:130082712-130083212,genic,MYC,127736068,False,1e-06,0.0051337130322804,5e-05,0.0058264007868232,130082962,2346.894
chr8,130094632,130095132,genic|chr8:130094632-130095132,genic,MYC,127736068,False,9e-06,0.0050069705281075,0.000172,0.0057623620953148,130094882,2358.814
chr8,130095336,130096935,genic|chr8:130095336-130096935,genic,MYC,127736068,False,3.3e-05,0.0047953990136674,0.000749,0.0061588411949741,130096135,2360.067
chr8,130105805,130106688,genic|chr8:130105805-130106688,genic,MYC,127736068,False,7e-06,0.0039049976918082,6.2e-05,0.0042295351906267,130106246,2370.178
chr8,130112782,130113282,genic|chr8:130112782-130113282,genic,MYC,127736068,False,2e-06,0.004401666390758,2.4e-05,0.0048264721727776,130113032,2376.964
chr8,130115049,130115549,genic|chr8:130115049-130115549,genic,MYC,127736068,False,1e-06,0.0045237541073338,2e-06,0.0046977935723398,130115299,2379.231
chr8,130129502,130130002,genic|chr8:130129502-130130002,genic,MYC,127736068,False,7.4e-05,0.0053713496342054,1.4e-05,0.005186620519487,130129752,2393.684
chr8,130131480,130132613,genic|chr8:130131480-130132613,genic,MYC,127736068,False,4e-05,0.0049414875717194,3.3e-05,0.0050866285520849,130132046,2395.978
chr8,130134385,130134885,genic|chr8:130134385-130134885,genic,MYC,127736068,False,6e-06,0.0051309807100961,7e-06,0.0052257908999538,130134635,2398.567
chr8,130144181,130144923,genic|chr8:130144181-130144923,genic,MYC,127736068,False,8e-06,0.0047278517901769,1.1e-05,0.0048416199452066,130144552,2408.484
chr8,130147425,130147925,genic|chr8:130147425-130147925,genic,MYC,127736068,False,2e-06,0.0048958029809666,1.7e-05,0.0052679588120136,130147675,2411.607
chr8,130149391,130149891,genic|chr8:130149391-130149891,genic,MYC,127736068,False,4e-06,0.0049258659771325,2.8e-05,0.0053065431675149,130149641,2413.573
chr8,130151472,130152109,genic|chr8:130151472-130152109,genic,MYC,127736068,False,3e-06,0.0048259364644837,4.3e-05,0.0051682314157594,130151790,2415.722
chr8,130154211,130155034,genic|chr8:130154211-130155034,genic,MYC,127736068,False,3e-06,0.0047687753379178,2.8e-05,0.005153646962091,130154622,2418.554
chr8,130162847,130163347,genic|chr8:130162847-130163347,genic,MYC,127736068,False,3e-06,0.0039551950871231,1.7e-05,0.0042447167424286,130163097,2427.029
chr8,130176292,130176792,genic|chr8:130176292-130176792,genic,MYC,127736068,False,2e-06,0.0039577679469581,2.1e-05,0.004259280347867,130176542,2440.474
chr8,130191818,130192318,genic|chr8:130191818-130192318,genic,MYC,127736068,False,2.1e-05,0.0051873554810206,0.000129,0.0056687460697116,130192068,2456.0
chr8,130194607,130195107,genic|chr8:130194607-130195107,genic,MYC,127736068,False,4.7e-05,0.0050587227612171,0.000464,0.0057913666082973,130194857,2458.789
chr8,130200906,130201406,genic|chr8:130200906-130201406,genic,MYC,127736068,False,3e-06,0.003971592400947,8.1e-05,0.0045751693466047,130201156,2465.088
chr8,130207508,130208008,genic|chr8:130207508-130208008,genic,MYC,127736068,False,6e-06,0.0039787480071642,8e-06,0.004110490139812,130207758,2471.69
chr8,130228251,130228751,genic|chr8:130228251-130228751,genic,MYC,127736068,False,3.5e-05,0.0052516891254033,6.5e-05,0.0059200957800523,130228501,2492.433
chr8,130228823,130229323,genic|chr8:130228823-130229323,genic,MYC,127736068,False,5e-05,0.0052477660965429,9.2e-05,0.0059441525353518,130229073,2493.005
chr8,130232723,130233223,genic|chr8:130232723-130233223,genic,MYC,127736068,False,4e-06,0.0050192618082764,5.4e-05,0.0053858548758099,130232973,2496.905
chr8,130236195,130236695,genic|chr8:130236195-130236695,genic,MYC,127736068,False,5e-06,0.004935884914124,5.6e-05,0.0053408744185443,130236445,2500.377
chr8,130236932,130237432,genic|chr8:130236932-130237432,genic,MYC,127736068,False,8e-06,0.004904461046966,6.4e-05,0.0053435375259584,130237182,2501.114
chr8,130247878,130248771,genic|chr8:130247878-130248771,genic,MYC,127736068,False,4e-06,0.0047217312887353,6.8e-05,0.0052016201574485,130248324,2512.256
chr8,130252720,130253220,genic|chr8:130252720-130253220,genic,MYC,127736068,False,3e-06,0.0047564217919338,4.3e-05,0.0052993174574047,130252970,2516.902
chr8,130262626,130263126,genic|chr8:130262626-130263126,genic,MYC,127736068,False,5e-05,0.0053422889479271,0.00139,0.0078963094376385,130262876,2526.808
chr8,130263458,130264217,genic|chr8:130263458-130264217,genic,MYC,127736068,False,4.3e-05,0.0053642762950079,0.001293,0.0077801996370719,130263837,2527.769
chr8,130264577,130265077,genic|chr8:130264577-130265077,genic,MYC,127736068,False,1.7e-05,0.0054081495792531,0.000559,0.0068401332000422,130264827,2528.759
chr8,130270309,130271442,genic|chr8:130270309-130271442,genic,MYC,127736068,False,8e-06,0.0040316064336147,8e-06,0.0041633233150629,130270875,2534.807
chr8,130276323,130277432,genic|chr8:130276323-130277432,genic,MYC,127736068,False,6e-06,0.0049792675404147,5.6e-05,0.0053882171659053,130276877,2540.809
chr8,130278724,130279478,genic|chr8:130278724-130279478,genic,MYC,127736068,False,7e-06,0.0049600551201491,7.2e-05,0.005382364450414,130279101,2543.033
chr8,130279969,130280469,genic|chr8:130279969-130280469,genic,MYC,127736068,False,3e-06,0.0050686924086962,4.5e-05,0.0054606958813265,130280219,2544.151
chr8,130284729,130285229,genic|chr8:130284729-130285229,genic,MYC,127736068,False,3e-06,0.0050326756149018,3.3e-05,0.0053343203643379,130284979,2548.911
chr8,130286920,130287623,genic|chr8:130286920-130287623,genic,MYC,127736068,False,0.000228,0.005543948530608,6e-06,0.0049272828634508,130287271,2551.203
chr8,130295919,130296419,genic|chr8:130295919-130296419,genic,MYC,127736068,False,4e-06,0.0037301646786308,5.5e-05,0.0040346510464865,130296169,2560.101
chr8,130302385,130303368,genic|chr8:130302385-130303368,genic,MYC,127736068,False,1.5e-05,0.0037430045833518,0.000123,0.0040891445149722,130302876,2566.808
chr8,130309266,130309766,genic|chr8:130309266-130309766,genic,MYC,127736068,False,2e-06,0.004586390424402,2e-06,0.0047392876951287,130309516,2573.448
chr8,130310212,130310712,genic|chr8:130310212-130310712,genic,MYC,127736068,False,5e-06,0.0045312611119474,5.1e-05,0.0048875207820579,130310462,2574.394
chr8,130312320,130312820,genic|chr8:130312320-130312820,genic,MYC,127736068,False,2e-06,0.0045958151109803,2.9e-05,0.0049256257868175,130312570,2576.502
chr8,130313775,130314275,genic|chr8:130313775-130314275,genic,MYC,127736068,False,2e-06,0.004598280469539,1.9e-05,0.0049407386859928,130314025,2577.957
chr8,130338948,130339448,genic|chr8:130338948-130339448,genic,MYC,127736068,False,4e-06,0.0043971502398249,7.2e-05,0.0050209805029571,130339198,2603.13
chr8,130341194,130341694,genic|chr8:130341194-130341694,genic,MYC,127736068,False,3e-06,0.004457687917621,5e-05,0.0049291649526078,130341444,2605.376
chr8,130353082,130353582,genic|chr8:130353082-130353582,genic,MYC,127736068,False,2.5e-05,0.005118036458754,1e-06,0.0049951974822801,130353332,2617.264
chr8,130357459,130359404,genic|chr8:130357459-130359404,genic,MYC,127736068,False,3.9e-05,0.0044428592485993,0.000419,0.0050225803426409,130358431,2622.363
chr8,130364127,130365400,genic|chr8:130364127-130365400,genic,MYC,127736068,False,8e-06,0.0037733717151509,0.00015,0.0042797550555716,130364763,2628.695
chr8,130374671,130375408,genic|chr8:130374671-130375408,genic,MYC,127736068,False,2e-06,0.0045414282913047,2.4e-05,0.0049089760027002,130375039,2638.971
chr8,130375964,130376464,genic|chr8:130375964-130376464,genic,MYC,127736068,False,4e-06,0.0044859819252312,4.6e-05,0.0048664404187034,130376214,2640.146
chr8,130379617,130380117,genic|chr8:130379617-130380117,genic,MYC,127736068,False,2e-06,0.0045680579267098,2.2e-05,0.0049235086671356,130379867,2643.799
chr8,130389044,130389544,genic|chr8:130389044-130389544,genic,MYC,127736068,False,2e-06,0.0037848046596164,2.3e-05,0.0040814350337082,130389294,2653.226
chr8,130401789,130402289,genic|chr8:130401789-130402289,genic,MYC,127736068,False,3e-06,0.0037888257946581,2e-06,0.0039118107707627,130402039,2665.971
chr8,130416244,130416989,genic|chr8:130416244-130416989,genic,MYC,127736068,False,4.1e-05,0.0049283600423496,4e-06,0.0047854759492073,130416616,2680.548
chr8,130419915,130420759,genic|chr8:130419915-130420759,genic,MYC,127736068,False,5e-06,0.0046523255903165,0.000104,0.0052522560971559,130420337,2684.269
chr8,130421317,130421817,genic|chr8:130421317-130421817,genic,MYC,127736068,False,5e-06,0.0046625339730229,8.1e-05,0.0052622168082082,130421567,2685.499
chr8,130429409,130429909,genic|chr8:130429409-130429909,genic,MYC,127736068,False,2e-06,0.0045200871689312,1.9e-05,0.0048320966104505,130429659,2693.591
chr8,130430588,130431088,genic|chr8:130430588-130431088,genic,MYC,127736068,False,3.7e-05,0.0047471752984087,3.4e-05,0.0048448142452211,130430838,2694.77
chr8,130435063,130435563,genic|chr8:130435063-130435563,genic,MYC,127736068,False,2e-06,0.0045307569115852,1.9e-05,0.0048391483307051,130435313,2699.245
chr8,130443410,130444497,promoter|chr8:130443410-130444497,promoter,MYC,127736068,False,3.7e-05,0.0114868303958589,0.000413,0.0132582307936266,130443953,2707.885
chr8,130444617,130445117,intergenic|chr8:130444617-130445117,intergenic,MYC,127736068,False,1.7e-05,0.0046006125827993,0.000181,0.0050942466563586,130444867,2708.799
chr8,130457015,130457515,intergenic|chr8:130457015-130457515,intergenic,MYC,127736068,False,1e-06,0.0040565449434056,1.1e-05,0.0044001738947521,130457265,2721.197
chr8,130458466,130458966,intergenic|chr8:130458466-130458966,intergenic,MYC,127736068,False,1e-06,0.0041768060317408,2.2e-05,0.0044848923097768,130458716,2722.648
chr8,130463187,130463687,intergenic|chr8:130463187-130463687,intergenic,MYC,127736068,False,1.8e-05,0.0043608274063699,5.9e-05,0.0048545044094788,130463437,2727.369
chr8,130466279,130466779,intergenic|chr8:130466279-130466779,intergenic,MYC,127736068,False,1e-06,0.0041028613160597,2e-06,0.0042377962992602,130466529,2730.461
chr8,130474257,130474757,intergenic|chr8:130474257-130474757,intergenic,MYC,127736068,False,1e-06,0.0040320704456059,2e-06,0.0042187230382681,130474507,2738.439
chr8,130474913,130475413,intergenic|chr8:130474913-130475413,intergenic,MYC,127736068,False,1e-06,0.0040616480543772,1.7e-05,0.0043588936231762,130475163,2739.095
chr8,130482882,130483700,intergenic|chr8:130482882-130483700,intergenic,MYC,127736068,False,2.9e-05,0.0035809843843502,4.7e-05,0.0037121552764582,130483291,2747.223
chr8,130491514,130492014,intergenic|chr8:130491514-130492014,intergenic,MYC,127736068,False,4e-06,0.0041232311448534,5.4e-05,0.0044913310299464,130491764,2755.696
chr8,130493438,130493938,intergenic|chr8:130493438-130493938,intergenic,MYC,127736068,False,2e-06,0.0042490969417317,2.4e-05,0.0046057095175378,130493688,2757.62
chr8,130499067,130499923,intergenic|chr8:130499067-130499923,intergenic,MYC,127736068,False,4e-06,0.0043574522224603,5e-06,0.0045418803389202,130499495,2763.427
chr8,130500414,130500914,intergenic|chr8:130500414-130500914,intergenic,MYC,127736068,False,1e-06,0.0044185688147677,4.4e-05,0.0049651299275672,130500664,2764.596
chr8,130503060,130503560,intergenic|chr8:130503060-130503560,intergenic,MYC,127736068,False,6e-06,0.0043906240678597,0.000162,0.0050494253015569,130503310,2767.242
chr8,130506398,130506898,intergenic|chr8:130506398-130506898,intergenic,MYC,127736068,False,3e-05,0.0045691212539812,3.6e-05,0.0047267138056191,130506648,2770.58
chr8,130518170,130518670,intergenic|chr8:130518170-130518670,intergenic,MYC,127736068,False,8e-06,0.0044280292706137,1e-05,0.0045381304972107,130518420,2782.352
chr8,130518710,130519210,intergenic|chr8:130518710-130519210,intergenic,MYC,127736068,False,1e-05,0.0044132295230204,1e-05,0.0045368563136263,130518960,2782.892
chr8,130527730,130528777,intergenic|chr8:130527730-130528777,intergenic,MYC,127736068,False,5.2e-05,0.0036330092901999,6.7e-05,0.0037636616475811,130528253,2792.185
chr8,130533466,130533966,intergenic|chr8:130533466-130533966,intergenic,MYC,127736068,False,3e-06,0.0047469627400002,3e-05,0.0051079206461569,130533716,2797.648
chr8,130536949,130537449,intergenic|chr8:130536949-130537449,intergenic,MYC,127736068,False,2e-06,0.0044758633499991,6.1e-05,0.0050732613394311,130537199,2801.131
chr8,130538058,130538558,intergenic|chr8:130538058-130538558,intergenic,MYC,127736068,False,1e-06,0.0044910214160123,6.5e-05,0.0050812327061637,130538308,2802.24
chr8,130541416,130542412,intergenic|chr8:130541416-130542412,intergenic,MYC,127736068,False,7e-06,0.0042778360694688,1.4e-05,0.004524963096301,130541914,2805.846
chr8,130558698,130559198,intergenic|chr8:130558698-130559198,intergenic,MYC,127736068,False,3e-06,0.0040847117479848,2.2e-05,0.0045851657452763,130558948,2822.88
chr8,130563077,130563577,intergenic|chr8:130563077-130563577,intergenic,MYC,127736068,False,1e-06,0.004242089383645,2e-06,0.0042370656575954,130563327,2827.259
chr8,130571309,130571809,intergenic|chr8:130571309-130571809,intergenic,MYC,127736068,False,1e-06,0.00361898313632,1.2e-05,0.0038748882313028,130571559,2835.491
chr8,130577000,130577816,intergenic|chr8:130577000-130577816,intergenic,MYC,127736068,False,3e-06,0.0036241725243977,4.9e-05,0.0040639797179559,130577408,2841.34
chr8,130582987,130583487,intergenic|chr8:130582987-130583487,intergenic,MYC,127736068,False,1e-06,0.0036262787564444,1e-06,0.0037448029416871,130583237,2847.169
chr8,130588506,130589006,intergenic|chr8:130588506-130589006,intergenic,MYC,127736068,False,2e-06,0.0036307281509425,2e-06,0.0037493972164912,130588756,2852.688
chr8,130597502,130598002,intergenic|chr8:130597502-130598002,intergenic,MYC,127736068,False,2e-06,0.0036338043428995,3e-06,0.0037533710308241,130597752,2861.684
chr8,130604265,130604765,intergenic|chr8:130604265-130604765,intergenic,MYC,127736068,False,1.6e-05,0.0036481562764297,0.000343,0.0043205786583241,130604515,2868.447
chr8,130611648,130612395,intergenic|chr8:130611648-130612395,intergenic,MYC,127736068,False,5e-06,0.0043702331066982,6e-06,0.0044924013218862,130612021,2875.953
chr8,130616091,130616591,intergenic|chr8:130616091-130616591,intergenic,MYC,127736068,False,4e-06,0.0043895364284011,5e-06,0.004512353643317,130616341,2880.273
chr8,130624199,130624699,intergenic|chr8:130624199-130624699,intergenic,MYC,127736068,False,1.3e-05,0.0047419938779919,1.4e-05,0.004857789404126,130624449,2888.381
chr8,130626843,130627682,intergenic|chr8:130626843-130627682,intergenic,MYC,127736068,False,5.8e-05,0.0046753349094293,7.6e-05,0.0047848154568245,130627262,2891.194
chr8,130628848,130630226,intergenic|chr8:130628848-130630226,intergenic,MYC,127736068,False,5e-05,0.0046960526904541,4.7e-05,0.0048343033451133,130629537,2893.469
chr8,130636714,130637214,intergenic|chr8:130636714-130637214,intergenic,MYC,127736068,False,1e-06,0.0044202830823977,1.5e-05,0.004763384709389,130636964,2900.896
chr8,130641706,130643103,intergenic|chr8:130641706-130643103,intergenic,MYC,127736068,False,5e-06,0.0042503819383651,8e-06,0.0044686097913112,130642404,2906.336
chr8,130643801,130644739,intergenic|chr8:130643801-130644739,intergenic,MYC,127736068,False,2e-06,0.004430513406629,4e-06,0.0046013428364205,130644270,2908.202
chr8,130649493,130649993,intergenic|chr8:130649493-130649993,intergenic,MYC,127736068,False,5e-05,0.0048453359758905,6e-06,0.0047596694174458,130649743,2913.675
chr8,130650968,130651468,intergenic|chr8:130650968-130651468,intergenic,MYC,127736068,False,0.000143,0.0047500660380684,0.000165,0.004884192248219,130651218,2915.15
chr8,130658209,130658709,intergenic|chr8:130658209-130658709,intergenic,MYC,127736068,False,2e-06,0.0043025586809661,3.4e-05,0.0046672855153929,130658459,2922.391
chr8,130661833,130662333,intergenic|chr8:130661833-130662333,intergenic,MYC,127736068,False,2e-06,0.0043406086834526,1e-06,0.0044607540561762,130662083,2926.015
chr8,130665480,130665980,intergenic|chr8:130665480-130665980,intergenic,MYC,127736068,False,1e-06,0.0043105828299284,1e-06,0.0043248959737672,130665730,2929.662
chr8,130672435,130673185,intergenic|chr8:130672435-130673185,intergenic,MYC,127736068,False,1.4e-05,0.0044697265015826,0.000207,0.0049691548142264,130672810,2936.742
chr8,130675443,130675943,intergenic|chr8:130675443-130675943,intergenic,MYC,127736068,False,5e-06,0.0046369770671683,0.000114,0.0052874376674352,130675693,2939.625
chr8,130681773,130682273,intergenic|chr8:130681773-130682273,intergenic,MYC,127736068,False,5e-06,0.0043355605519717,5.7e-05,0.0046232220593497,130682023,2945.955
chr8,130683833,130684333,intergenic|chr8:130683833-130684333,intergenic,MYC,127736068,False,2e-06,0.0044653574506813,2e-05,0.0047819479324276,130684083,2948.015
chr8,130692139,130692639,intergenic|chr8:130692139-130692639,intergenic,MYC,127736068,False,1.3e-05,0.0037119016604142,0.000222,0.004150775740379,130692389,2956.321
chr8,130698644,130699144,intergenic|chr8:130698644-130699144,intergenic,MYC,127736068,False,3e-06,0.0043208676999606,2.4e-05,0.0048144654785678,130698894,2962.826
chr8,130701602,130702102,intergenic|chr8:130701602-130702102,intergenic,MYC,127736068,False,2e-06,0.0043587929135131,2.8e-05,0.0045597850334081,130701852,2965.784
chr8,130706976,130707476,intergenic|chr8:130706976-130707476,intergenic,MYC,127736068,False,1e-06,0.0037133450567013,2.6e-05,0.0041633961388625,130707226,2971.158
chr8,130716851,130717351,intergenic|chr8:130716851-130717351,intergenic,MYC,127736068,False,1e-06,0.0037163932609769,3e-06,0.0038394827482966,130717101,2981.033
chr8,130726898,130728412,intergenic|chr8:130726898-130728412,intergenic,MYC,127736068,False,5.5e-05,0.0037619809943386,9e-05,0.0039137168010842,130727655,2991.587
chr8,130740235,130740735,intergenic|chr8:130740235-130740735,intergenic,MYC,127736068,False,1.5e-05,0.0038859638220084,4e-05,0.0041414752156433,130740485,3004.417
chr8,130749590,130750090,intergenic|chr8:130749590-130750090,intergenic,MYC,127736068,False,6e-06,0.0037289294274689,7e-06,0.0038516136842863,130749840,3013.772
chr8,130764464,130764964,intergenic|chr8:130764464-130764964,intergenic,MYC,127736068,False,5e-06,0.0043087568074139,6.3e-05,0.0048382953118265,130764714,3028.646
chr8,130765589,130766089,intergenic|chr8:130765589-130766089,intergenic,MYC,127736068,False,2e-06,0.0045189481749912,6.7e-05,0.0051135504730332,130765839,3029.771
chr8,130783963,130784463,genic|chr8:130783963-130784463,genic,MYC,127736068,False,1.5e-05,0.0044288256692222,1.2e-05,0.0045347430027527,130784213,3048.145
chr8,130785731,130786231,genic|chr8:130785731-130786231,genic,MYC,127736068,False,1e-06,0.0042944076762065,1.2e-05,0.0045482314142913,130785981,3049.913
chr8,130792755,130793255,genic|chr8:130792755-130793255,genic,MYC,127736068,False,1e-06,0.0044055562077729,1.2e-05,0.0047619180076402,130793005,3056.937
chr8,130796720,130797220,genic|chr8:130796720-130797220,genic,MYC,127736068,False,1e-06,0.0043892754980778,2e-06,0.004570454866428,130796970,3060.902
chr8,130797438,130797938,genic|chr8:130797438-130797938,genic,MYC,127736068,False,1e-06,0.0045206305838356,3e-06,0.0046702320969897,130797688,3061.62
chr8,130802547,130803306,genic|chr8:130802547-130803306,genic,MYC,127736068,False,3e-06,0.0043098222063109,3.1e-05,0.0046901049045306,130802926,3066.858
chr8,130809814,130810314,genic|chr8:130809814-130810314,genic,MYC,127736068,False,1e-06,0.0043627133365771,2e-06,0.0045654708655309,130810064,3073.996
chr8,130810765,130811265,genic|chr8:130810765-130811265,genic,MYC,127736068,False,2e-06,0.0043298824410167,3e-06,0.0045063862989825,130811015,3074.947
chr8,130828273,130829676,genic|chr8:130828273-130829676,genic,MYC,127736068,False,7.2e-05,0.0039999368012089,5e-06,0.0038871545768245,130828974,3092.906
chr8,130834703,130835203,genic|chr8:130834703-130835203,genic,MYC,127736068,False,1e-06,0.0043307290705602,1e-05,0.004640868271718,130834953,3098.885
chr8,130835863,130836363,genic|chr8:130835863-130836363,genic,MYC,127736068,False,1e-06,0.004247313188416,2e-06,0.0043869779803838,130836113,3100.045
chr8,130841789,130842289,genic|chr8:130841789-130842289,genic,MYC,127736068,False,1e-06,0.0037717838522667,1e-06,0.0038950452505459,130842039,3105.971
chr8,130847543,130848043,genic|chr8:130847543-130848043,genic,MYC,127736068,False,1.4e-05,0.0046992728050829,1.1e-05,0.0046759501313637,130847793,3111.725
chr8,130851729,130852708,genic|chr8:130851729-130852708,genic,MYC,127736068,False,3.4e-05,0.0045404722823657,1.8e-05,0.0045820141951174,130852218,3116.15
chr8,130880437,130881233,genic|chr8:130880437-130881233,genic,MYC,127736068,False,6e-06,0.0044731423873953,5.7e-05,0.0047225335820962,130880835,3144.767
chr8,130881533,130882033,genic|chr8:130881533-130882033,genic,MYC,127736068,False,3e-06,0.0046108804665541,1.9e-05,0.0048908788442888,130881783,3145.715
chr8,130890425,130890925,genic|chr8:130890425-130890925,genic,MYC,127736068,False,1e-06,0.0043586763162935,2e-06,0.0044442830928596,130890675,3154.607
chr8,130893021,130893521,genic|chr8:130893021-130893521,genic,MYC,127736068,False,1e-06,0.0043526272615979,1e-06,0.0044947849032822,130893271,3157.203
chr8,130904494,130904994,genic|chr8:130904494-130904994,genic,MYC,127736068,False,7e-06,0.0045425494441613,7.1e-05,0.0048153407512883,130904744,3168.676
chr8,130905132,130905632,genic|chr8:130905132-130905632,genic,MYC,127736068,False,4e-06,0.0046428376546671,5.3e-05,0.0051524682282226,130905382,3169.314
chr8,130917465,130917965,genic|chr8:130917465-130917965,genic,MYC,127736068,False,1e-06,0.0045369341451297,1.7e-05,0.0048911046435101,130917715,3181.647
chr8,130919665,130920165,genic|chr8:130919665-130920165,genic,MYC,127736068,False,1e-06,0.004542243743407,2e-05,0.0048864803238781,130919915,3183.847
chr8,130920482,130920982,genic|chr8:130920482-130920982,genic,MYC,127736068,False,2e-06,0.0044937603727801,2e-06,0.0046977328329804,130920732,3184.664
chr8,130921851,130922351,genic|chr8:130921851-130922351,genic,MYC,127736068,False,1e-06,0.0045512774808956,1e-06,0.0047291165425985,130922101,3186.033
chr8,130935753,130936674,genic|chr8:130935753-130936674,genic,MYC,127736068,False,1e-06,0.004301308974324,3e-06,0.0044436848624497,130936213,3200.145
chr8,130937808,130938308,genic|chr8:130937808-130938308,genic,MYC,127736068,False,1e-06,0.0045333556162779,1e-06,0.0047283546559968,130938058,3201.99
chr8,130942256,130942756,genic|chr8:130942256-130942756,genic,MYC,127736068,False,2e-06,0.0045095413787926,2e-06,0.004702031218786,130942506,3206.438
chr8,130945278,130945778,genic|chr8:130945278-130945778,genic,MYC,127736068,False,1e-06,0.0045814061586696,1.9e-05,0.0049195275309923,130945528,3209.46
chr8,130946238,130946738,genic|chr8:130946238-130946738,genic,MYC,127736068,False,1e-06,0.0045973611015278,1.4e-05,0.0049362659532119,130946488,3210.42
chr8,130950296,130950796,genic|chr8:130950296-130950796,genic,MYC,127736068,False,1e-06,0.0044614175981651,1.6e-05,0.0048489003386683,130950546,3214.478
chr8,130962538,130963038,genic|chr8:130962538-130963038,genic,MYC,127736068,False,1.1e-05,0.0045562349055896,2e-06,0.0045552620678403,130962788,3226.72
chr8,130963773,130964273,genic|chr8:130963773-130964273,genic,MYC,127736068,False,1.1e-05,0.0045646490267064,2e-06,0.0045637157351014,130964023,3227.955
chr8,130989056,130989556,genic|chr8:130989056-130989556,genic,MYC,127736068,False,1e-06,0.0043655171695623,1.6e-05,0.004727052180347,130989306,3253.238
chr8,130990420,130990920,genic|chr8:130990420-130990920,genic,MYC,127736068,False,1e-06,0.0044272981715034,2e-06,0.0045728542465896,130990670,3254.602
chr8,131001583,131002083,genic|chr8:131001583-131002083,genic,MYC,127736068,False,1e-06,0.0038459124623688,1e-06,0.0039715867161907,131001833,3265.765
chr8,131009149,131009649,genic|chr8:131009149-131009649,genic,MYC,127736068,False,1e-06,0.0044657856723182,1.1e-05,0.0046566128955032,131009399,3273.331
chr8,131013419,131013919,genic|chr8:131013419-131013919,genic,MYC,127736068,False,2e-06,0.0043503634602895,1e-06,0.0044914936279244,131013669,3277.601
chr8,131019255,131019755,genic|chr8:131019255-131019755,genic,MYC,127736068,False,1e-06,0.0044137464949285,2e-06,0.00465375135405,131019505,3283.437
chr8,131020058,131020994,genic|chr8:131020058-131020994,genic,MYC,127736068,False,1e-06,0.0044043021905157,2.6e-05,0.0047995278302714,131020526,3284.458
chr8,131025969,131026469,genic|chr8:131025969-131026469,genic,MYC,127736068,False,2e-06,0.0046423839630268,1e-06,0.0047929419655408,131026219,3290.151
chr8,131028419,131029172,genic|chr8:131028419-131029172,genic,MYC,127736068,False,4e-06,0.0045104034325309,6e-06,0.0045647961449491,131028795,3292.727
chr8,131036850,131037350,genic|chr8:131036850-131037350,genic,MYC,127736068,False,3e-06,0.0045186983466419,5e-06,0.0046685148250678,131037100,3301.032
chr8,131040339,131040839,promoter|chr8:131040339-131040839,promoter,MYC,127736068,False,2e-06,0.0106139590493511,3e-06,0.0109606741543814,131040589,3304.521
chr8,131058537,131059037,intergenic|chr8:131058537-131059037,intergenic,MYC,127736068,False,1e-06,0.0036073534487376,1.6e-05,0.003858477593326,131058787,3322.719
chr8,131067657,131068157,intergenic|chr8:131067657-131068157,intergenic,MYC,127736068,False,1e-06,0.0041399806580416,1.2e-05,0.0044838674878837,131067907,3331.839
chr8,131072536,131073036,intergenic|chr8:131072536-131073036,intergenic,MYC,127736068,False,1e-06,0.0041192473087317,2e-06,0.0042006589066458,131072786,3336.718
chr8,131084387,131084887,intergenic|chr8:131084387-131084887,intergenic,MYC,127736068,False,1e-06,0.0036155634605728,2e-06,0.003734532279533,131084637,3348.569
chr8,131111045,131111545,intergenic|chr8:131111045-131111545,intergenic,MYC,127736068,False,1e-06,0.0036165506803428,2.5e-05,0.0040328774371478,131111295,3375.227
chr8,131117409,131117909,intergenic|chr8:131117409-131117909,intergenic,MYC,127736068,False,1e-06,0.003619567528933,3e-05,0.0040430371202486,131117659,3381.591
chr8,131126232,131126732,intergenic|chr8:131126232-131126732,intergenic,MYC,127736068,False,1e-06,0.0041780566932145,2.6e-05,0.0045350908277551,131126482,3390.414
chr8,131130593,131131093,intergenic|chr8:131130593-131131093,intergenic,MYC,127736068,False,1.6e-05,0.0045351637438916,2e-06,0.0045240205892781,131130843,3394.775
chr8,131133231,131133731,intergenic|chr8:131133231-131133731,intergenic,MYC,127736068,False,9e-06,0.0045043156014473,2e-06,0.0044466974950354,131133481,3397.413
chr8,131135560,131136060,intergenic|chr8:131135560-131136060,intergenic,MYC,127736068,False,2e-06,0.0042617486421224,2.7e-05,0.0048031553785658,131135810,3399.742
chr8,131152838,131153625,intergenic|chr8:131152838-131153625,intergenic,MYC,127736068,False,2e-06,0.0043220190683877,3e-06,0.0043930846021413,131153231,3417.163
chr8,131153932,131154800,intergenic|chr8:131153932-131154800,intergenic,MYC,127736068,False,3e-06,0.0042608065639211,3e-06,0.0043999785766967,131154366,3418.298
chr8,131162733,131163233,intergenic|chr8:131162733-131163233,intergenic,MYC,127736068,False,1e-06,0.0036401349157648,2.9e-05,0.003922497556013,131162983,3426.915
chr8,131169599,131170099,intergenic|chr8:131169599-131170099,intergenic,MYC,127736068,False,9e-06,0.0043714086470659,2e-06,0.0042736108732341,131169849,3433.781
chr8,131174820,131175320,intergenic|chr8:131174820-131175320,intergenic,MYC,127736068,False,1e-06,0.0041182188628938,1.3e-05,0.004516418486089,131175070,3439.002
chr8,131188593,131189093,intergenic|chr8:131188593-131189093,intergenic,MYC,127736068,False,1.3e-05,0.0036577330037254,2.4e-05,0.0037861061502145,131188843,3452.775
chr8,131201122,131201622,intergenic|chr8:131201122-131201622,intergenic,MYC,127736068,False,1e-06,0.0041948768456406,1e-06,0.0043649274481193,131201372,3465.304
chr8,131202351,131202851,intergenic|chr8:131202351-131202851,intergenic,MYC,127736068,False,1e-06,0.0041543859053846,2e-06,0.0042910081290383,131202601,3466.533
chr8,131207846,131208346,intergenic|chr8:131207846-131208346,intergenic,MYC,127736068,False,1e-06,0.0041984445720837,1.5e-05,0.0044556118996335,131208096,3472.028
chr8,131208927,131209427,intergenic|chr8:131208927-131209427,intergenic,MYC,127736068,False,1e-06,0.0041888964959024,1.2e-05,0.0045002011658271,131209177,3473.109
chr8,131218522,131219717,intergenic|chr8:131218522-131219717,intergenic,MYC,127736068,False,2.8e-05,0.0036842933051112,0.001018,0.0049899068420336,131219119,3483.051
chr8,131226956,131227456,intergenic|chr8:131226956-131227456,intergenic,MYC,127736068,False,2e-06,0.0043879429796622,1e-06,0.0044484514864475,131227206,3491.138
chr8,131229780,131230280,intergenic|chr8:131229780-131230280,intergenic,MYC,127736068,False,2e-06,0.0043980568493822,1e-06,0.0044341066224172,131230030,3493.962
chr8,131231061,131231561,intergenic|chr8:131231061-131231561,intergenic,MYC,127736068,False,2e-06,0.0043919880288115,2e-06,0.0044144273048706,131231311,3495.243
chr8,131239497,131239997,intergenic|chr8:131239497-131239997,intergenic,MYC,127736068,False,1e-06,0.0042824627736944,2e-06,0.0043867196693492,131239747,3503.679
chr8,131244000,131244500,intergenic|chr8:131244000-131244500,intergenic,MYC,127736068,False,2e-05,0.0045821232084451,2e-06,0.0045679591164905,131244250,3508.182
chr8,131245752,131246252,intergenic|chr8:131245752-131246252,intergenic,MYC,127736068,False,2e-06,0.0045831160715812,7.1e-05,0.0051640857313359,131246002,3509.934
chr8,131250043,131251004,intergenic|chr8:131250043-131251004,intergenic,MYC,127736068,False,8e-06,0.0043184582352635,0.000689,0.0061640084532459,131250523,3514.455
chr8,131275621,131276121,intergenic|chr8:131275621-131276121,intergenic,MYC,127736068,False,1e-06,0.0036860706162619,2.5e-05,0.0039593603349843,131275871,3539.803
chr8,131280907,131281407,intergenic|chr8:131280907-131281407,intergenic,MYC,127736068,False,1e-06,0.0036891083828568,1e-06,0.0038096782897601,131281157,3545.089
chr8,131288577,131289077,intergenic|chr8:131288577-131289077,intergenic,MYC,127736068,False,1.7e-05,0.0038583587307544,2e-05,0.0039620005785771,131288827,3552.759
chr8,131295289,131295789,intergenic|chr8:131295289-131295789,intergenic,MYC,127736068,False,1e-06,0.0036948049144372,2e-06,0.0038163711580582,131295539,3559.471
chr8,131307964,131308464,intergenic|chr8:131307964-131308464,intergenic,MYC,127736068,False,2e-06,0.0036977160205313,1.1e-05,0.0039700589331231,131308214,3572.146
chr8,131317230,131317730,intergenic|chr8:131317230-131317730,intergenic,MYC,127736068,False,1e-06,0.0042324728734307,1e-06,0.0044039397064029,131317480,3581.412
chr8,131320018,131320518,intergenic|chr8:131320018-131320518,intergenic,MYC,127736068,False,1e-06,0.0042429770739963,2e-06,0.0043265436258833,131320268,3584.2
chr8,131332087,131332587,intergenic|chr8:131332087-131332587,intergenic,MYC,127736068,False,1e-06,0.004292454942536,1.4e-05,0.0046430529244316,131332337,3596.269
chr8,131333622,131334122,intergenic|chr8:131333622-131334122,intergenic,MYC,127736068,False,1e-06,0.0043149358132961,1.1e-05,0.0046612436914958,131333872,3597.804
chr8,131336834,131337334,intergenic|chr8:131336834-131337334,intergenic,MYC,127736068,False,1e-06,0.0044653149052542,1e-06,0.0046132201558196,131337084,3601.016
chr8,131339503,131340003,intergenic|chr8:131339503-131340003,intergenic,MYC,127736068,False,1e-06,0.0043636610181471,2e-06,0.0044812464339158,131339753,3603.685
chr8,131340670,131341170,intergenic|chr8:131340670-131341170,intergenic,MYC,127736068,False,1e-06,0.0043205009625577,1e-06,0.0045404112510195,131340920,3604.852
chr8,131352881,131353699,intergenic|chr8:131352881-131353699,intergenic,MYC,127736068,False,2e-06,0.0043272228803226,1.5e-05,0.0047157215425409,131353290,3617.222
chr8,131357077,131357843,intergenic|chr8:131357077-131357843,intergenic,MYC,127736068,False,2e-06,0.0043938190698013,3e-06,0.0044087074554171,131357460,3621.392
chr8,131366551,131367051,intergenic|chr8:131366551-131367051,intergenic,MYC,127736068,False,1e-06,0.0045281086927449,6.3e-05,0.0052855860761595,131366801,3630.733
chr8,131368510,131369010,intergenic|chr8:131368510-131369010,intergenic,MYC,127736068,False,1e-06,0.0045439521472889,4.7e-05,0.0052886993499167,131368760,3632.692
chr8,131369189,131369955,intergenic|chr8:131369189-131369955,intergenic,MYC,127736068,False,2e-06,0.0044783959526166,8.1e-05,0.0052937059079817,131369572,3633.504
chr8,131371221,131371721,intergenic|chr8:131371221-131371721,intergenic,MYC,127736068,False,2e-06,0.0045094001164977,1e-06,0.004640214673459,131371471,3635.403
chr8,131378951,131379451,intergenic|chr8:131378951-131379451,intergenic,MYC,127736068,False,1e-06,0.0037390511720982,3.2e-05,0.004171307798234,131379201,3643.133
chr8,131389052,131389552,intergenic|chr8:131389052-131389552,intergenic,MYC,127736068,False,1e-06,0.0042413684807735,1e-06,0.0043799083743191,131389302,3653.234
chr8,131390089,131390589,intergenic|chr8:131390089-131390589,intergenic,MYC,127736068,False,1e-06,0.0042432323363105,2.1e-05,0.0047667709349302,131390339,3654.271
chr8,131411317,131411817,intergenic|chr8:131411317-131411817,intergenic,MYC,127736068,False,1e-06,0.0042564287050584,2e-06,0.0044534675999469,131411567,3675.499
chr8,131414071,131414571,intergenic|chr8:131414071-131414571,intergenic,MYC,127736068,False,1e-06,0.0043111442943042,2e-06,0.0044868547883711,131414321,3678.253
chr8,131422022,131422522,intergenic|chr8:131422022-131422522,intergenic,MYC,127736068,False,1e-06,0.0037521238466322,3.2e-05,0.0041834826855309,131422272,3686.204
chr8,131433693,131434193,intergenic|chr8:131433693-131434193,intergenic,MYC,127736068,False,1e-06,0.0037544798328064,3e-06,0.0038788258622317,131433943,3697.875
chr8,131444716,131445216,intergenic|chr8:131444716-131445216,intergenic,MYC,127736068,False,1e-06,0.0037567030764466,1e-06,0.003879473556153,131444966,3708.898
chr8,131453028,131453528,intergenic|chr8:131453028-131453528,intergenic,MYC,127736068,False,1e-06,0.0037593720668253,2e-06,0.0038830544152232,131453278,3717.21
chr8,131459286,131459786,intergenic|chr8:131459286-131459786,intergenic,MYC,127736068,False,1e-06,0.0037622315151877,2e-06,0.0038860075717256,131459536,3723.468
chr8,131478575,131479075,intergenic|chr8:131478575-131479075,intergenic,MYC,127736068,False,1e-06,0.0044891208733549,9e-06,0.0048719821709397,131478825,3742.757
chr8,131481406,131481906,intergenic|chr8:131481406-131481906,intergenic,MYC,127736068,False,1e-06,0.0045198560389319,3e-06,0.0046863617893143,131481656,3745.588
chr8,131483681,131484181,intergenic|chr8:131483681-131484181,intergenic,MYC,127736068,False,1e-06,0.0045235688797206,3e-06,0.004690165161255,131483931,3747.863
chr8,131485289,131485789,intergenic|chr8:131485289-131485789,intergenic,MYC,127736068,False,1e-06,0.0045630176882816,1e-06,0.0047497827289154,131485539,3749.471
chr8,131489175,131489675,intergenic|chr8:131489175-131489675,intergenic,MYC,127736068,False,1e-06,0.0043342588953741,1e-06,0.0044758193195391,131489425,3753.357
chr8,131494737,131495237,intergenic|chr8:131494737-131495237,intergenic,MYC,127736068,False,1e-06,0.0043265161128954,1e-06,0.0045017922107108,131494987,3758.919
chr8,131498141,131498641,intergenic|chr8:131498141-131498641,intergenic,MYC,127736068,False,1.2e-05,0.0045099110285392,1.8e-05,0.0046352336091678,131498391,3762.323
chr8,131503557,131504057,intergenic|chr8:131503557-131504057,intergenic,MYC,127736068,False,1e-06,0.0037853423310862,2e-06,0.0039098757410593,131503807,3767.739
chr8,131510485,131510985,intergenic|chr8:131510485-131510985,intergenic,MYC,127736068,False,1e-06,0.0037881106403725,3.5e-05,0.0042168714800878,131510735,3774.667
chr8,131525050,131525550,intergenic|chr8:131525050-131525550,intergenic,MYC,127736068,False,1.6e-05,0.0039641946083788,3.4e-05,0.0042158006175048,131525300,3789.232
chr8,131539994,131540494,intergenic|chr8:131539994-131540494,intergenic,MYC,127736068,False,1e-06,0.0043935464569583,2e-06,0.0045379979365014,131540244,3804.176
chr8,131541823,131542323,intergenic|chr8:131541823-131542323,intergenic,MYC,127736068,False,1e-06,0.0042911600163108,2e-06,0.0045236941684259,131542073,3806.005
chr8,131552995,131553495,intergenic|chr8:131552995-131553495,intergenic,MYC,127736068,False,1e-06,0.0037975867685241,2.7e-05,0.0041185063691428,131553245,3817.177
chr8,131562833,131563333,intergenic|chr8:131562833-131563333,intergenic,MYC,127736068,False,1e-06,0.0038000728084516,1e-06,0.0039242550444555,131563083,3827.015
chr8,131584304,131585035,intergenic|chr8:131584304-131585035,intergenic,MYC,127736068,False,3e-06,0.003803090649742,4e-06,0.0039282054897313,131584669,3848.601
chr8,131625683,131626183,intergenic|chr8:131625683-131626183,intergenic,MYC,127736068,False,1e-06,0.0044017744136006,1e-06,0.0045324307592418,131625933,3889.865
chr8,131628801,131629301,intergenic|chr8:131628801-131629301,intergenic,MYC,127736068,False,1e-06,0.0044371470911275,2e-06,0.0045515699368761,131629051,3892.983
chr8,131631071,131631571,intergenic|chr8:131631071-131631571,intergenic,MYC,127736068,False,1e-06,0.0044090305833709,1e-06,0.0045399013292489,131631321,3895.253
chr8,131663320,131664237,intergenic|chr8:131663320-131664237,intergenic,MYC,127736068,False,4e-06,0.0038098278960638,4e-06,0.0039343276587032,131663778,3927.71
chr8,131682816,131683316,intergenic|chr8:131682816-131683316,intergenic,MYC,127736068,False,1e-06,0.0042906034362262,1e-06,0.0044307443825115,131683066,3946.998
chr8,131684588,131685088,intergenic|chr8:131684588-131685088,intergenic,MYC,127736068,False,1e-06,0.0043124962670266,1e-06,0.0044533490851859,131684838,3948.77
chr8,131710847,131711347,intergenic|chr8:131710847-131711347,intergenic,MYC,127736068,False,1e-06,0.0045093343865652,2e-06,0.0047079024252723,131711097,3975.029
chr8,131711560,131712060,intergenic|chr8:131711560-131712060,intergenic,MYC,127736068,False,1e-06,0.0045201211631238,2e-06,0.0046989742210358,131711810,3975.742
chr8,131715528,131716028,intergenic|chr8:131715528-131716028,intergenic,MYC,127736068,False,1e-06,0.0045367686446455,1.9e-05,0.004914944758604,131715778,3979.71
chr8,131727854,131728354,intergenic|chr8:131727854-131728354,intergenic,MYC,127736068,False,1e-06,0.0038215929485334,1e-06,0.0039464756532865,131728104,3992.036
chr8,131754645,131755145,intergenic|chr8:131754645-131755145,intergenic,MYC,127736068,False,1e-06,0.0038225588063515,1e-06,0.0039474729485108,131754895,4018.827
chr8,131784089,131784589,intergenic|chr8:131784089-131784589,intergenic,MYC,127736068,False,1e-06,0.0038231056472388,1e-06,0.0039480375883244,131784339,4048.271
chr8,131794822,131795586,intergenic|chr8:131794822-131795586,intergenic,MYC,127736068,False,2e-06,0.0038263002602362,4.2e-05,0.0041317295572644,131795204,4059.136
chr8,131804143,131804643,intergenic|chr8:131804143-131804643,intergenic,MYC,127736068,False,2e-06,0.0038288274269826,5e-06,0.0039564661253913,131804393,4068.325
chr8,131810758,131811258,intergenic|chr8:131810758-131811258,intergenic,MYC,127736068,False,1e-06,0.0045103099656091,1e-06,0.0046440639724179,131811008,4074.94
chr8,131812462,131812962,intergenic|chr8:131812462-131812962,intergenic,MYC,127736068,False,2e-06,0.0046656935497232,2e-06,0.0048445795740195,131812712,4076.644
chr8,131816333,131817321,intergenic|chr8:131816333-131817321,intergenic,MYC,127736068,False,3e-06,0.0045904382338107,6e-06,0.0047342774377254,131816827,4080.759
chr8,131818547,131819047,intergenic|chr8:131818547-131819047,intergenic,MYC,127736068,False,1e-06,0.0046177399955697,1e-06,0.0048250741768956,131818797,4082.729
chr8,131828801,131829301,intergenic|chr8:131828801-131829301,intergenic,MYC,127736068,False,2e-06,0.0044431350606671,4e-06,0.004555496794199,131829051,4092.983
chr8,131833948,131834448,intergenic|chr8:131833948-131834448,intergenic,MYC,127736068,False,1e-06,0.0046421656721761,1e-06,0.0048372810818676,131834198,4098.13
chr8,131835146,131835646,intergenic|chr8:131835146-131835646,intergenic,MYC,127736068,False,2e-06,0.004450146876651,6.2e-05,0.0049484106810818,131835396,4099.328
chr8,131841657,131842528,intergenic|chr8:131841657-131842528,intergenic,MYC,127736068,False,0.000249,0.0054696886605302,0.001549,0.0078659807975727,131842092,4106.024
chr8,131843013,131843513,intergenic|chr8:131843013-131843513,intergenic,MYC,127736068,False,0.00019,0.0054431278605239,0.000946,0.0071121349117389,131843263,4107.195
chr8,131845267,131845767,intergenic|chr8:131845267-131845767,intergenic,MYC,127736068,False,1.1e-05,0.0051186250875864,0.000604,0.0065988270174393,131845517,4109.449
chr8,131851096,131851596,intergenic|chr8:131851096-131851596,intergenic,MYC,127736068,False,1e-06,0.0038601508208598,6.7e-05,0.004513925395736,131851346,4115.278
chr8,131856652,131857527,intergenic|chr8:131856652-131857527,intergenic,MYC,127736068,False,4.7e-05,0.0050041800494687,0.003343,0.0107376580249661,131857089,4121.021
chr8,131857950,131858450,intergenic|chr8:131857950-131858450,intergenic,MYC,127736068,False,1.1e-05,0.0051842630312674,0.000892,0.007259263742212,131858200,4122.132
chr8,131859459,131859959,intergenic|chr8:131859459-131859959,intergenic,MYC,127736068,False,7e-06,0.0051954798477388,0.000617,0.0069001040214494,131859709,4123.641
chr8,131890511,131891846,intergenic|chr8:131890511-131891846,intergenic,MYC,127736068,False,1.1e-05,0.0038778675401888,0.000167,0.00428887895788,131891178,4155.11
chr8,131896376,131896876,intergenic|chr8:131896376-131896876,intergenic,MYC,127736068,False,2e-06,0.0048885331586633,4.3e-05,0.0052703080579237,131896626,4160.558
chr8,131897763,131898263,intergenic|chr8:131897763-131898263,intergenic,MYC,127736068,False,1e-06,0.0045353010614682,1.4e-05,0.0049581469701752,131898013,4161.945
chr8,131903817,131904569,promoter|chr8:131903817-131904569,promoter,MYC,127736068,False,2.2e-05,0.0109748868070299,0.000834,0.014476961832383,131904193,4168.125
chr8,131904609,131905321,genic|chr8:131904609-131905321,genic,MYC,127736068,False,1.1e-05,0.0047085321719013,0.000419,0.0057324677688586,131904965,4168.897
chr8,131912796,131913506,genic|chr8:131912796-131913506,genic,MYC,127736068,False,4e-06,0.0045025451013453,5e-06,0.004646996043682,131913151,4177.083
chr8,131913595,131914095,genic|chr8:131913595-131914095,genic,MYC,127736068,False,2e-06,0.0045504333399704,3e-06,0.0046935025223338,131913845,4177.777
chr8,131916105,131916964,genic|chr8:131916105-131916964,genic,MYC,127736068,False,5e-06,0.004522036703101,7e-06,0.0046650062762683,131916534,4180.466
chr8,131920847,131921347,genic|chr8:131920847-131921347,genic,MYC,127736068,False,1e-06,0.0045194826876126,2e-06,0.0047090883867826,131921097,4185.029
chr8,131922512,131923012,genic|chr8:131922512-131923012,genic,MYC,127736068,False,1e-06,0.0043624251879155,3e-06,0.0045522889010844,131922762,4186.694
chr8,131924507,131925007,genic|chr8:131924507-131925007,genic,MYC,127736068,False,2e-06,0.0043070766455163,3e-06,0.0045520501892284,131924757,4188.689
chr8,131934131,131934631,genic|chr8:131934131-131934631,genic,MYC,127736068,False,2e-06,0.0036526879099355,2e-06,0.0037720720051816,131934381,4198.313
chr8,131966859,131967359,genic|chr8:131966859-131967359,genic,MYC,127736068,False,1e-06,0.0036521275545727,2e-06,0.0037722949469082,131967109,4231.041
chr8,131997548,131998048,genic|chr8:131997548-131998048,genic,MYC,127736068,False,1e-06,0.004197075382519,2.1e-05,0.0045764754388567,131997798,4261.73
chr8,131999605,132000105,genic|chr8:131999605-132000105,genic,MYC,127736068,False,1e-06,0.0042328130993648,2.4e-05,0.0045642006450177,131999855,4263.787
chr8,132008419,132008919,genic|chr8:132008419-132008919,genic,MYC,127736068,False,1e-06,0.0043500983969619,1e-06,0.0044735712067074,132008669,4272.601
chr8,132010022,132010841,genic|chr8:132010022-132010841,genic,MYC,127736068,False,2e-06,0.0042853511576058,2.9e-05,0.0046360559168364,132010431,4274.363
chr8,132013572,132014072,genic|chr8:132013572-132014072,genic,MYC,127736068,False,1e-06,0.0044647084506584,1.1e-05,0.0048108260771306,132013822,4277.754
chr8,132018031,132018983,intergenic|chr8:132018031-132018983,intergenic,MYC,127736068,False,2e-06,0.0041932557996763,3e-06,0.004275951848424,132018507,4282.439
chr8,132028805,132029305,genic|chr8:132028805-132029305,genic,MYC,127736068,False,1e-06,0.0041651004456918,2.3e-05,0.0045858079184025,132029055,4292.987
chr8,132032677,132033177,genic|chr8:132032677-132033177,genic,MYC,127736068,False,1e-06,0.0042286820210904,2e-06,0.0044010845213508,132032927,4296.859
chr8,132044207,132044707,genic|chr8:132044207-132044707,genic,MYC,127736068,False,1e-06,0.0042211788718563,2.8e-05,0.0045535555145962,132044457,4308.389
chr8,132045771,132046271,genic|chr8:132045771-132046271,genic,MYC,127736068,False,1e-06,0.0042297588343627,1e-06,0.0044438008960337,132046021,4309.953
chr8,132051834,132052334,genic|chr8:132051834-132052334,genic,MYC,127736068,False,4e-06,0.0043453952077326,8.3e-05,0.0048451552234977,132052084,4316.016
chr8,132055381,132055881,genic|chr8:132055381-132055881,genic,MYC,127736068,False,2e-06,0.0045920557611008,5e-06,0.0047431407378143,132055631,4319.563
chr8,132057651,132058151,genic|chr8:132057651-132058151,genic,MYC,127736068,False,3e-06,0.0044910062973833,3e-06,0.004695858628541,132057901,4321.833
chr8,132059130,132059630,promoter|chr8:132059130-132059630,promoter,MYC,127736068,False,1e-06,0.0107057846252773,2e-06,0.0110732917049102,132059380,4323.312
chr8,132062705,132063205,genic|chr8:132062705-132063205,genic,MYC,127736068,False,1e-06,0.0042303790407972,4.1e-05,0.0046794236797214,132062955,4326.887
chr8,132076714,132077214,genic|chr8:132076714-132077214,genic,MYC,127736068,False,1e-06,0.0040190838263222,1e-06,0.0041189839970561,132076964,4340.896
chr8,132078079,132078579,genic|chr8:132078079-132078579,genic,MYC,127736068,False,1e-06,0.0039334741395011,1e-06,0.0040619980100878,132078329,4342.261
chr8,132086152,132086652,genic|chr8:132086152-132086652,genic,MYC,127736068,False,1e-06,0.0039724520720477,1.3e-05,0.0042723487068359,132086402,4350.334
chr8,132091109,132091609,genic|chr8:132091109-132091609,genic,MYC,127736068,False,1.3e-05,0.0043064318162181,1e-06,0.0042002217208288,132091359,4355.291
chr8,132096069,132096569,genic|chr8:132096069-132096569,genic,MYC,127736068,False,1e-06,0.0041562252662045,1e-06,0.0043155129349822,132096319,4360.251
chr8,132097445,132097945,genic|chr8:132097445-132097945,genic,MYC,127736068,False,2e-06,0.0041251899834985,3e-06,0.0042124373177121,132097695,4361.627
chr8,132102068,132102568,genic|chr8:132102068-132102568,genic,MYC,127736068,False,1e-06,0.0042472759833395,1e-06,0.0043567908749662,132102318,4366.25
chr8,132104938,132105515,promoter|chr8:132104938-132105515,promoter,MYC,127736068,False,3e-06,0.0100658581635081,2.8e-05,0.0106337637360345,132105226,4369.158
chr8,132120286,132120786,intergenic|chr8:132120286-132120786,intergenic,MYC,127736068,False,6e-06,0.003297424403231,0.000134,0.0036286843689159,132120536,4384.468
chr8,132126858,132127358,genic|chr8:132126858-132127358,genic,MYC,127736068,False,1e-06,0.0032961078169082,2e-06,0.0034046009800607,132127108,4391.04
chr8,132140278,132141744,genic|chr8:132140278-132141744,genic,MYC,127736068,False,5e-06,0.0039215907095099,0.000318,0.0047502522248095,132141011,4404.943
chr8,132144832,132145332,genic|chr8:132144832-132145332,genic,MYC,127736068,False,2e-06,0.0040565145816497,2e-06,0.004211485613329,132145082,4409.014
chr8,132154142,132154642,genic|chr8:132154142-132154642,genic,MYC,127736068,False,1e-06,0.0033021263561688,1.6e-05,0.0035663691635827,132154392,4418.324
chr8,132172156,132172656,genic|chr8:132172156-132172656,genic,MYC,127736068,False,1e-06,0.0039884683388499,1.1e-05,0.0042623654849296,132172406,4436.338
chr8,132173060,132173560,genic|chr8:132173060-132173560,genic,MYC,127736068,False,2e-06,0.0039678767838322,1.7e-05,0.0042529286019975,132173310,4437.242
chr8,132174607,132175107,genic|chr8:132174607-132175107,genic,MYC,127736068,False,1e-06,0.0039955674006795,1.9e-05,0.0042508286154208,132174857,4438.789
chr8,132175268,132175768,genic|chr8:132175268-132175768,genic,MYC,127736068,False,1e-06,0.0040012102700008,1.7e-05,0.0042418441106473,132175518,4439.45
chr8,132183375,132183875,genic|chr8:132183375-132183875,genic,MYC,127736068,False,1e-06,0.0038050460328407,1e-06,0.0038790974165143,132183625,4447.557
chr8,132185655,132186155,genic|chr8:132185655-132186155,genic,MYC,127736068,False,1e-06,0.0038023506107855,1.3e-05,0.0041040550443236,132185905,4449.837
chr8,132191705,132192469,genic|chr8:132191705-132192469,genic,MYC,127736068,False,3e-06,0.0038122107310696,4e-06,0.0039891662616642,132192087,4456.019
chr8,132193803,132194303,genic|chr8:132193803-132194303,genic,MYC,127736068,False,1e-06,0.0040544486333065,2e-06,0.0041388582953311,132194053,4457.985
chr8,132198793,132199293,genic|chr8:132198793-132199293,genic,MYC,127736068,False,1e-06,0.0038160474614891,1e-06,0.0039923322531574,132199043,4462.975
chr8,132215442,132215942,genic|chr8:132215442-132215942,genic,MYC,127736068,False,2.5e-05,0.0034814679599515,3e-05,0.0035794356483454,132215692,4479.624
chr8,132224161,132224661,genic|chr8:132224161-132224661,genic,MYC,127736068,False,1e-06,0.0033259596129012,2e-06,0.0034354319772114,132224411,4488.343
chr8,132230415,132230915,genic|chr8:132230415-132230915,genic,MYC,127736068,False,1e-06,0.0033279662162699,1.1e-05,0.0035678169891937,132230665,4494.597
chr8,132255483,132255983,genic|chr8:132255483-132255983,genic,MYC,127736068,False,1e-06,0.0033288480462538,3e-05,0.0038312438622409,132255733,4519.665
chr8,132263761,132264261,genic|chr8:132263761-132264261,genic,MYC,127736068,False,1e-06,0.0037721628528903,1e-06,0.0039458880859393,132264011,4527.943
chr8,132266488,132266988,genic|chr8:132266488-132266988,genic,MYC,127736068,False,1e-06,0.003968922622714,1e-06,0.0040790356322401,132266738,4530.67
chr8,132269623,132270123,genic|chr8:132269623-132270123,genic,MYC,127736068,False,1e-06,0.003895547230612,1e-06,0.0040255034256955,132269873,4533.805
chr8,132271523,132272023,genic|chr8:132271523-132272023,genic,MYC,127736068,False,1e-06,0.0039538998676068,1e-06,0.0041282462323509,132271773,4535.705
chr8,132275880,132276380,genic|chr8:132275880-132276380,genic,MYC,127736068,False,1e-06,0.003931139668585,1e-06,0.0040375509151256,132276130,4540.062
chr8,132279495,132279995,genic|chr8:132279495-132279995,genic,MYC,127736068,False,1e-06,0.003909772869989,1e-06,0.0040562065327464,132279745,4543.677
chr8,132282015,132282515,genic|chr8:132282015-132282515,genic,MYC,127736068,False,1e-06,0.0038470557687876,1e-06,0.0039727672338448,132282265,4546.197
chr8,132293393,132293893,genic|chr8:132293393-132293893,genic,MYC,127736068,False,1e-06,0.003347011990947,1e-06,0.0034564400630735,132293643,4557.575
chr8,132299727,132300557,genic|chr8:132299727-132300557,genic,MYC,127736068,False,1e-06,0.0033491525858813,2e-06,0.0034593856861075,132300142,4564.074
chr8,132307000,132307500,genic|chr8:132307000-132307500,genic,MYC,127736068,False,1e-06,0.0038561915679828,2e-06,0.0040522673917334,132307250,4571.182
chr8,132311570,132312070,genic|chr8:132311570-132312070,genic,MYC,127736068,False,1e-06,0.0039510111196318,2e-06,0.004151241386075,132311820,4575.752
chr8,132316050,132316550,genic|chr8:132316050-132316550,genic,MYC,127736068,False,1e-06,0.0040323539932851,2e-06,0.0041996513332169,132316300,4580.232
chr8,132317173,132317673,genic|chr8:132317173-132317673,genic,MYC,127736068,False,1e-06,0.0040369553667388,1e-06,0.0042236092071965,132317423,4581.355
chr8,132320505,132321005,genic|chr8:132320505-132321005,genic,MYC,127736068,False,1e-06,0.0040287824218106,2e-06,0.0042122838113371,132320755,4584.687
chr8,132321338,132321838,genic|chr8:132321338-132321838,genic,MYC,127736068,False,1e-06,0.0039828079150523,2e-06,0.0041266069151766,132321588,4585.52
chr8,132346174,132346674,genic|chr8:132346174-132346674,genic,MYC,127736068,False,1e-06,0.0039837636994258,4e-06,0.0040850509637029,132346424,4610.356
chr8,132349234,132350220,genic|chr8:132349234-132350220,genic,MYC,127736068,False,2e-06,0.0039909899705765,2e-06,0.0042315880768521,132349727,4613.659
chr8,132353818,132354318,genic|chr8:132353818-132354318,genic,MYC,127736068,False,1e-06,0.0039892213291041,2.4e-05,0.004287218393692,132354068,4618.0
chr8,132367508,132368008,genic|chr8:132367508-132368008,genic,MYC,127736068,False,1e-06,0.0033700998144932,1e-06,0.0034802800899951,132367758,4631.69
chr8,132393951,132394451,genic|chr8:132393951-132394451,genic,MYC,127736068,False,1e-06,0.0040067324826785,1e-06,0.0041376400817238,132394201,4658.133
chr8,132395792,132396583,genic|chr8:132395792-132396583,genic,MYC,127736068,False,2e-06,0.0038048205140401,4e-05,0.004158902939737,132396187,4660.119
chr8,132404355,132404855,genic|chr8:132404355-132404855,genic,MYC,127736068,False,1e-06,0.0038481338352893,1e-06,0.0039738803881346,132404605,4668.537
chr8,132405645,132406145,genic|chr8:132405645-132406145,genic,MYC,127736068,False,1e-06,0.0038143743928239,1e-06,0.0039390221410471,132405895,4669.827
chr8,132415292,132415792,genic|chr8:132415292-132415792,genic,MYC,127736068,False,1e-06,0.0038347192005385,1e-06,0.0039600291421866,132415542,4679.474
chr8,132417287,132417787,genic|chr8:132417287-132417787,genic,MYC,127736068,False,1e-06,0.0038958539499936,1e-06,0.0039715363883704,132417537,4681.469
chr8,132424129,132425026,genic|chr8:132424129-132425026,genic,MYC,127736068,False,1e-06,0.0040022183005002,5.3e-05,0.0043201311558289,132424577,4688.509
chr8,132426905,132427405,genic|chr8:132426905-132427405,genic,MYC,127736068,False,1e-06,0.0040127050824643,1.6e-05,0.0044118011028269,132427155,4691.087
chr8,132428845,132429345,genic|chr8:132428845-132429345,genic,MYC,127736068,False,1e-06,0.0040391610832912,1.6e-05,0.0044152569717619,132429095,4693.027
chr8,132445629,132446129,genic|chr8:132445629-132446129,genic,MYC,127736068,False,1e-06,0.0040320694416989,1.8e-05,0.0043416813252434,132445879,4709.811
chr8,132446730,132447230,genic|chr8:132446730-132447230,genic,MYC,127736068,False,1e-06,0.0040939247587978,2.9e-05,0.0043601607044441,132446980,4710.912
chr8,132449058,132449558,genic|chr8:132449058-132449558,genic,MYC,127736068,False,1e-06,0.0040529273879008,1.4e-05,0.0043967255434798,132449308,4713.24
chr8,132451397,132451897,genic|chr8:132451397-132451897,genic,MYC,127736068,False,1e-06,0.004040646427104,1e-06,0.0041652762635927,132451647,4715.579
chr8,132457923,132458423,genic|chr8:132457923-132458423,genic,MYC,127736068,False,1e-06,0.003399458863194,1.9e-05,0.0036719447074481,132458173,4722.105
chr8,132464617,132465117,genic|chr8:132464617-132465117,genic,MYC,127736068,False,1e-06,0.0034013637709578,1e-06,0.0035125625714255,132464867,4728.799
chr8,132478566,132479066,genic|chr8:132478566-132479066,genic,MYC,127736068,False,5.3e-05,0.0041499596279234,6.7e-05,0.0043187648534037,132478816,4742.748
chr8,132480507,132481007,promoter|chr8:132480507-132481007,promoter,MYC,127736068,False,1.8e-05,0.0109128427223281,2e-06,0.0106813012511421,132480757,4744.689
chr8,132487739,132488239,intergenic|chr8:132487739-132488239,intergenic,MYC,127736068,False,1e-06,0.0038887570089281,1.6e-05,0.0042121538247277,132487989,4751.921
chr8,132489478,132489978,intergenic|chr8:132489478-132489978,intergenic,MYC,127736068,False,3e-06,0.0037617766148882,7.1e-05,0.0040279091895749,132489728,4753.66
chr8,132495358,132496299,intergenic|chr8:132495358-132496299,intergenic,MYC,127736068,False,2e-06,0.0036815889228514,2e-06,0.0038019140115379,132495828,4759.76
chr8,132496391,132496891,intergenic|chr8:132496391-132496891,intergenic,MYC,127736068,False,1e-06,0.0038264881620834,1e-06,0.0039400233914426,132496641,4760.573
chr8,132505487,132505987,intergenic|chr8:132505487-132505987,intergenic,MYC,127736068,False,1e-06,0.0039052275524574,1e-06,0.0038769777745876,132505737,4769.669
chr8,132507546,132508046,intergenic|chr8:132507546-132508046,intergenic,MYC,127736068,False,3e-06,0.0037263787806212,2e-06,0.0038473445600699,132507796,4771.728
chr8,132516825,132517325,intergenic|chr8:132516825-132517325,intergenic,MYC,127736068,False,1e-06,0.0036983372542697,1e-06,0.0038192076290888,132517075,4781.007
chr8,132518554,132519054,intergenic|chr8:132518554-132519054,intergenic,MYC,127736068,False,1e-06,0.0037674475737138,1e-06,0.0038114703961959,132518804,4782.736
chr8,132523921,132524421,intergenic|chr8:132523921-132524421,intergenic,MYC,127736068,False,1e-06,0.0038006445742293,1e-06,0.0039793884331678,132524171,4788.103
chr8,132524630,132525130,intergenic|chr8:132524630-132525130,intergenic,MYC,127736068,False,1e-06,0.0038396617177782,1e-06,0.0039650889962865,132524880,4788.812
chr8,132528711,132529211,intergenic|chr8:132528711-132529211,intergenic,MYC,127736068,False,1e-06,0.0039537136123962,1e-06,0.0041250718300449,132528961,4792.893
chr8,132530561,132531567,intergenic|chr8:132530561-132531567,intergenic,MYC,127736068,False,2e-06,0.0037312746922785,0.000121,0.004275295117166,132531064,4794.996
chr8,132541653,132542153,intergenic|chr8:132541653-132542153,intergenic,MYC,127736068,False,1e-06,0.003767787817057,1e-06,0.0039354972312784,132541903,4805.835
chr8,132542856,132543356,intergenic|chr8:132542856-132543356,intergenic,MYC,127736068,False,1e-06,0.0037899263978025,1e-06,0.0039536398447594,132543106,4807.038
chr8,132543428,132543928,intergenic|chr8:132543428-132543928,intergenic,MYC,127736068,False,1e-06,0.0037968359658071,1e-06,0.0039209128416452,132543678,4807.61
chr8,132553657,132554157,intergenic|chr8:132553657-132554157,intergenic,MYC,127736068,False,1e-06,0.003753071923504,1e-06,0.0038757241974133,132553907,4817.839
chr8,132554747,132555247,intergenic|chr8:132554747-132555247,intergenic,MYC,127736068,False,1e-06,0.0037220772310041,1e-06,0.0038437204908647,132554997,4818.929
chr8,132561229,132561729,promoter|chr8:132561229-132561729,promoter,MYC,127736068,False,1e-06,0.0085791998121878,1e-06,0.0088581699911707,132561479,4825.411
chr8,132566993,132567493,intergenic|chr8:132566993-132567493,intergenic,MYC,127736068,False,1e-06,0.0035449534366186,1.3e-05,0.00382022674895,132567243,4831.175
chr8,132567995,132568495,intergenic|chr8:132567995-132568495,intergenic,MYC,127736068,False,1e-06,0.0035274894185221,1.6e-05,0.0038038327804974,132568245,4832.177
chr8,132581726,132582226,genic|chr8:132581726-132582226,genic,MYC,127736068,False,1e-06,0.0031057922328362,2e-06,0.0032080412188074,132581976,4845.908
chr8,132607002,132607502,genic|chr8:132607002-132607502,genic,MYC,127736068,False,2e-06,0.0031071847480771,1e-06,0.0032081148959971,132607252,4871.184
chr8,132612672,132613172,genic|chr8:132612672-132613172,genic,MYC,127736068,False,1e-06,0.0031084221629811,3.6e-05,0.0034729549393191,132612922,4876.854
chr8,132619887,132620387,genic|chr8:132619887-132620387,genic,MYC,127736068,False,1e-06,0.0031102269274548,1e-06,0.0032119384364897,132620137,4884.069
chr8,132627720,132628220,genic|chr8:132627720-132628220,genic,MYC,127736068,False,1e-06,0.0031119935565593,1.6e-05,0.0033507920320919,132627970,4891.902
chr8,132651360,132652053,genic|chr8:132651360-132652053,genic,MYC,127736068,False,3e-06,0.0031139831764444,4e-06,0.0032165008181052,132651706,4915.638
chr8,132657339,132657839,genic|chr8:132657339-132657839,genic,MYC,127736068,False,1e-06,0.0036016339396497,2e-06,0.0037560880082982,132657589,4921.521
chr8,132658750,132659250,genic|chr8:132658750-132659250,genic,MYC,127736068,False,1e-06,0.0035255447404546,2e-06,0.0037655788436425,132659000,4922.932
chr8,132675002,132675886,promoter|chr8:132675002-132675886,promoter,MYC,127736068,False,1.9e-05,0.0085928507848505,0.000468,0.01013437312671,132675444,4939.376
chr8,132681216,132681716,intergenic|chr8:132681216-132681716,intergenic,MYC,127736068,False,0.0,0.0029716523325995,1e-06,0.0030694988236049,132681466,4945.398
chr8,132693494,132693994,intergenic|chr8:132693494-132693994,intergenic,MYC,127736068,False,1e-06,0.0029737148508996,1e-06,0.0030709758563025,132693744,4957.676
chr8,132703454,132704615,intergenic|chr8:132703454-132704615,intergenic,MYC,127736068,False,0.000272,0.0032814601097353,2.1e-05,0.0030856498438089,132704034,4967.966
chr8,132711916,132712710,genic|chr8:132711916-132712710,genic,MYC,127736068,False,2e-06,0.0029775404093345,2e-06,0.00307492615102,132712313,4976.245
chr8,132725501,132726001,genic|chr8:132725501-132726001,genic,MYC,127736068,False,1e-06,0.0034936336228017,1e-06,0.0036555557903134,132725751,4989.683
chr8,132729012,132729512,genic|chr8:132729012-132729512,genic,MYC,127736068,False,1e-06,0.0034684996166207,3e-06,0.003556192682506,132729262,4993.194
chr8,132734881,132735381,genic|chr8:132734881-132735381,genic,MYC,127736068,False,1e-06,0.0033676069776617,3e-06,0.0035975454651341,132735131,4999.063
